date,WRESBAL,IORB,SOFR,SOFR99,sofr99_iorb_bps,RPONTSYD,RRPONTSYD,WALCL,WTREGEN,WLCFLPCL,DFEDTARU,DFEDTARL,SOFR1,SOFR25,SOFR75,SOFRVOL,EFFR,EFFR1,EFFR99,EFFRVOL,OBFR,sofr_iorb_bps,sofr_tail_dispersion_bps,sofr_iqr_full_bps,effr_iorb_bps,fdic_n_institutions,fdic_top10_asset_share,fdic_median_cash_ratio,is_month_end,is_quarter_end,is_year_end,weekday,WRESBAL_bn,WRESBAL_tn,is_business_day
2021-08-01,,0.15,,,,,,,,,0.25,0.0,,,,,,,,,,,,,,,,,False,False,False,6,,,False
2021-08-02,,0.15,0.05,0.15,0.0,0.0,921.317,,,,0.25,0.0,0.01,0.05,0.06,986.0,0.1,0.05,0.11,74.0,0.08,-10.0,10.0,13.999999999999998,-4.999999999999999,,,,False,False,False,0,,,True
2021-08-03,,0.15,0.05,0.15,0.0,0.0,909.442,,,,0.25,0.0,0.02,0.05,0.06,974.0,0.1,0.07,0.11,69.0,0.08,-10.0,10.0,13.0,-4.999999999999999,,,,False,False,False,1,,,True
2021-08-04,4005578.0,0.15,0.05,0.15,0.0,0.0,931.755,8235073.0,492668.0,268.0,0.25,0.0,0.02,0.05,0.06,926.0,0.1,0.07,0.11,71.0,0.08,-10.0,10.0,13.0,-4.999999999999999,,,,False,False,False,2,4005.578,4.005578,True
2021-08-05,4005578.0,0.15,0.05,,,0.0,944.335,8235073.0,492668.0,268.0,0.25,0.0,,,,901.0,0.1,0.07,0.11,70.0,0.08,-10.0,,,-4.999999999999999,,,,False,False,False,3,4005.578,4.005578,True
2021-08-06,4005578.0,0.15,0.05,0.15,0.0,0.0,952.134,8235073.0,492668.0,268.0,0.25,0.0,0.02,0.05,0.06,891.0,0.1,0.07,0.11,70.0,0.08,-10.0,10.0,13.0,-4.999999999999999,,,,False,False,False,4,4005.578,4.005578,True
2021-08-07,4005578.0,0.15,,,,,,8235073.0,492668.0,268.0,0.25,0.0,,,,,,,,,,,,,,,,,False,False,False,5,4005.578,4.005578,False
2021-08-08,4005578.0,0.15,,,,,,8235073.0,492668.0,268.0,0.25,0.0,,,,,,,,,,,,,,,,,False,False,False,6,4005.578,4.005578,False
2021-08-09,4005578.0,0.15,0.05,0.15,0.0,0.0,981.765,8235073.0,492668.0,268.0,0.25,0.0,0.02,0.05,0.06,884.0,0.1,0.07,0.11,68.0,0.08,-10.0,10.0,13.0,-4.999999999999999,,,,False,False,False,0,4005.578,4.005578,True
2021-08-10,4005578.0,0.15,0.05,0.15,0.0,0.0,998.654,8235073.0,492668.0,268.0,0.25,0.0,0.01,0.04,0.05,865.0,0.1,0.07,0.11,69.0,0.08,-10.0,10.0,13.999999999999998,-4.999999999999999,,,,False,False,False,1,4005.578,4.005578,True
2021-08-11,4090506.0,0.15,0.05,0.15,0.0,0.0,1000.46,8257159.0,434919.0,289.0,0.25,0.0,0.0,0.04,0.05,904.0,0.1,0.07,0.11,68.0,0.08,-10.0,10.0,15.0,-4.999999999999999,,,,False,False,False,2,4090.506,4.090506,True
2021-08-12,4090506.0,0.15,0.05,0.15,0.0,0.0,1087.342,8257159.0,434919.0,289.0,0.25,0.0,0.0,0.04,0.05,909.0,0.1,0.05,0.11,68.0,0.08,-10.0,10.0,15.0,-4.999999999999999,,,,False,False,False,3,4090.506,4.090506,True
2021-08-13,4090506.0,0.15,0.05,0.15,0.0,0.0,1050.941,8257159.0,434919.0,289.0,0.25,0.0,0.0,0.04,0.05,893.0,0.1,0.07,0.11,65.0,0.08,-10.0,10.0,15.0,-4.999999999999999,,,,False,False,False,4,4090.506,4.090506,True
2021-08-14,4090506.0,0.15,,,,,,8257159.0,434919.0,289.0,0.25,0.0,,,,,,,,,,,,,,,,,False,False,False,5,4090.506,4.090506,False
2021-08-15,4090506.0,0.15,,,,,,8257159.0,434919.0,289.0,0.25,0.0,,,,,,,,,,,,,,,,,False,False,False,6,4090.506,4.090506,False
2021-08-16,4090506.0,0.15,0.05,0.15,0.0,0.0,1036.418,8257159.0,434919.0,289.0,0.25,0.0,0.01,0.05,0.06,906.0,0.1,0.05,0.11,66.0,0.08,-10.0,10.0,13.999999999999998,-4.999999999999999,,,,False,False,False,0,4090.506,4.090506,True
2021-08-17,4090506.0,0.15,0.05,0.15,0.0,0.0,1053.454,8257159.0,434919.0,289.0,0.25,0.0,0.01,0.05,0.05,905.0,0.1,0.05,0.11,64.0,0.08,-10.0,10.0,13.999999999999998,-4.999999999999999,,,,False,False,False,1,4090.506,4.090506,True
2021-08-18,4186711.0,0.15,0.05,0.15,0.0,0.0,1115.656,8342598.0,338808.0,291.0,0.25,0.0,0.0,0.04,0.05,935.0,0.09,0.07,0.11,65.0,0.08,-10.0,10.0,15.0,-6.0,,,,False,False,False,2,4186.711,4.186711,True
2021-08-19,4186711.0,0.15,0.05,0.15,0.0,0.0,1109.938,8342598.0,338808.0,291.0,0.25,0.0,0.0,0.03,0.05,925.0,0.09,0.07,0.11,67.0,0.08,-10.0,10.0,15.0,-6.0,,,,False,False,False,3,4186.711,4.186711,True
2021-08-20,4186711.0,0.15,0.05,0.15,0.0,0.0,1111.905,8342598.0,338808.0,291.0,0.25,0.0,0.0,0.03,0.05,902.0,0.09,0.05,0.11,68.0,0.08,-10.0,10.0,15.0,-6.0,,,,False,False,False,4,4186.711,4.186711,True
2021-08-21,4186711.0,0.15,,,,,,8342598.0,338808.0,291.0,0.25,0.0,,,,,,,,,,,,,,,,,False,False,False,5,4186.711,4.186711,False
2021-08-22,4186711.0,0.15,,,,,,8342598.0,338808.0,291.0,0.25,0.0,,,,,,,,,,,,,,,,,False,False,False,6,4186.711,4.186711,False
2021-08-23,4186711.0,0.15,0.05,0.15,0.0,0.0,1135.697,8342598.0,338808.0,291.0,0.25,0.0,0.0,0.03,0.05,899.0,0.09,0.07,0.11,67.0,0.08,-10.0,10.0,15.0,-6.0,,,,False,False,False,0,4186.711,4.186711,True
2021-08-24,4186711.0,0.15,0.05,0.15,0.0,0.0,1129.737,8342598.0,338808.0,291.0,0.25,0.0,0.0,0.04,0.05,923.0,0.09,0.05,0.1,66.0,0.08,-10.0,10.0,15.0,-6.0,,,,False,False,False,1,4186.711,4.186711,True
2021-08-25,4167748.0,0.15,0.05,0.15,0.0,0.0,1147.089,8332743.0,301430.0,278.0,0.25,0.0,0.0,0.04,0.05,912.0,0.09,0.05,0.1,70.0,0.07,-10.0,10.0,15.0,-6.0,,,,False,False,False,2,4167.748,4.167748,True
2021-08-26,4167748.0,0.15,0.05,0.15,0.0,0.0,1091.792,8332743.0,301430.0,278.0,0.25,0.0,0.01,0.05,0.05,864.0,0.09,0.05,0.1,69.0,0.07,-10.0,10.0,13.999999999999998,-6.0,,,,False,False,False,3,4167.748,4.167748,True
2021-08-27,4167748.0,0.15,0.05,0.15,0.0,0.0,1120.015,8332743.0,301430.0,278.0,0.25,0.0,0.0,0.04,0.05,920.0,0.08,0.05,0.11,71.0,0.07,-10.0,10.0,15.0,-6.999999999999999,,,,False,False,False,4,4167.748,4.167748,True
2021-08-28,4167748.0,0.15,,,,,,8332743.0,301430.0,278.0,0.25,0.0,,,,,,,,,,,,,,,,,False,False,False,5,4167.748,4.167748,False
2021-08-29,4167748.0,0.15,,,,,,8332743.0,301430.0,278.0,0.25,0.0,,,,,,,,,,,,,,,,,False,False,False,6,4167.748,4.167748,False
2021-08-30,4167748.0,0.15,0.05,0.15,0.0,0.0,1140.711,8332743.0,301430.0,278.0,0.25,0.0,0.0,0.04,0.05,885.0,0.08,0.05,0.1,71.0,0.07,-10.0,10.0,15.0,-6.999999999999999,,,,False,False,False,0,4167.748,4.167748,True
2021-08-31,4167748.0,0.15,0.05,0.15,0.0,0.0,1189.616,8332743.0,301430.0,278.0,0.25,0.0,0.02,0.05,0.06,953.0,0.06,0.05,0.1,59.0,0.05,-10.0,10.0,13.0,-9.0,,,,True,False,False,1,4167.748,4.167748,True
2021-09-01,4193981.0,0.15,0.05,0.15,0.0,0.0,1084.115,8349173.0,277650.0,338.0,0.25,0.0,0.02,0.05,0.06,936.0,0.08,0.05,0.1,72.0,0.07,-10.0,10.0,13.0,-6.999999999999999,,,,False,False,False,2,4193.981,4.193981,True
2021-09-02,4193981.0,0.15,0.05,0.15,0.0,0.0,1066.987,8349173.0,277650.0,338.0,0.25,0.0,0.02,0.05,0.06,952.0,0.08,0.05,0.11,69.0,0.07,-10.0,10.0,13.0,-6.999999999999999,,,,False,False,False,3,4193.981,4.193981,True
2021-09-03,4193981.0,0.15,0.05,0.15,0.0,0.0,1074.707,8349173.0,277650.0,338.0,0.25,0.0,0.02,0.05,0.06,883.0,0.08,0.06,0.1,68.0,0.07,-10.0,10.0,13.0,-6.999999999999999,,,,False,False,False,4,4193.981,4.193981,True
2021-09-04,4193981.0,0.15,,,,,,8349173.0,277650.0,338.0,0.25,0.0,,,,,,,,,,,,,,,,,False,False,False,5,4193.981,4.193981,False
2021-09-05,4193981.0,0.15,,,,,,8349173.0,277650.0,338.0,0.25,0.0,,,,,,,,,,,,,,,,,False,False,False,6,4193.981,4.193981,False
2021-09-06,4193981.0,0.15,,,,,,8349173.0,277650.0,338.0,0.25,0.0,,,,,,,,,,,,,,,,,False,False,False,0,4193.981,4.193981,False
2021-09-07,4193981.0,0.15,0.05,0.15,0.0,0.0,1079.945,8349173.0,277650.0,338.0,0.25,0.0,0.01,0.05,0.06,945.0,0.08,0.05,0.1,71.0,0.07,-10.0,10.0,13.999999999999998,-6.999999999999999,,,,False,False,False,1,4193.981,4.193981,True
2021-09-08,4250506.0,0.15,0.05,0.15,0.0,0.0,1115.229,8357314.0,253496.0,245.0,0.25,0.0,0.01,0.05,0.05,896.0,0.08,0.05,0.1,70.0,0.07,-10.0,10.0,13.999999999999998,-6.999999999999999,,,,False,False,False,2,4250.506,4.250506,True
2021-09-09,4250506.0,0.15,0.05,0.15,0.0,0.0,1107.659,8357314.0,253496.0,245.0,0.25,0.0,0.01,0.05,0.05,917.0,0.08,0.05,0.09,70.0,0.07,-10.0,10.0,13.999999999999998,-6.999999999999999,,,,False,False,False,3,4250.506,4.250506,True
2021-09-10,4250506.0,0.15,0.05,0.15,0.0,0.0,1099.323,8357314.0,253496.0,245.0,0.25,0.0,0.02,0.05,0.06,891.0,0.08,0.06,0.09,67.0,0.07,-10.0,10.0,13.0,-6.999999999999999,,,,False,False,False,4,4250.506,4.250506,True
2021-09-11,4250506.0,0.15,,,,,,8357314.0,253496.0,245.0,0.25,0.0,,,,,,,,,,,,,,,,,False,False,False,5,4250.506,4.250506,False
2021-09-12,4250506.0,0.15,,,,,,8357314.0,253496.0,245.0,0.25,0.0,,,,,,,,,,,,,,,,,False,False,False,6,4250.506,4.250506,False
2021-09-13,4250506.0,0.15,0.05,0.15,0.0,0.0,1087.108,8357314.0,253496.0,245.0,0.25,0.0,0.01,0.05,0.05,914.0,0.08,0.05,0.09,67.0,0.07,-10.0,10.0,13.999999999999998,-6.999999999999999,,,,False,False,False,0,4250.506,4.250506,True
2021-09-14,4250506.0,0.15,0.05,0.15,0.0,0.0,1169.28,8357314.0,253496.0,245.0,0.25,0.0,0.01,0.04,0.05,893.0,0.08,0.05,0.09,69.0,0.07,-10.0,10.0,13.999999999999998,-6.999999999999999,,,,False,False,False,1,4250.506,4.250506,True
2021-09-15,4271184.0,0.15,0.05,0.15,0.0,0.0,1081.342,8448770.0,230328.0,243.0,0.25,0.0,0.02,0.05,0.06,942.0,0.08,0.05,0.09,69.0,0.07,-10.0,10.0,13.0,-6.999999999999999,,,,False,False,False,2,4271.184,4.271184,True
2021-09-16,4271184.0,0.15,0.05,0.15,0.0,0.0,1147.494,8448770.0,230328.0,243.0,0.25,0.0,0.02,0.05,0.05,905.0,0.08,0.05,0.09,66.0,0.07,-10.0,10.0,13.0,-6.999999999999999,,,,False,False,False,3,4271.184,4.271184,True
2021-09-17,4271184.0,0.15,0.05,0.15,0.0,0.0,1218.303,8448770.0,230328.0,243.0,0.25,0.0,0.01,0.04,0.05,884.0,0.08,0.05,0.1,64.0,0.07,-10.0,10.0,13.999999999999998,-6.999999999999999,,,,False,False,False,4,4271.184,4.271184,True
2021-09-18,4271184.0,0.15,,,,,,8448770.0,230328.0,243.0,0.25,0.0,,,,,,,,,,,,,,,,,False,False,False,5,4271.184,4.271184,False
2021-09-19,4271184.0,0.15,,,,,,8448770.0,230328.0,243.0,0.25,0.0,,,,,,,,,,,,,,,,,False,False,False,6,4271.184,4.271184,False
2021-09-20,4271184.0,0.15,0.05,0.15,0.0,0.0,1224.289,8448770.0,230328.0,243.0,0.25,0.0,0.0,0.03,0.05,928.0,0.08,0.06,0.1,69.0,0.07,-10.0,10.0,15.0,-6.999999999999999,,,,False,False,False,0,4271.184,4.271184,True
2021-09-21,4271184.0,0.15,0.05,0.15,0.0,0.0,1240.494,8448770.0,230328.0,243.0,0.25,0.0,0.0,0.03,0.05,894.0,0.08,0.06,0.09,70.0,0.07,-10.0,10.0,15.0,-6.999999999999999,,,,False,False,False,1,4271.184,4.271184,True
2021-09-22,4156747.0,0.15,0.05,0.15,0.0,0.0,1283.281,8489824.0,308022.0,382.0,0.25,0.0,0.0,0.03,0.05,879.0,0.08,0.06,0.1,71.0,0.07,-10.0,10.0,15.0,-6.999999999999999,,,,False,False,False,2,4156.747,4.156747,True
2021-09-23,4156747.0,0.15,0.05,0.15,0.0,0.001,1352.483,8489824.0,308022.0,382.0,0.25,0.0,0.0,0.03,0.05,878.0,0.08,0.05,0.1,70.0,0.07,-10.0,10.0,15.0,-6.999999999999999,,,,False,False,False,3,4156.747,4.156747,True
2021-09-24,4156747.0,0.15,0.05,0.15,0.0,0.0,1313.657,8489824.0,308022.0,382.0,0.25,0.0,0.0,0.04,0.05,896.0,0.08,0.06,0.09,69.0,0.07,-10.0,10.0,15.0,-6.999999999999999,,,,False,False,False,4,4156.747,4.156747,True
2021-09-25,4156747.0,0.15,,,,,,8489824.0,308022.0,382.0,0.25,0.0,,,,,,,,,,,,,,,,,False,False,False,5,4156.747,4.156747,False
2021-09-26,4156747.0,0.15,,,,,,8489824.0,308022.0,382.0,0.25,0.0,,,,,,,,,,,,,,,,,False,False,False,6,4156.747,4.156747,False
2021-09-27,4156747.0,0.15,0.05,0.15,0.0,0.0,1297.05,8489824.0,308022.0,382.0,0.25,0.0,0.0,0.04,0.05,927.0,0.08,0.05,0.09,72.0,0.07,-10.0,10.0,15.0,-6.999999999999999,,,,False,False,False,0,4156.747,4.156747,True
2021-09-28,4156747.0,0.15,0.05,0.15,0.0,0.0,1365.185,8489824.0,308022.0,382.0,0.25,0.0,0.0,0.04,0.05,883.0,0.08,0.06,0.09,71.0,0.07,-10.0,10.0,15.0,-6.999999999999999,,,,False,False,False,1,4156.747,4.156747,True
2021-09-29,4125348.0,0.15,0.05,0.15,0.0,0.0,1415.84,8447981.0,197744.0,606.0,0.25,0.0,-0.02,0.03,0.05,872.0,0.08,0.05,0.09,73.0,0.07,-10.0,10.0,17.0,-6.999999999999999,,,,False,False,False,2,4125.348,4.125348,True
2021-09-30,4125348.0,0.15,0.05,0.15,0.0,0.001,1604.881,8447981.0,197744.0,606.0,0.25,0.0,-0.01,0.03,0.05,939.0,0.06,0.05,0.09,52.0,0.06,-10.0,10.0,16.0,-9.0,,,,True,True,False,3,4125.348,4.125348,True
2021-10-01,4125348.0,0.15,0.05,0.15,0.0,0.0,1385.991,8447981.0,197744.0,606.0,0.25,0.0,0.0,0.04,0.05,928.0,0.08,0.06,0.1,68.0,0.07,-10.0,10.0,15.0,-6.999999999999999,,,,False,False,False,4,4125.348,4.125348,True
2021-10-02,4125348.0,0.15,,,,,,8447981.0,197744.0,606.0,0.25,0.0,,,,,,,,,,,,,,,,,False,False,False,5,4125.348,4.125348,False
2021-10-03,4125348.0,0.15,,,,,,8447981.0,197744.0,606.0,0.25,0.0,,,,,,,,,,,,,,,,,False,False,False,6,4125.348,4.125348,False
2021-10-04,4125348.0,0.15,0.05,0.15,0.0,0.001,1399.173,8447981.0,197744.0,606.0,0.25,0.0,0.0,0.04,0.05,925.0,0.08,0.05,0.1,73.0,0.07,-10.0,10.0,15.0,-6.999999999999999,,,,False,False,False,0,4125.348,4.125348,True
2021-10-05,4125348.0,0.15,0.05,0.15,0.0,0.0,1431.18,8447981.0,197744.0,606.0,0.25,0.0,0.0,0.04,0.05,916.0,0.08,0.05,0.09,74.0,0.07,-10.0,10.0,15.0,-6.999999999999999,,,,False,False,False,1,4125.348,4.125348,True
2021-10-06,4130050.0,0.15,0.05,0.15,0.0,0.0,1451.175,8464032.0,135582.0,389.0,0.25,0.0,0.0,0.04,0.05,902.0,0.08,0.05,0.09,75.0,0.07,-10.0,10.0,15.0,-6.999999999999999,,,,False,False,False,2,4130.05,4.13005,True
2021-10-07,4130050.0,0.15,0.05,0.15,0.0,0.0,1375.863,8464032.0,135582.0,389.0,0.25,0.0,0.0,0.04,0.05,911.0,0.08,0.05,0.09,77.0,0.07,-10.0,10.0,15.0,-6.999999999999999,,,,False,False,False,3,4130.05,4.13005,True
2021-10-08,4130050.0,0.15,0.05,0.15,0.0,0.0,1371.958,8464032.0,135582.0,389.0,0.25,0.0,0.0,0.04,0.05,887.0,0.08,0.05,0.09,77.0,0.07,-10.0,10.0,15.0,-6.999999999999999,,,,False,False,False,4,4130.05,4.13005,True
2021-10-09,4130050.0,0.15,,,,,,8464032.0,135582.0,389.0,0.25,0.0,,,,,,,,,,,,,,,,,False,False,False,5,4130.05,4.13005,False
2021-10-10,4130050.0,0.15,,,,,,8464032.0,135582.0,389.0,0.25,0.0,,,,,,,,,,,,,,,,,False,False,False,6,4130.05,4.13005,False
2021-10-11,4130050.0,0.15,,,,,,8464032.0,135582.0,389.0,0.25,0.0,,,,,,,,,,,,,,,,,False,False,False,0,4130.05,4.13005,False
2021-10-12,4130050.0,0.15,0.05,0.15,0.0,0.0,1367.051,8464032.0,135582.0,389.0,0.25,0.0,-0.01,0.03,0.05,925.0,0.08,0.05,0.09,76.0,0.07,-10.0,10.0,16.0,-6.999999999999999,,,,False,False,False,1,4130.05,4.13005,True
2021-10-13,4194503.0,0.15,0.05,0.15,0.0,0.0,1364.701,8480942.0,77858.0,418.0,0.25,0.0,-0.01,0.03,0.05,907.0,0.08,0.05,0.09,73.0,0.07,-10.0,10.0,16.0,-6.999999999999999,,,,False,False,False,2,4194.503,4.194503,True
2021-10-14,4194503.0,0.15,0.05,0.15,0.0,0.002,1445.66,8480942.0,77858.0,418.0,0.25,0.0,-0.03,0.03,0.05,873.0,0.08,0.05,0.09,72.0,0.07,-10.0,10.0,18.0,-6.999999999999999,,,,False,False,False,3,4194.503,4.194503,True
2021-10-15,4194503.0,0.15,0.05,0.15,0.0,0.0,1462.297,8480942.0,77858.0,418.0,0.25,0.0,-0.01,0.02,0.05,889.0,0.08,0.05,0.09,73.0,0.07,-10.0,10.0,16.0,-6.999999999999999,,,,False,False,False,4,4194.503,4.194503,True
2021-10-16,4194503.0,0.15,,,,,,8480942.0,77858.0,418.0,0.25,0.0,,,,,,,,,,,,,,,,,False,False,False,5,4194.503,4.194503,False
2021-10-17,4194503.0,0.15,,,,,,8480942.0,77858.0,418.0,0.25,0.0,,,,,,,,,,,,,,,,,False,False,False,6,4194.503,4.194503,False
2021-10-18,4194503.0,0.15,0.05,0.15,0.0,0.0,1477.114,8480942.0,77858.0,418.0,0.25,0.0,-0.02,0.01,0.05,879.0,0.08,0.05,0.09,71.0,0.07,-10.0,10.0,17.0,-6.999999999999999,,,,False,False,False,0,4194.503,4.194503,True
2021-10-19,4194503.0,0.15,0.03,0.15,0.0,0.0,1470.739,8480942.0,77858.0,418.0,0.25,0.0,-0.03,0.01,0.05,875.0,0.08,0.05,0.1,70.0,0.07,-12.0,12.0,18.0,-6.999999999999999,,,,False,False,False,1,4194.503,4.194503,True
2021-10-20,4134714.0,0.15,0.03,0.15,0.0,0.0,1493.961,8564943.0,83386.0,606.0,0.25,0.0,-0.04,0.0,0.05,857.0,0.08,0.06,0.15,72.0,0.07,-12.0,12.0,19.0,-6.999999999999999,,,,False,False,False,2,4134.714,4.134714,True
2021-10-21,4134714.0,0.15,0.03,0.15,0.0,0.0,1458.605,8564943.0,83386.0,606.0,0.25,0.0,-0.05,0.0,0.05,879.0,0.08,0.05,0.12,75.0,0.07,-12.0,12.0,20.0,-6.999999999999999,,,,False,False,False,3,4134.714,4.134714,True
2021-10-22,4134714.0,0.15,0.05,0.15,0.0,0.0,1403.02,8564943.0,83386.0,606.0,0.25,0.0,-0.03,0.02,0.05,863.0,0.08,0.05,0.1,74.0,0.07,-10.0,10.0,18.0,-6.999999999999999,,,,False,False,False,4,4134.714,4.134714,True
2021-10-23,4134714.0,0.15,,,,,,8564943.0,83386.0,606.0,0.25,0.0,,,,,,,,,,,,,,,,,False,False,False,5,4134.714,4.134714,False
2021-10-24,4134714.0,0.15,,,,,,8564943.0,83386.0,606.0,0.25,0.0,,,,,,,,,,,,,,,,,False,False,False,6,4134.714,4.134714,False
2021-10-25,4134714.0,0.15,0.04,0.15,0.0,0.001,1413.188,8564943.0,83386.0,606.0,0.25,0.0,-0.03,0.02,0.05,858.0,0.08,0.06,0.1,78.0,0.07,-10.999999999999998,10.999999999999998,18.0,-6.999999999999999,,,,False,False,False,0,4134.714,4.134714,True
2021-10-26,4134714.0,0.15,0.05,0.15,0.0,0.0,1423.198,8564943.0,83386.0,606.0,0.25,0.0,-0.03,0.02,0.05,877.0,0.08,0.05,0.1,77.0,0.07,-10.0,10.0,18.0,-6.999999999999999,,,,False,False,False,1,4134.714,4.134714,True
2021-10-27,4077170.0,0.15,0.05,0.15,0.0,0.0,1433.37,8556181.0,213291.0,605.0,0.25,0.0,-0.03,0.02,0.05,865.0,0.08,0.06,0.1,78.0,0.07,-10.0,10.0,18.0,-6.999999999999999,,,,False,False,False,2,4077.17,4.07717,True
2021-10-28,4077170.0,0.15,0.05,0.15,0.0,0.0,1384.684,8556181.0,213291.0,605.0,0.25,0.0,-0.03,0.02,0.05,871.0,0.08,0.06,0.11,84.0,0.07,-10.0,10.0,18.0,-6.999999999999999,,,,False,False,False,3,4077.17,4.07717,True
2021-10-29,4077170.0,0.15,0.05,0.15,0.0,0.0,1502.296,8556181.0,213291.0,605.0,0.25,0.0,-0.03,0.02,0.05,847.0,0.07,0.05,0.15,70.0,0.06,-10.0,10.0,18.0,-7.999999999999999,,,,False,False,False,4,4077.17,4.07717,True
2021-10-30,4077170.0,0.15,,,,,,8556181.0,213291.0,605.0,0.25,0.0,,,,,,,,,,,,,,,,,False,False,False,5,4077.17,4.07717,False
2021-10-31,4077170.0,0.15,,,,,,8556181.0,213291.0,605.0,0.25,0.0,,,,,,,,,,,,,,,,,True,False,False,6,4077.17,4.07717,False
2021-11-01,4077170.0,0.15,0.05,0.15,0.0,0.0,1358.606,8556181.0,213291.0,605.0,0.25,0.0,-0.02,0.03,0.05,959.0,0.08,0.05,0.12,78.0,0.07,-10.0,10.0,17.0,-6.999999999999999,,,,False,False,False,0,4077.17,4.07717,True
2021-11-02,4077170.0,0.15,0.05,0.15,0.0,0.0,1329.913,8556181.0,213291.0,605.0,0.25,0.0,-0.01,0.04,0.05,910.0,0.08,0.05,0.1,78.0,0.07,-10.0,10.0,16.0,-6.999999999999999,,,,False,False,False,1,4077.17,4.07717,True
2021-11-03,4086336.0,0.15,0.05,0.15,0.0,0.0,1343.985,8574871.0,280205.0,259.0,0.25,0.0,0.0,0.04,0.05,877.0,0.08,0.05,0.09,75.0,0.07,-10.0,10.0,15.0,-6.999999999999999,,,,False,False,False,2,4086.336,4.086336,True
2021-11-04,4086336.0,0.15,0.05,0.15,0.0,0.0,1348.539,8574871.0,280205.0,259.0,0.25,0.0,-0.01,0.04,0.05,925.0,0.08,0.05,0.1,76.0,0.07,-10.0,10.0,16.0,-6.999999999999999,,,,False,False,False,3,4086.336,4.086336,True
2021-11-05,4086336.0,0.15,0.05,0.15,0.0,0.0,1354.059,8574871.0,280205.0,259.0,0.25,0.0,0.0,0.04,0.05,875.0,0.08,0.04,0.1,79.0,0.07,-10.0,10.0,15.0,-6.999999999999999,,,,False,False,False,4,4086.336,4.086336,True
2021-11-06,4086336.0,0.15,,,,,,8574871.0,280205.0,259.0,0.25,0.0,,,,,,,,,,,,,,,,,False,False,False,5,4086.336,4.086336,False
2021-11-07,4086336.0,0.15,,,,,,8574871.0,280205.0,259.0,0.25,0.0,,,,,,,,,,,,,,,,,False,False,False,6,4086.336,4.086336,False
2021-11-08,4086336.0,0.15,0.05,0.15,0.0,0.0,1354.382,8574871.0,280205.0,259.0,0.25,0.0,0.0,0.04,0.05,907.0,0.08,0.06,0.1,76.0,0.07,-10.0,10.0,15.0,-6.999999999999999,,,,False,False,False,0,4086.336,4.086336,True
2021-11-09,4086336.0,0.15,0.05,0.15,0.0,0.0,1377.197,8574871.0,280205.0,259.0,0.25,0.0,0.0,0.04,0.05,908.0,0.08,0.06,0.1,75.0,0.07,-10.0,10.0,15.0,-6.999999999999999,,,,False,False,False,1,4086.336,4.086336,True
2021-11-10,4169041.0,0.15,0.05,0.15,0.0,0.0,1448.623,8663117.0,259293.0,449.0,0.25,0.0,0.0,0.04,0.05,871.0,0.08,0.05,0.09,72.0,0.07,-10.0,10.0,15.0,-6.999999999999999,,,,False,False,False,2,4169.041,4.169041,True
2021-11-11,4169041.0,0.15,,,,,,8663117.0,259293.0,449.0,0.25,0.0,,,,,,,,,,,,,,,,,False,False,False,3,4169.041,4.169041,False
2021-11-12,4169041.0,0.15,0.05,0.15,0.0,0.0,1417.643,8663117.0,259293.0,449.0,0.25,0.0,0.0,0.04,0.05,868.0,0.08,0.05,0.09,74.0,0.07,-10.0,10.0,15.0,-6.999999999999999,,,,False,False,False,4,4169.041,4.169041,True
2021-11-13,4169041.0,0.15,,,,,,8663117.0,259293.0,449.0,0.25,0.0,,,,,,,,,,,,,,,,,False,False,False,5,4169.041,4.169041,False
2021-11-14,4169041.0,0.15,,,,,,8663117.0,259293.0,449.0,0.25,0.0,,,,,,,,,,,,,,,,,False,False,False,6,4169.041,4.169041,False
2021-11-15,4169041.0,0.15,0.05,0.15,0.0,0.0,1391.657,8663117.0,259293.0,449.0,0.25,0.0,0.0,0.04,0.05,958.0,0.08,0.05,0.09,77.0,0.07,-10.0,10.0,15.0,-6.999999999999999,,,,False,False,False,0,4169.041,4.169041,True
2021-11-16,4169041.0,0.15,0.05,0.15,0.0,0.0,1466.857,8663117.0,259293.0,449.0,0.25,0.0,-0.01,0.04,0.05,924.0,0.08,0.05,0.09,76.0,0.07,-10.0,10.0,16.0,-6.999999999999999,,,,False,False,False,1,4169.041,4.169041,True
2021-11-17,4209802.0,0.15,0.05,0.15,0.0,0.0,1520.0,8674970.0,211453.0,355.0,0.25,0.0,-0.01,0.03,0.05,893.0,0.08,0.05,0.09,74.0,0.07,-10.0,10.0,16.0,-6.999999999999999,,,,False,False,False,2,4209.802,4.209802,True
2021-11-18,4209802.0,0.15,0.05,0.15,0.0,0.0,1584.097,8674970.0,211453.0,355.0,0.25,0.0,-0.01,0.03,0.05,898.0,0.08,0.06,0.1,77.0,0.07,-10.0,10.0,16.0,-6.999999999999999,,,,False,False,False,3,4209.802,4.209802,True
2021-11-19,4209802.0,0.15,0.05,0.15,0.0,0.0,1575.384,8674970.0,211453.0,355.0,0.25,0.0,-0.01,0.03,0.05,895.0,0.08,0.06,0.1,74.0,0.07,-10.0,10.0,16.0,-6.999999999999999,,,,False,False,False,4,4209.802,4.209802,True
2021-11-20,4209802.0,0.15,,,,,,8674970.0,211453.0,355.0,0.25,0.0,,,,,,,,,,,,,,,,,False,False,False,5,4209.802,4.209802,False
2021-11-21,4209802.0,0.15,,,,,,8674970.0,211453.0,355.0,0.25,0.0,,,,,,,,,,,,,,,,,False,False,False,6,4209.802,4.209802,False
2021-11-22,4209802.0,0.15,0.05,0.15,0.0,0.0,1573.769,8674970.0,211453.0,355.0,0.25,0.0,-0.01,0.03,0.05,930.0,0.08,0.06,0.12,74.0,0.07,-10.0,10.0,16.0,-6.999999999999999,,,,False,False,False,0,4209.802,4.209802,True
2021-11-23,4209802.0,0.15,0.05,0.15,0.0,0.0,1571.98,8674970.0,211453.0,355.0,0.25,0.0,-0.01,0.03,0.05,920.0,0.08,0.06,0.12,74.0,0.07,-10.0,10.0,16.0,-6.999999999999999,,,,False,False,False,1,4209.802,4.209802,True
2021-11-24,4162810.0,0.15,0.05,0.15,0.0,0.0,1452.897,8681771.0,164087.0,315.0,0.25,0.0,0.0,0.04,0.05,887.0,0.08,0.06,0.12,79.0,0.07,-10.0,10.0,15.0,-6.999999999999999,,,,False,False,False,2,4162.81,4.16281,True
2021-11-25,4162810.0,0.15,,,,,,8681771.0,164087.0,315.0,0.25,0.0,,,,,,,,,,,,,,,,,False,False,False,3,4162.81,4.16281,False
2021-11-26,4162810.0,0.15,0.05,0.15,0.0,0.0,1451.108,8681771.0,164087.0,315.0,0.25,0.0,0.0,0.04,0.06,895.0,0.08,0.06,0.11,85.0,0.07,-10.0,10.0,15.0,-6.999999999999999,,,,False,False,False,4,4162.81,4.16281,True
2021-11-27,4162810.0,0.15,,,,,,8681771.0,164087.0,315.0,0.25,0.0,,,,,,,,,,,,,,,,,False,False,False,5,4162.81,4.16281,False
2021-11-28,4162810.0,0.15,,,,,,8681771.0,164087.0,315.0,0.25,0.0,,,,,,,,,,,,,,,,,False,False,False,6,4162.81,4.16281,False
2021-11-29,4162810.0,0.15,0.05,0.15,0.0,0.0,1459.339,8681771.0,164087.0,315.0,0.25,0.0,0.0,0.04,0.05,953.0,0.08,0.06,0.12,85.0,0.07,-10.0,10.0,15.0,-6.999999999999999,,,,False,False,False,0,4162.81,4.16281,True
2021-11-30,4162810.0,0.15,0.05,0.13,-1.9999999999999991,0.0,1517.956,8681771.0,164087.0,315.0,0.25,0.0,0.0,0.04,0.06,1067.0,0.07,0.05,0.12,77.0,0.07,-10.0,8.0,13.0,-7.999999999999999,,,,True,False,False,1,4162.81,4.16281,True
2021-12-01,4224865.0,0.15,0.05,0.14,-0.9999999999999981,0.0,1427.347,8650402.0,152651.0,429.0,0.25,0.0,0.0,0.05,0.06,1088.0,0.08,0.06,0.12,76.0,0.07,-10.0,9.000000000000002,14.000000000000002,-6.999999999999999,,,,False,False,False,2,4224.865,4.224865,True
2021-12-02,4224865.0,0.15,0.05,0.15,0.0,0.0,1448.585,8650402.0,152651.0,429.0,0.25,0.0,0.0,0.04,0.06,1031.0,0.08,0.06,0.17,78.0,0.07,-10.0,10.0,15.0,-6.999999999999999,,,,False,False,False,3,4224.865,4.224865,True
2021-12-03,4224865.0,0.15,0.05,0.14,-0.9999999999999981,0.0,1475.464,8650402.0,152651.0,429.0,0.25,0.0,0.0,0.04,0.06,1015.0,0.08,0.06,0.17,77.0,0.07,-10.0,9.000000000000002,14.000000000000002,-6.999999999999999,,,,False,False,False,4,4224.865,4.224865,True
2021-12-04,4224865.0,0.15,,,,,,8650402.0,152651.0,429.0,0.25,0.0,,,,,,,,,,,,,,,,,False,False,False,5,4224.865,4.224865,False
2021-12-05,4224865.0,0.15,,,,,,8650402.0,152651.0,429.0,0.25,0.0,,,,,,,,,,,,,,,,,False,False,False,6,4224.865,4.224865,False
2021-12-06,4224865.0,0.15,0.05,0.14,-0.9999999999999981,0.0,1487.996,8650402.0,152651.0,429.0,0.25,0.0,0.0,0.04,0.06,994.0,0.08,0.06,0.2,74.0,0.07,-10.0,9.000000000000002,14.000000000000002,-6.999999999999999,,,,False,False,False,0,4224.865,4.224865,True
2021-12-07,4224865.0,0.15,0.05,0.15,0.0,0.0,1455.038,8650402.0,152651.0,429.0,0.25,0.0,0.0,0.04,0.06,989.0,0.08,0.06,0.2,74.0,0.07,-10.0,10.0,15.0,-6.999999999999999,,,,False,False,False,1,4224.865,4.224865,True
2021-12-08,4275806.0,0.15,0.05,0.15,0.0,0.001,1484.192,8664524.0,115117.0,378.0,0.25,0.0,0.0,0.05,0.06,978.0,0.08,0.06,0.17,76.0,0.07,-10.0,10.0,15.0,-6.999999999999999,,,,False,False,False,2,4275.806,4.275806,True
2021-12-09,4275806.0,0.15,0.05,0.15,0.0,0.0,1500.027,8664524.0,115117.0,378.0,0.25,0.0,0.0,0.04,0.06,973.0,0.08,0.06,0.2,76.0,0.07,-10.0,10.0,15.0,-6.999999999999999,,,,False,False,False,3,4275.806,4.275806,True
2021-12-10,4275806.0,0.15,0.05,0.15,0.0,0.001,1507.147,8664524.0,115117.0,378.0,0.25,0.0,0.0,0.04,0.06,919.0,0.08,0.06,0.17,74.0,0.07,-10.0,10.0,15.0,-6.999999999999999,,,,False,False,False,4,4275.806,4.275806,True
2021-12-11,4275806.0,0.15,,,,,,8664524.0,115117.0,378.0,0.25,0.0,,,,,,,,,,,,,,,,,False,False,False,5,4275.806,4.275806,False
2021-12-12,4275806.0,0.15,,,,,,8664524.0,115117.0,378.0,0.25,0.0,,,,,,,,,,,,,,,,,False,False,False,6,4275.806,4.275806,False
2021-12-13,4275806.0,0.15,0.05,0.15,0.0,0.0,1599.768,8664524.0,115117.0,378.0,0.25,0.0,-0.01,0.03,0.05,936.0,0.08,0.06,0.2,69.0,0.07,-10.0,10.0,16.0,-6.999999999999999,,,,False,False,False,0,4275.806,4.275806,True
2021-12-14,4275806.0,0.15,0.05,0.15,0.0,0.0,1584.488,8664524.0,115117.0,378.0,0.25,0.0,-0.01,0.03,0.05,919.0,0.08,0.06,0.11,73.0,0.07,-10.0,10.0,16.0,-6.999999999999999,,,,False,False,False,1,4275.806,4.275806,True
2021-12-15,4251431.0,0.15,0.05,0.15,0.0,0.0,1621.097,8756666.0,104798.0,469.0,0.25,0.0,-0.01,0.03,0.05,959.0,0.08,0.06,0.1,74.0,0.07,-10.0,10.0,16.0,-6.999999999999999,,,,False,False,False,2,4251.431,4.251431,True
2021-12-16,4251431.0,0.15,0.05,0.15,0.0,0.0,1657.626,8756666.0,104798.0,469.0,0.25,0.0,-0.01,0.02,0.05,914.0,0.08,0.06,0.1,73.0,0.07,-10.0,10.0,16.0,-6.999999999999999,,,,False,False,False,3,4251.431,4.251431,True
2021-12-17,4251431.0,0.15,0.05,0.15,0.0,0.0,1704.586,8756666.0,104798.0,469.0,0.25,0.0,-0.01,0.02,0.05,910.0,0.08,0.06,0.2,71.0,0.07,-10.0,10.0,16.0,-6.999999999999999,,,,False,False,False,4,4251.431,4.251431,True
2021-12-18,4251431.0,0.15,,,,,,8756666.0,104798.0,469.0,0.25,0.0,,,,,,,,,,,,,,,,,False,False,False,5,4251.431,4.251431,False
2021-12-19,4251431.0,0.15,,,,,,8756666.0,104798.0,469.0,0.25,0.0,,,,,,,,,,,,,,,,,False,False,False,6,4251.431,4.251431,False
2021-12-20,4251431.0,0.15,0.04,0.15,0.0,0.0,1758.041,8756666.0,104798.0,469.0,0.25,0.0,-0.02,0.01,0.05,905.0,0.08,0.06,0.2,72.0,0.07,-10.999999999999998,10.999999999999998,17.0,-6.999999999999999,,,,False,False,False,0,4251.431,4.251431,True
2021-12-21,4251431.0,0.15,0.05,0.15,0.0,0.0,1748.285,8756666.0,104798.0,469.0,0.25,0.0,-0.02,0.01,0.05,896.0,0.08,0.06,0.2,69.0,0.07,-10.0,10.0,17.0,-6.999999999999999,,,,False,False,False,1,4251.431,4.251431,True
2021-12-22,4185009.0,0.15,0.05,0.15,0.0,0.0,1699.277,8790495.0,84954.0,733.0,0.25,0.0,-0.02,0.02,0.05,893.0,0.08,0.06,0.2,69.0,0.07,-10.0,10.0,17.0,-6.999999999999999,,,,False,False,False,2,4185.009,4.185009,True
2021-12-23,4185009.0,0.15,0.05,0.15,0.0,0.0,1577.78,8790495.0,84954.0,733.0,0.25,0.0,-0.01,0.03,0.05,880.0,0.08,0.06,0.2,71.0,0.08,-10.0,10.0,16.0,-6.999999999999999,,,,False,False,False,3,4185.009,4.185009,True
2021-12-24,4185009.0,0.15,,,,,,8790495.0,84954.0,733.0,0.25,0.0,,,,,0.08,0.06,0.2,69.0,0.08,,,,-6.999999999999999,,,,False,False,False,4,4185.009,4.185009,False
2021-12-25,4185009.0,0.15,,,,,,8790495.0,84954.0,733.0,0.25,0.0,,,,,,,,,,,,,,,,,False,False,False,5,4185.009,4.185009,False
2021-12-26,4185009.0,0.15,,,,,,8790495.0,84954.0,733.0,0.25,0.0,,,,,,,,,,,,,,,,,False,False,False,6,4185.009,4.185009,False
2021-12-27,4185009.0,0.15,0.05,0.15,0.0,0.0,1580.347,8790495.0,84954.0,733.0,0.25,0.0,-0.02,0.02,0.05,888.0,0.08,0.06,0.2,75.0,0.07,-10.0,10.0,17.0,-6.999999999999999,,,,False,False,False,0,4185.009,4.185009,True
2021-12-28,4185009.0,0.15,0.05,0.15,0.0,0.001,1637.064,8790495.0,84954.0,733.0,0.25,0.0,-0.01,0.03,0.05,844.0,0.08,0.06,0.2,72.0,0.07,-10.0,10.0,16.0,-6.999999999999999,,,,False,False,False,1,4185.009,4.185009,True
2021-12-29,4116196.0,0.15,0.05,0.15,0.0,0.0,1642.506,8757460.0,211849.0,640.0,0.25,0.0,-0.02,0.02,0.05,869.0,0.08,0.06,0.16,71.0,0.07,-10.0,10.0,17.0,-6.999999999999999,,,,False,False,False,2,4116.196,4.116196,True
2021-12-30,4116196.0,0.15,0.05,0.15,0.0,0.001,1696.476,8757460.0,211849.0,640.0,0.25,0.0,-0.02,0.02,0.05,836.0,0.08,0.05,0.1,77.0,0.07,-10.0,10.0,17.0,-6.999999999999999,,,,False,False,False,3,4116.196,4.116196,True
2021-12-31,4116196.0,0.15,0.05,0.15,0.0,0.0,1904.582,8757460.0,211849.0,640.0,0.25,0.0,-0.01,0.03,0.05,923.0,0.07,0.05,0.2,49.0,0.07,-10.0,10.0,16.0,-7.999999999999999,,,,True,True,True,4,4116.196,4.116196,True
2022-01-01,4116196.0,0.15,,,,,,8757460.0,211849.0,640.0,0.25,0.0,,,,,,,,,,,,,,,,,False,False,False,5,4116.196,4.116196,False
2022-01-02,4116196.0,0.15,,,,,,8757460.0,211849.0,640.0,0.25,0.0,,,,,,,,,,,,,,,,,False,False,False,6,4116.196,4.116196,False
2022-01-03,4116196.0,0.15,0.05,0.15,0.0,0.001,1579.526,8757460.0,211849.0,640.0,0.25,0.0,-0.01,0.04,0.06,972.0,0.08,0.06,0.15,74.0,0.07,-10.0,10.0,16.0,-6.999999999999999,,,,False,False,False,0,4116.196,4.116196,True
2022-01-04,4116196.0,0.15,0.05,0.15,0.0,0.002,1495.692,8757460.0,211849.0,640.0,0.25,0.0,0.0,0.05,0.06,976.0,0.08,0.06,0.1,74.0,0.07,-10.0,10.0,15.0,-6.999999999999999,,,,False,False,False,1,4116.196,4.116196,True
2022-01-05,3859731.0,0.15,0.05,0.15,0.0,0.0,1492.787,8765721.0,389751.0,370.0,0.25,0.0,0.0,0.04,0.06,946.0,0.08,0.05,0.1,74.0,0.07,-10.0,10.0,15.0,-6.999999999999999,,,,False,False,False,2,3859.731,3.859731,True
2022-01-06,3859731.0,0.15,0.05,0.15,0.0,0.0,1510.553,8765721.0,389751.0,370.0,0.25,0.0,0.0,0.04,0.06,942.0,0.08,0.06,0.1,73.0,0.07,-10.0,10.0,15.0,-6.999999999999999,,,,False,False,False,3,3859.731,3.859731,True
2022-01-07,3859731.0,0.15,0.05,0.15,0.0,0.0,1530.096,8765721.0,389751.0,370.0,0.25,0.0,0.0,0.04,0.05,929.0,0.08,0.06,0.1,71.0,0.07,-10.0,10.0,15.0,-6.999999999999999,,,,False,False,False,4,3859.731,3.859731,True
2022-01-08,3859731.0,0.15,,,,,,8765721.0,389751.0,370.0,0.25,0.0,,,,,,,,,,,,,,,,,False,False,False,5,3859.731,3.859731,False
2022-01-09,3859731.0,0.15,,,,,,8765721.0,389751.0,370.0,0.25,0.0,,,,,,,,,,,,,,,,,False,False,False,6,3859.731,3.859731,False
2022-01-10,3859731.0,0.15,0.05,0.15,0.0,0.0,1560.421,8765721.0,389751.0,370.0,0.25,0.0,-0.01,0.03,0.05,919.0,0.08,0.06,0.1,71.0,0.07,-10.0,10.0,16.0,-6.999999999999999,,,,False,False,False,0,3859.731,3.859731,True
2022-01-11,3859731.0,0.15,0.05,0.15,0.0,0.001,1527.02,8765721.0,389751.0,370.0,0.25,0.0,-0.01,0.03,0.05,935.0,0.08,0.05,0.1,71.0,0.07,-10.0,10.0,16.0,-6.999999999999999,,,,False,False,False,1,3859.731,3.859731,True
2022-01-12,3973554.0,0.15,0.05,0.15,0.0,0.0,1536.981,8788278.0,456401.0,411.0,0.25,0.0,-0.01,0.03,0.05,891.0,0.08,0.05,0.1,70.0,0.07,-10.0,10.0,16.0,-6.999999999999999,,,,False,False,False,2,3973.554,3.973554,True
2022-01-13,3973554.0,0.15,0.05,0.15,0.0,0.0,1636.742,8788278.0,456401.0,411.0,0.25,0.0,-0.01,0.02,0.05,892.0,0.08,0.06,0.1,71.0,0.07,-10.0,10.0,16.0,-6.999999999999999,,,,False,False,False,3,3973.554,3.973554,True
2022-01-14,3973554.0,0.15,0.05,0.15,0.0,0.0,1598.887,8788278.0,456401.0,411.0,0.25,0.0,-0.02,0.02,0.05,874.0,0.08,0.06,0.1,72.0,0.07,-10.0,10.0,17.0,-6.999999999999999,,,,False,False,False,4,3973.554,3.973554,True
2022-01-15,3973554.0,0.15,,,,,,8788278.0,456401.0,411.0,0.25,0.0,,,,,,,,,,,,,,,,,False,False,False,5,3973.554,3.973554,False
2022-01-16,3973554.0,0.15,,,,,,8788278.0,456401.0,411.0,0.25,0.0,,,,,,,,,,,,,,,,,False,False,False,6,3973.554,3.973554,False
2022-01-17,3973554.0,0.15,,,,,,8788278.0,456401.0,411.0,0.25,0.0,,,,,,,,,,,,,,,,,False,False,False,0,3973.554,3.973554,False
2022-01-18,3973554.0,0.15,0.05,0.15,0.0,0.0,1597.137,8788278.0,456401.0,411.0,0.25,0.0,-0.01,0.03,0.05,954.0,0.08,0.06,0.16,71.0,0.07,-10.0,10.0,16.0,-6.999999999999999,,,,False,False,False,1,3973.554,3.973554,True
2022-01-19,3932521.0,0.15,0.05,0.15,0.0,0.0,1656.576,8867834.0,488697.0,469.0,0.25,0.0,-0.01,0.02,0.05,917.0,0.08,0.06,0.2,73.0,0.07,-10.0,10.0,16.0,-6.999999999999999,,,,False,False,False,2,3932.521,3.932521,True
2022-01-20,3932521.0,0.15,0.04,0.15,0.0,0.0,1678.931,8867834.0,488697.0,469.0,0.25,0.0,-0.02,0.02,0.05,927.0,0.08,0.06,0.2,75.0,0.07,-10.999999999999998,10.999999999999998,17.0,-6.999999999999999,,,,False,False,False,3,3932.521,3.932521,True
2022-01-21,3932521.0,0.15,0.05,0.15,0.0,0.0,1706.127,8867834.0,488697.0,469.0,0.25,0.0,-0.02,0.01,0.05,875.0,0.08,0.06,0.2,76.0,0.07,-10.0,10.0,17.0,-6.999999999999999,,,,False,False,False,4,3932.521,3.932521,True
2022-01-22,3932521.0,0.15,,,,,,8867834.0,488697.0,469.0,0.25,0.0,,,,,,,,,,,,,,,,,False,False,False,5,3932.521,3.932521,False
2022-01-23,3932521.0,0.15,,,,,,8867834.0,488697.0,469.0,0.25,0.0,,,,,,,,,,,,,,,,,False,False,False,6,3932.521,3.932521,False
2022-01-24,3932521.0,0.15,0.04,0.15,0.0,0.0,1614.002,8867834.0,488697.0,469.0,0.25,0.0,-0.03,0.01,0.05,886.0,0.08,0.06,0.2,75.0,0.07,-10.999999999999998,10.999999999999998,18.0,-6.999999999999999,,,,False,False,False,0,3932.521,3.932521,True
2022-01-25,3932521.0,0.15,0.05,0.15,0.0,0.0,1599.502,8867834.0,488697.0,469.0,0.25,0.0,-0.03,0.01,0.05,943.0,0.08,0.06,0.2,78.0,0.07,-10.0,10.0,18.0,-6.999999999999999,,,,False,False,False,1,3932.521,3.932521,True
2022-01-26,3796174.0,0.15,0.04,0.15,0.0,0.0,1613.046,8860485.0,614877.0,345.0,0.25,0.0,-0.02,0.02,0.05,926.0,0.08,0.06,0.2,78.0,0.07,-10.999999999999998,10.999999999999998,17.0,-6.999999999999999,,,,False,False,False,2,3796.174,3.796174,True
2022-01-27,3796174.0,0.15,0.04,0.15,0.0,0.0,1583.895,8860485.0,614877.0,345.0,0.25,0.0,-0.02,0.02,0.05,913.0,0.08,0.06,0.2,80.0,0.07,-10.999999999999998,10.999999999999998,17.0,-6.999999999999999,,,,False,False,False,3,3796.174,3.796174,True
2022-01-28,3796174.0,0.15,0.05,0.15,0.0,0.0,1615.021,8860485.0,614877.0,345.0,0.25,0.0,-0.02,0.01,0.05,908.0,0.08,0.06,0.16,82.0,0.07,-10.0,10.0,17.0,-6.999999999999999,,,,False,False,False,4,3796.174,3.796174,True
2022-01-29,3796174.0,0.15,,,,,,8860485.0,614877.0,345.0,0.25,0.0,,,,,,,,,,,,,,,,,False,False,False,5,3796.174,3.796174,False
2022-01-30,3796174.0,0.15,,,,,,8860485.0,614877.0,345.0,0.25,0.0,,,,,,,,,,,,,,,,,False,False,False,6,3796.174,3.796174,False
2022-01-31,3796174.0,0.15,0.05,0.12,-3.0,0.0,1654.85,8860485.0,614877.0,345.0,0.25,0.0,-0.01,0.02,0.05,1019.0,0.08,0.05,0.1,78.0,0.07,-10.0,6.999999999999999,13.0,-6.999999999999999,,,,True,False,False,0,3796.174,3.796174,True
2022-02-01,3796174.0,0.15,0.05,0.15,0.0,0.0,1584.109,8860485.0,614877.0,345.0,0.25,0.0,0.0,0.03,0.05,985.0,0.08,0.06,0.1,75.0,0.07,-10.0,10.0,15.0,-6.999999999999999,,,,False,False,False,1,3796.174,3.796174,True
2022-02-02,3789714.0,0.15,0.05,0.15,0.0,0.0,1626.895,8873211.0,675773.0,268.0,0.25,0.0,0.0,0.03,0.05,927.0,0.08,0.06,0.1,72.0,0.07,-10.0,10.0,15.0,-6.999999999999999,,,,False,False,False,2,3789.714,3.789714,True
2022-02-03,3789714.0,0.15,0.05,0.15,0.0,0.0,1640.397,8873211.0,675773.0,268.0,0.25,0.0,0.0,0.03,0.05,935.0,0.08,0.06,0.2,72.0,0.07,-10.0,10.0,15.0,-6.999999999999999,,,,False,False,False,3,3789.714,3.789714,True
2022-02-04,3789714.0,0.15,0.05,0.15,0.0,0.0,1642.892,8873211.0,675773.0,268.0,0.25,0.0,0.0,0.03,0.05,891.0,0.08,0.06,0.1,69.0,0.07,-10.0,10.0,15.0,-6.999999999999999,,,,False,False,False,4,3789.714,3.789714,True
2022-02-05,3789714.0,0.15,,,,,,8873211.0,675773.0,268.0,0.25,0.0,,,,,,,,,,,,,,,,,False,False,False,5,3789.714,3.789714,False
2022-02-06,3789714.0,0.15,,,,,,8873211.0,675773.0,268.0,0.25,0.0,,,,,,,,,,,,,,,,,False,False,False,6,3789.714,3.789714,False
2022-02-07,3789714.0,0.15,0.05,0.15,0.0,0.0,1679.932,8873211.0,675773.0,268.0,0.25,0.0,-0.01,0.02,0.05,905.0,0.08,0.06,0.11,72.0,0.07,-10.0,10.0,16.0,-6.999999999999999,,,,False,False,False,0,3789.714,3.789714,True
2022-02-08,3789714.0,0.15,0.05,0.15,0.0,0.0,1674.61,8873211.0,675773.0,268.0,0.25,0.0,-0.02,0.01,0.05,896.0,0.08,0.06,0.11,70.0,0.07,-10.0,10.0,17.0,-6.999999999999999,,,,False,False,False,1,3789.714,3.789714,True
2022-02-09,3771911.0,0.15,0.04,0.15,0.0,0.0,1653.153,8878009.0,686384.0,394.0,0.25,0.0,-0.02,0.01,0.05,911.0,0.08,0.06,0.1,70.0,0.07,-10.999999999999998,10.999999999999998,17.0,-6.999999999999999,,,,False,False,False,2,3771.911,3.771911,True
2022-02-10,3771911.0,0.15,0.05,0.15,0.0,0.0,1634.146,8878009.0,686384.0,394.0,0.25,0.0,-0.02,0.01,0.05,914.0,0.08,0.06,0.11,71.0,0.07,-10.0,10.0,17.0,-6.999999999999999,,,,False,False,False,3,3771.911,3.771911,True
2022-02-11,3771911.0,0.15,0.05,0.15,0.0,0.0,1635.826,8878009.0,686384.0,394.0,0.25,0.0,-0.01,0.02,0.05,903.0,0.08,0.06,0.11,67.0,0.07,-10.0,10.0,16.0,-6.999999999999999,,,,False,False,False,4,3771.911,3.771911,True
2022-02-12,3771911.0,0.15,,,,,,8878009.0,686384.0,394.0,0.25,0.0,,,,,,,,,,,,,,,,,False,False,False,5,3771.911,3.771911,False
2022-02-13,3771911.0,0.15,,,,,,8878009.0,686384.0,394.0,0.25,0.0,,,,,,,,,,,,,,,,,False,False,False,6,3771.911,3.771911,False
2022-02-14,3771911.0,0.15,0.05,0.15,0.0,0.0,1666.232,8878009.0,686384.0,394.0,0.25,0.0,-0.01,0.02,0.05,895.0,0.08,0.06,0.1,63.0,0.07,-10.0,10.0,16.0,-6.999999999999999,,,,False,False,False,0,3771.911,3.771911,True
2022-02-15,3771911.0,0.15,0.05,0.15,0.0,0.0,1608.494,8878009.0,686384.0,394.0,0.25,0.0,0.0,0.03,0.05,972.0,0.08,0.06,0.1,65.0,0.07,-10.0,10.0,15.0,-6.999999999999999,,,,False,False,False,1,3771.911,3.771911,True
2022-02-16,3799973.0,0.15,0.05,0.15,0.0,0.0,1644.134,8911033.0,692541.0,1112.0,0.25,0.0,-0.01,0.03,0.05,960.0,0.08,0.06,0.11,70.0,0.07,-10.0,10.0,16.0,-6.999999999999999,,,,False,False,False,2,3799.973,3.799973,True
2022-02-17,3799973.0,0.15,0.05,0.15,0.0,0.0,1647.202,8911033.0,692541.0,1112.0,0.25,0.0,0.0,0.03,0.05,911.0,0.08,0.06,0.18,73.0,0.07,-10.0,10.0,15.0,-6.999999999999999,,,,False,False,False,3,3799.973,3.799973,True
2022-02-18,3799973.0,0.15,0.05,0.15,0.0,0.0,1674.929,8911033.0,692541.0,1112.0,0.25,0.0,-0.01,0.03,0.05,931.0,0.08,0.06,0.2,71.0,0.07,-10.0,10.0,16.0,-6.999999999999999,,,,False,False,False,4,3799.973,3.799973,True
2022-02-19,3799973.0,0.15,,,,,,8911033.0,692541.0,1112.0,0.25,0.0,,,,,,,,,,,,,,,,,False,False,False,5,3799.973,3.799973,False
2022-02-20,3799973.0,0.15,,,,,,8911033.0,692541.0,1112.0,0.25,0.0,,,,,,,,,,,,,,,,,False,False,False,6,3799.973,3.799973,False
2022-02-21,3799973.0,0.15,,,,,,8911033.0,692541.0,1112.0,0.25,0.0,,,,,,,,,,,,,,,,,False,False,False,0,3799.973,3.799973,False
2022-02-22,3799973.0,0.15,0.05,0.15,0.0,0.0,1699.432,8911033.0,692541.0,1112.0,0.25,0.0,-0.01,0.03,0.05,930.0,0.08,0.06,0.2,72.0,0.07,-10.0,10.0,16.0,-6.999999999999999,,,,False,False,False,1,3799.973,3.799973,True
2022-02-23,3769869.0,0.15,0.05,0.15,0.0,0.0,1738.322,8928129.0,697838.0,1584.0,0.25,0.0,-0.01,0.03,0.05,902.0,0.08,0.06,0.16,72.0,0.07,-10.0,10.0,16.0,-6.999999999999999,,,,False,False,False,2,3769.869,3.769869,True
2022-02-24,3769869.0,0.15,0.05,0.15,0.0,0.0,1650.399,8928129.0,697838.0,1584.0,0.25,0.0,-0.01,0.03,0.05,924.0,0.08,0.06,0.11,64.0,0.07,-10.0,10.0,16.0,-6.999999999999999,,,,False,False,False,3,3769.869,3.769869,True
2022-02-25,3769869.0,0.15,0.05,0.15,0.0,0.0,1603.349,8928129.0,697838.0,1584.0,0.25,0.0,0.0,0.04,0.06,962.0,0.08,0.06,0.17,69.0,0.07,-10.0,10.0,15.0,-6.999999999999999,,,,False,False,False,4,3769.869,3.769869,True
2022-02-26,3769869.0,0.15,,,,,,8928129.0,697838.0,1584.0,0.25,0.0,,,,,,,,,,,,,,,,,False,False,False,5,3769.869,3.769869,False
2022-02-27,3769869.0,0.15,,,,,,8928129.0,697838.0,1584.0,0.25,0.0,,,,,,,,,,,,,,,,,False,False,False,6,3769.869,3.769869,False
2022-02-28,3769869.0,0.15,0.05,0.13,-1.9999999999999991,0.0,1596.052,8928129.0,697838.0,1584.0,0.25,0.0,0.01,0.05,0.07,1052.0,0.08,0.06,0.18,65.0,0.07,-10.0,8.0,12.000000000000002,-6.999999999999999,,,,True,False,False,0,3769.869,3.769869,True
2022-03-01,3769869.0,0.15,0.05,0.12,-3.0,0.0,1552.95,8928129.0,697838.0,1584.0,0.25,0.0,0.01,0.05,0.06,1062.0,0.08,0.06,0.18,64.0,0.07,-10.0,6.999999999999999,11.0,-6.999999999999999,,,,False,False,False,1,3769.869,3.769869,True
2022-03-02,3844716.0,0.15,0.05,0.13,-1.9999999999999991,0.0,1526.211,8904455.0,682903.0,1827.0,0.25,0.0,0.01,0.05,0.06,1023.0,0.08,0.06,0.11,70.0,0.07,-10.0,8.0,12.000000000000002,-6.999999999999999,,,,False,False,False,2,3844.716,3.844716,True
2022-03-03,3844716.0,0.15,0.05,0.15,0.0,0.001,1533.992,8904455.0,682903.0,1827.0,0.25,0.0,0.01,0.05,0.06,1001.0,0.08,0.06,0.11,68.0,0.07,-10.0,10.0,13.999999999999998,-6.999999999999999,,,,False,False,False,3,3844.716,3.844716,True
2022-03-04,3844716.0,0.15,0.05,0.15,0.0,0.0,1483.061,8904455.0,682903.0,1827.0,0.25,0.0,0.01,0.05,0.06,961.0,0.08,0.06,0.16,72.0,0.07,-10.0,10.0,13.999999999999998,-6.999999999999999,,,,False,False,False,4,3844.716,3.844716,True
2022-03-05,3844716.0,0.15,,,,,,8904455.0,682903.0,1827.0,0.25,0.0,,,,,,,,,,,,,,,,,False,False,False,5,3844.716,3.844716,False
2022-03-06,3844716.0,0.15,,,,,,8904455.0,682903.0,1827.0,0.25,0.0,,,,,,,,,,,,,,,,,False,False,False,6,3844.716,3.844716,False
2022-03-07,3844716.0,0.15,0.05,0.15,0.0,0.0,1461.227,8904455.0,682903.0,1827.0,0.25,0.0,0.01,0.05,0.06,990.0,0.08,0.06,0.17,71.0,0.07,-10.0,10.0,13.999999999999998,-6.999999999999999,,,,False,False,False,0,3844.716,3.844716,True
2022-03-08,3844716.0,0.15,0.05,0.15,0.0,0.0,1525.099,8904455.0,682903.0,1827.0,0.25,0.0,0.01,0.05,0.06,948.0,0.08,0.06,0.1,69.0,0.07,-10.0,10.0,13.999999999999998,-6.999999999999999,,,,False,False,False,1,3844.716,3.844716,True
2022-03-09,3959659.0,0.15,0.05,0.15,0.0,0.0,1542.504,8910748.0,652039.0,2306.0,0.25,0.0,0.01,0.05,0.06,952.0,0.08,0.06,0.16,71.0,0.07,-10.0,10.0,13.999999999999998,-6.999999999999999,,,,False,False,False,2,3959.659,3.959659,True
2022-03-10,3959659.0,0.15,0.05,0.15,0.0,0.0,1568.735,8910748.0,652039.0,2306.0,0.25,0.0,0.0,0.03,0.05,977.0,0.08,0.06,0.1,72.0,0.07,-10.0,10.0,15.0,-6.999999999999999,,,,False,False,False,3,3959.659,3.959659,True
2022-03-11,3959659.0,0.15,0.05,0.15,0.0,0.0,1557.823,8910748.0,652039.0,2306.0,0.25,0.0,0.0,0.03,0.05,980.0,0.08,0.06,0.1,73.0,0.07,-10.0,10.0,15.0,-6.999999999999999,,,,False,False,False,4,3959.659,3.959659,True
2022-03-12,3959659.0,0.15,,,,,,8910748.0,652039.0,2306.0,0.25,0.0,,,,,,,,,,,,,,,,,False,False,False,5,3959.659,3.959659,False
2022-03-13,3959659.0,0.15,,,,,,8910748.0,652039.0,2306.0,0.25,0.0,,,,,,,,,,,,,,,,,False,False,False,6,3959.659,3.959659,False
2022-03-14,3959659.0,0.15,0.05,0.15,0.0,0.0,1608.021,8910748.0,652039.0,2306.0,0.25,0.0,0.0,0.02,0.05,980.0,0.08,0.06,0.1,72.0,0.07,-10.0,10.0,15.0,-6.999999999999999,,,,False,False,False,0,3959.659,3.959659,True
2022-03-15,3959659.0,0.15,0.05,0.15,0.0,0.0,1583.471,8910748.0,652039.0,2306.0,0.25,0.0,0.0,0.03,0.05,1014.0,0.08,0.06,0.1,76.0,0.07,-10.0,10.0,15.0,-6.999999999999999,,,,False,False,False,1,3959.659,3.959659,True
2022-03-16,3961721.0,0.15,0.05,0.12,-3.0,0.0,1613.637,8954306.0,570606.0,2215.0,0.25,0.0,0.0,0.03,0.05,1016.0,0.08,0.06,0.15,74.0,0.07,-10.0,6.999999999999999,12.0,-6.999999999999999,,,,False,False,False,2,3961.721,3.961721,True
2022-03-17,3961721.0,0.4,0.3,0.37,-3.0000000000000027,0.0,1659.977,8954306.0,570606.0,2215.0,0.5,0.25,0.23,0.27,0.3,1003.0,0.33,0.3,0.36,73.0,0.32,-10.000000000000004,7.000000000000001,13.999999999999998,-7.000000000000001,,,,False,False,False,3,3961.721,3.961721,True
2022-03-18,3961721.0,0.4,0.3,0.45,4.999999999999999,0.0,1715.148,8954306.0,570606.0,2215.0,0.5,0.25,0.23,0.26,0.3,968.0,0.33,0.31,0.4,72.0,0.32,-10.000000000000004,15.000000000000002,22.0,-7.000000000000001,,,,False,False,False,4,3961.721,3.961721,True
2022-03-19,3961721.0,0.4,,,,,,8954306.0,570606.0,2215.0,0.5,0.25,,,,,,,,,,,,,,,,,False,False,False,5,3961.721,3.961721,False
2022-03-20,3961721.0,0.4,,,,,,8954306.0,570606.0,2215.0,0.5,0.25,,,,,,,,,,,,,,,,,False,False,False,6,3961.721,3.961721,False
2022-03-21,3961721.0,0.4,0.29,0.45,4.999999999999999,0.0,1728.893,8954306.0,570606.0,2215.0,0.5,0.25,0.22,0.26,0.3,989.0,0.33,0.31,0.4,76.0,0.32,-11.000000000000004,16.000000000000004,23.0,-7.000000000000001,,,,False,False,False,0,3961.721,3.961721,True
2022-03-22,3961721.0,0.4,0.28,0.45,4.999999999999999,0.0,1763.183,8954306.0,570606.0,2215.0,0.5,0.25,0.21,0.25,0.3,931.0,0.33,0.3,0.35,76.0,0.32,-12.0,17.0,24.000000000000004,-7.000000000000001,,,,False,False,False,1,3961.721,3.961721,True
2022-03-23,3801095.0,0.4,0.27,0.45,4.999999999999999,0.0,1803.186,8962474.0,614616.0,599.0,0.5,0.25,0.15,0.24,0.3,908.0,0.33,0.31,0.34,74.0,0.32,-13.0,18.0,30.000000000000004,-7.000000000000001,,,,False,False,False,2,3801.095,3.801095,True
2022-03-24,3801095.0,0.4,0.27,0.45,4.999999999999999,0.0,1707.655,8962474.0,614616.0,599.0,0.5,0.25,0.2,0.24,0.3,900.0,0.33,0.31,0.34,74.0,0.32,-13.0,18.0,25.0,-7.000000000000001,,,,False,False,False,3,3801.095,3.801095,True
2022-03-25,3801095.0,0.4,0.28,0.45,4.999999999999999,0.0,1676.974,8962474.0,614616.0,599.0,0.5,0.25,0.2,0.25,0.3,901.0,0.33,0.31,0.34,78.0,0.32,-12.0,17.0,25.0,-7.000000000000001,,,,False,False,False,4,3801.095,3.801095,True
2022-03-26,3801095.0,0.4,,,,,,8962474.0,614616.0,599.0,0.5,0.25,,,,,,,,,,,,,,,,,False,False,False,5,3801.095,3.801095,False
2022-03-27,3801095.0,0.4,,,,,,8962474.0,614616.0,599.0,0.5,0.25,,,,,,,,,,,,,,,,,False,False,False,6,3801.095,3.801095,False
2022-03-28,3801095.0,0.4,0.28,0.45,4.999999999999999,0.0,1688.632,8962474.0,614616.0,599.0,0.5,0.25,0.2,0.25,0.3,899.0,0.33,0.31,0.36,77.0,0.32,-12.0,17.0,25.0,-7.000000000000001,,,,False,False,False,0,3801.095,3.801095,True
2022-03-29,3801095.0,0.4,0.28,0.45,4.999999999999999,0.0,1718.87,8962474.0,614616.0,599.0,0.5,0.25,0.2,0.25,0.3,874.0,0.33,0.31,0.36,83.0,0.32,-12.0,17.0,25.0,-7.000000000000001,,,,False,False,False,1,3801.095,3.801095,True
2022-03-30,3829680.0,0.4,0.27,0.45,4.999999999999999,0.001,1785.939,8937142.0,575065.0,354.0,0.5,0.25,0.2,0.24,0.3,900.0,0.33,0.31,0.36,80.0,0.32,-13.0,18.0,25.0,-7.000000000000001,,,,False,False,False,2,3829.68,3.82968,True
2022-03-31,3829680.0,0.4,0.29,0.45,4.999999999999999,0.0,1871.97,8937142.0,575065.0,354.0,0.5,0.25,0.2,0.26,0.3,979.0,0.33,0.3,0.4,57.0,0.32,-11.000000000000004,16.000000000000004,25.0,-7.000000000000001,,,,True,True,False,3,3829.68,3.82968,True
2022-04-01,3829680.0,0.4,0.3,0.45,4.999999999999999,0.0,1666.063,8937142.0,575065.0,354.0,0.5,0.25,0.21,0.27,0.3,974.0,0.33,0.31,0.35,78.0,0.32,-10.000000000000004,15.000000000000002,24.000000000000004,-7.000000000000001,,,,False,False,False,4,3829.68,3.82968,True
2022-04-02,3829680.0,0.4,,,,,,8937142.0,575065.0,354.0,0.5,0.25,,,,,,,,,,,,,,,,,False,False,False,5,3829.68,3.82968,False
2022-04-03,3829680.0,0.4,,,,,,8937142.0,575065.0,354.0,0.5,0.25,,,,,,,,,,,,,,,,,False,False,False,6,3829.68,3.82968,False
2022-04-04,3829680.0,0.4,0.3,0.45,4.999999999999999,0.0,1692.936,8937142.0,575065.0,354.0,0.5,0.25,0.22,0.27,0.3,940.0,0.33,0.31,0.35,78.0,0.32,-10.000000000000004,15.000000000000002,23.0,-7.000000000000001,,,,False,False,False,0,3829.68,3.82968,True
2022-04-05,3829680.0,0.4,0.3,0.45,4.999999999999999,0.0,1710.834,8937142.0,575065.0,354.0,0.5,0.25,0.22,0.27,0.3,929.0,0.33,0.31,0.35,79.0,0.32,-10.000000000000004,15.000000000000002,23.0,-7.000000000000001,,,,False,False,False,1,3829.68,3.82968,True
2022-04-06,3834183.0,0.4,0.3,0.45,4.999999999999999,0.0,1731.472,8937592.0,574451.0,379.0,0.5,0.25,0.22,0.27,0.3,905.0,0.33,0.31,0.35,77.0,0.32,-10.000000000000004,15.000000000000002,23.0,-7.000000000000001,,,,False,False,False,2,3834.183,3.834183,True
2022-04-07,3834183.0,0.4,0.3,0.45,4.999999999999999,0.001,1734.424,8937592.0,574451.0,379.0,0.5,0.25,0.21,0.27,0.3,906.0,0.33,0.31,0.35,78.0,0.32,-10.000000000000004,15.000000000000002,24.000000000000004,-7.000000000000001,,,,False,False,False,3,3834.183,3.834183,True
2022-04-08,3834183.0,0.4,0.3,0.45,4.999999999999999,0.0,1750.498,8937592.0,574451.0,379.0,0.5,0.25,0.21,0.27,0.3,905.0,0.33,0.31,0.35,77.0,0.32,-10.000000000000004,15.000000000000002,24.000000000000004,-7.000000000000001,,,,False,False,False,4,3834.183,3.834183,True
2022-04-09,3834183.0,0.4,,,,,,8937592.0,574451.0,379.0,0.5,0.25,,,,,,,,,,,,,,,,,False,False,False,5,3834.183,3.834183,False
2022-04-10,3834183.0,0.4,,,,,,8937592.0,574451.0,379.0,0.5,0.25,,,,,,,,,,,,,,,,,False,False,False,6,3834.183,3.834183,False
2022-04-11,3834183.0,0.4,0.3,0.45,4.999999999999999,0.0,1758.958,8937592.0,574451.0,379.0,0.5,0.25,0.21,0.27,0.3,886.0,0.33,0.31,0.35,80.0,0.32,-10.000000000000004,15.000000000000002,24.000000000000004,-7.000000000000001,,,,False,False,False,0,3834.183,3.834183,True
2022-04-12,3834183.0,0.4,0.29,0.45,4.999999999999999,0.024,1710.414,8937592.0,574451.0,379.0,0.5,0.25,0.21,0.27,0.3,883.0,0.33,0.31,0.36,80.0,0.32,-11.000000000000004,16.000000000000004,24.000000000000004,-7.000000000000001,,,,False,False,False,1,3834.183,3.834183,True
2022-04-13,3823644.0,0.4,0.29,0.45,4.999999999999999,0.0,1815.555,8965487.0,547308.0,579.0,0.5,0.25,0.21,0.27,0.3,874.0,0.33,0.31,0.35,77.0,0.32,-11.000000000000004,16.000000000000004,24.000000000000004,-7.000000000000001,,,,False,False,False,2,3823.644,3.823644,True
2022-04-14,3823644.0,0.4,0.29,0.45,4.999999999999999,0.0,1706.935,8965487.0,547308.0,579.0,0.5,0.25,0.21,0.27,0.3,886.0,0.33,0.31,0.34,71.0,0.33,-11.000000000000004,16.000000000000004,24.000000000000004,-7.000000000000001,,,,False,False,False,3,3823.644,3.823644,True
2022-04-15,3823644.0,0.4,,,,,,8965487.0,547308.0,579.0,0.5,0.25,,,,,0.33,0.31,0.34,75.0,0.33,,,,-7.000000000000001,,,,False,False,False,4,3823.644,3.823644,False
2022-04-16,3823644.0,0.4,,,,,,8965487.0,547308.0,579.0,0.5,0.25,,,,,,,,,,,,,,,,,False,False,False,5,3823.644,3.823644,False
2022-04-17,3823644.0,0.4,,,,,,8965487.0,547308.0,579.0,0.5,0.25,,,,,,,,,,,,,,,,,False,False,False,6,3823.644,3.823644,False
2022-04-18,3823644.0,0.4,0.29,0.45,4.999999999999999,0.0,1738.379,8965487.0,547308.0,579.0,0.5,0.25,0.1,0.27,0.3,896.0,0.33,0.31,0.36,76.0,0.32,-11.000000000000004,16.000000000000004,35.0,-7.000000000000001,,,,False,False,False,0,3823.644,3.823644,True
2022-04-19,3823644.0,0.4,0.28,0.45,4.999999999999999,0.0,1817.292,8965487.0,547308.0,579.0,0.5,0.25,0.21,0.26,0.3,895.0,0.33,0.31,0.43,70.0,0.32,-12.0,17.0,24.000000000000004,-7.000000000000001,,,,False,False,False,1,3823.644,3.823644,True
2022-04-20,3652101.0,0.4,0.27,0.45,4.999999999999999,0.0,1866.56,8955851.0,711406.0,2181.0,0.5,0.25,0.2,0.24,0.3,912.0,0.33,0.31,0.45,71.0,0.32,-13.0,18.0,25.0,-7.000000000000001,,,,False,False,False,2,3652.101,3.652101,True
2022-04-21,3652101.0,0.4,0.26,0.45,4.999999999999999,0.0,1854.7,8955851.0,711406.0,2181.0,0.5,0.25,0.19,0.23,0.3,906.0,0.33,0.31,0.45,70.0,0.32,-14.000000000000002,19.0,26.0,-7.000000000000001,,,,False,False,False,3,3652.101,3.652101,True
2022-04-22,3652101.0,0.4,0.27,0.45,4.999999999999999,0.0,1765.031,8955851.0,711406.0,2181.0,0.5,0.25,0.2,0.24,0.3,901.0,0.33,0.31,0.41,74.0,0.32,-13.0,18.0,25.0,-7.000000000000001,,,,False,False,False,4,3652.101,3.652101,True
2022-04-23,3652101.0,0.4,,,,,,8955851.0,711406.0,2181.0,0.5,0.25,,,,,,,,,,,,,,,,,False,False,False,5,3652.101,3.652101,False
2022-04-24,3652101.0,0.4,,,,,,8955851.0,711406.0,2181.0,0.5,0.25,,,,,,,,,,,,,,,,,False,False,False,6,3652.101,3.652101,False
2022-04-25,3652101.0,0.4,0.27,0.45,4.999999999999999,0.0,1783.609,8955851.0,711406.0,2181.0,0.5,0.25,0.15,0.25,0.3,898.0,0.33,0.31,0.45,78.0,0.32,-13.0,18.0,30.000000000000004,-7.000000000000001,,,,False,False,False,0,3652.101,3.652101,True
2022-04-26,3652101.0,0.4,0.27,0.45,4.999999999999999,0.0,1819.343,8955851.0,711406.0,2181.0,0.5,0.25,0.2,0.25,0.3,897.0,0.33,0.31,0.4,73.0,0.32,-13.0,18.0,25.0,-7.000000000000001,,,,False,False,False,1,3652.101,3.652101,True
2022-04-27,3331982.0,0.4,0.28,0.45,4.999999999999999,0.0,1803.162,8939199.0,944328.0,2917.0,0.5,0.25,0.21,0.26,0.3,882.0,0.33,0.31,0.45,78.0,0.32,-12.0,17.0,24.000000000000004,-7.000000000000001,,,,False,False,False,2,3331.982,3.331982,True
2022-04-28,3331982.0,0.4,0.28,0.45,4.999999999999999,0.002,1818.416,8939199.0,944328.0,2917.0,0.5,0.25,0.21,0.26,0.3,892.0,0.33,0.31,0.45,81.0,0.32,-12.0,17.0,24.000000000000004,-7.000000000000001,,,,False,False,False,3,3331.982,3.331982,True
2022-04-29,3331982.0,0.4,0.28,0.45,4.999999999999999,0.0,1906.802,8939199.0,944328.0,2917.0,0.5,0.25,0.1,0.26,0.3,915.0,0.33,0.31,0.45,76.0,0.32,-12.0,17.0,35.0,-7.000000000000001,,,,False,False,False,4,3331.982,3.331982,True
2022-04-30,3331982.0,0.4,,,,,,8939199.0,944328.0,2917.0,0.5,0.25,,,,,,,,,,,,,,,,,True,False,False,5,3331.982,3.331982,False
2022-05-01,3331982.0,0.4,,,,,,8939199.0,944328.0,2917.0,0.5,0.25,,,,,,,,,,,,,,,,,False,False,False,6,3331.982,3.331982,False
2022-05-02,3331982.0,0.4,0.3,0.45,4.999999999999999,0.0,1796.302,8939199.0,944328.0,2917.0,0.5,0.25,0.23,0.27,0.3,984.0,0.33,0.31,0.45,77.0,0.32,-10.000000000000004,15.000000000000002,22.0,-7.000000000000001,,,,False,False,False,0,3331.982,3.331982,True
2022-05-03,3331982.0,0.4,0.3,0.45,4.999999999999999,0.0,1796.252,8939199.0,944328.0,2917.0,0.5,0.25,0.23,0.28,0.3,923.0,0.33,0.31,0.45,79.0,0.32,-10.000000000000004,15.000000000000002,22.0,-7.000000000000001,,,,False,False,False,1,3331.982,3.331982,True
2022-05-04,3296085.0,0.4,0.3,0.45,4.999999999999999,0.001,1815.656,8939972.0,945478.0,2606.0,0.5,0.25,0.22,0.27,0.3,947.0,0.33,0.31,0.45,77.0,0.32,-10.000000000000004,15.000000000000002,23.0,-7.000000000000001,,,,False,False,False,2,3296.085,3.296085,True
2022-05-05,3296085.0,0.9,0.79,0.86,-4.0000000000000036,0.0,1844.762,8939972.0,945478.0,2606.0,1.0,0.75,0.72,0.77,0.8,992.0,0.83,0.81,0.95,74.0,0.82,-10.999999999999998,6.999999999999995,14.000000000000002,-7.000000000000006,,,,False,False,False,3,3296.085,3.296085,True
2022-05-06,3296085.0,0.9,0.78,0.95,4.999999999999993,0.0,1861.866,8939972.0,945478.0,2606.0,1.0,0.75,0.72,0.76,0.8,979.0,0.83,0.8,0.95,81.0,0.82,-12.0,16.999999999999993,23.0,-7.000000000000006,,,,False,False,False,4,3296.085,3.296085,True
2022-05-07,3296085.0,0.9,,,,,,8939972.0,945478.0,2606.0,1.0,0.75,,,,,,,,,,,,,,,,,False,False,False,5,3296.085,3.296085,False
2022-05-08,3296085.0,0.9,,,,,,8939972.0,945478.0,2606.0,1.0,0.75,,,,,,,,,,,,,,,,,False,False,False,6,3296.085,3.296085,False
2022-05-09,3296085.0,0.9,0.78,0.95,4.999999999999993,0.0,1858.995,8939972.0,945478.0,2606.0,1.0,0.75,0.72,0.76,0.8,931.0,0.83,0.81,0.95,75.0,0.82,-12.0,16.999999999999993,23.0,-7.000000000000006,,,,False,False,False,0,3296.085,3.296085,True
2022-05-10,3296085.0,0.9,0.78,0.95,4.999999999999993,0.0,1864.225,8939972.0,945478.0,2606.0,1.0,0.75,0.72,0.76,0.8,914.0,0.83,0.81,0.95,72.0,0.82,-12.0,16.999999999999993,23.0,-7.000000000000006,,,,False,False,False,1,3296.085,3.296085,True
2022-05-11,3288552.0,0.9,0.78,0.95,4.999999999999993,0.0,1876.119,8942008.0,945658.0,834.0,1.0,0.75,0.72,0.76,0.8,925.0,0.83,0.81,0.95,78.0,0.82,-12.0,16.999999999999993,23.0,-7.000000000000006,,,,False,False,False,2,3288.552,3.288552,True
2022-05-12,3288552.0,0.9,0.79,0.95,4.999999999999993,0.0,1900.069,8942008.0,945658.0,834.0,1.0,0.75,0.71,0.77,0.8,922.0,0.83,0.81,0.91,81.0,0.82,-10.999999999999998,15.999999999999993,24.0,-7.000000000000006,,,,False,False,False,3,3288.552,3.288552,True
2022-05-13,3288552.0,0.9,0.79,0.95,4.999999999999993,0.0,1865.287,8942008.0,945658.0,834.0,1.0,0.75,0.71,0.77,0.8,917.0,0.83,0.81,0.91,84.0,0.82,-10.999999999999998,15.999999999999993,24.0,-7.000000000000006,,,,False,False,False,4,3288.552,3.288552,True
2022-05-14,3288552.0,0.9,,,,,,8942008.0,945658.0,834.0,1.0,0.75,,,,,,,,,,,,,,,,,False,False,False,5,3288.552,3.288552,False
2022-05-15,3288552.0,0.9,,,,,,8942008.0,945658.0,834.0,1.0,0.75,,,,,,,,,,,,,,,,,False,False,False,6,3288.552,3.288552,False
2022-05-16,3288552.0,0.9,0.8,0.87,-3.0000000000000027,0.0,1833.152,8942008.0,945658.0,834.0,1.0,0.75,0.65,0.78,0.81,1013.0,0.83,0.81,0.91,84.0,0.82,-9.999999999999998,6.999999999999995,21.999999999999996,-7.000000000000006,,,,False,False,False,0,3288.552,3.288552,True
2022-05-17,3288552.0,0.9,0.8,0.95,4.999999999999993,0.0,1877.483,8942008.0,945658.0,834.0,1.0,0.75,0.7,0.78,0.81,977.0,0.83,0.81,0.93,80.0,0.82,-9.999999999999998,14.999999999999991,25.0,-7.000000000000006,,,,False,False,False,1,3288.552,3.288552,True
2022-05-18,3356377.0,0.9,0.79,0.95,4.999999999999993,0.0,1973.373,8945898.0,886964.0,856.0,1.0,0.75,0.73,0.77,0.8,939.0,0.83,0.81,0.95,75.0,0.82,-10.999999999999998,15.999999999999993,21.999999999999996,-7.000000000000006,,,,False,False,False,2,3356.377,3.356377,True
2022-05-19,3356377.0,0.9,0.79,0.95,4.999999999999993,0.001,1981.005,8945898.0,886964.0,856.0,1.0,0.75,0.71,0.77,0.8,982.0,0.83,0.81,0.95,76.0,0.82,-10.999999999999998,15.999999999999993,24.0,-7.000000000000006,,,,False,False,False,3,3356.377,3.356377,True
2022-05-20,3356377.0,0.9,0.78,0.95,4.999999999999993,0.0,1987.987,8945898.0,886964.0,856.0,1.0,0.75,0.71,0.76,0.8,943.0,0.83,0.81,0.9,82.0,0.82,-12.0,16.999999999999993,24.0,-7.000000000000006,,,,False,False,False,4,3356.377,3.356377,True
2022-05-21,3356377.0,0.9,,,,,,8945898.0,886964.0,856.0,1.0,0.75,,,,,,,,,,,,,,,,,False,False,False,5,3356.377,3.356377,False
2022-05-22,3356377.0,0.9,,,,,,8945898.0,886964.0,856.0,1.0,0.75,,,,,,,,,,,,,,,,,False,False,False,6,3356.377,3.356377,False
2022-05-23,3356377.0,0.9,0.78,0.95,4.999999999999993,0.0,2044.658,8945898.0,886964.0,856.0,1.0,0.75,0.71,0.76,0.8,984.0,0.83,0.8,0.95,82.0,0.82,-12.0,16.999999999999993,24.0,-7.000000000000006,,,,False,False,False,0,3356.377,3.356377,True
2022-05-24,3356377.0,0.9,0.78,0.95,4.999999999999993,0.0,1987.865,8945898.0,886964.0,856.0,1.0,0.75,0.72,0.76,0.8,968.0,0.83,0.81,0.95,82.0,0.82,-12.0,16.999999999999993,23.0,-7.000000000000006,,,,False,False,False,1,3356.377,3.356377,True
2022-05-25,3306180.0,0.9,0.78,0.95,4.999999999999993,0.0,1995.75,8914281.0,821535.0,913.0,1.0,0.75,0.72,0.76,0.8,942.0,0.83,0.8,0.95,85.0,0.82,-12.0,16.999999999999993,23.0,-7.000000000000006,,,,False,False,False,2,3306.18,3.30618,True
2022-05-26,3306180.0,0.9,0.78,0.95,4.999999999999993,0.0,2007.702,8914281.0,821535.0,913.0,1.0,0.75,0.7,0.76,0.8,955.0,0.83,0.8,0.95,81.0,0.82,-12.0,16.999999999999993,25.0,-7.000000000000006,,,,False,False,False,3,3306.18,3.30618,True
2022-05-27,3306180.0,0.9,0.78,0.95,4.999999999999993,0.0,2006.688,8914281.0,821535.0,913.0,1.0,0.75,0.72,0.76,0.8,963.0,0.83,0.8,0.95,79.0,0.82,-12.0,16.999999999999993,23.0,-7.000000000000006,,,,False,False,False,4,3306.18,3.30618,True
2022-05-28,3306180.0,0.9,,,,,,8914281.0,821535.0,913.0,1.0,0.75,,,,,,,,,,,,,,,,,False,False,False,5,3306.18,3.30618,False
2022-05-29,3306180.0,0.9,,,,,,8914281.0,821535.0,913.0,1.0,0.75,,,,,,,,,,,,,,,,,False,False,False,6,3306.18,3.30618,False
2022-05-30,3306180.0,0.9,,,,,,8914281.0,821535.0,913.0,1.0,0.75,,,,,,,,,,,,,,,,,False,False,False,0,3306.18,3.30618,False
2022-05-31,3306180.0,0.9,0.79,0.87,-3.0000000000000027,0.001,1978.538,8914281.0,821535.0,913.0,1.0,0.75,0.71,0.77,0.8,1040.0,0.83,0.79,0.91,76.0,0.82,-10.999999999999998,7.9999999999999964,16.000000000000004,-7.000000000000006,,,,True,False,False,1,3306.18,3.30618,True
2022-06-01,3322030.0,0.9,0.8,0.95,4.999999999999993,0.0,1965.015,8915050.0,789532.0,870.0,1.0,0.75,0.73,0.77,0.8,994.0,0.83,0.8,0.9,85.0,0.82,-9.999999999999998,14.999999999999991,21.999999999999996,-7.000000000000006,,,,False,False,False,2,3322.03,3.32203,True
2022-06-02,3322030.0,0.9,0.79,0.95,4.999999999999993,0.0,1985.239,8915050.0,789532.0,870.0,1.0,0.75,0.7,0.77,0.8,974.0,0.83,0.8,0.88,83.0,0.82,-10.999999999999998,15.999999999999993,25.0,-7.000000000000006,,,,False,False,False,3,3322.03,3.32203,True
2022-06-03,3322030.0,0.9,0.78,0.95,4.999999999999993,0.0,2031.228,8915050.0,789532.0,870.0,1.0,0.75,0.73,0.76,0.8,954.0,0.83,0.8,0.88,85.0,0.82,-12.0,16.999999999999993,21.999999999999996,-7.000000000000006,,,,False,False,False,4,3322.03,3.32203,True
2022-06-04,3322030.0,0.9,,,,,,8915050.0,789532.0,870.0,1.0,0.75,,,,,,,,,,,,,,,,,False,False,False,5,3322.03,3.32203,False
2022-06-05,3322030.0,0.9,,,,,,8915050.0,789532.0,870.0,1.0,0.75,,,,,,,,,,,,,,,,,False,False,False,6,3322.03,3.32203,False
2022-06-06,3322030.0,0.9,0.78,0.95,4.999999999999993,0.0,2040.093,8915050.0,789532.0,870.0,1.0,0.75,0.72,0.76,0.8,959.0,0.83,0.8,0.9,85.0,0.82,-12.0,16.999999999999993,23.0,-7.000000000000006,,,,False,False,False,0,3322.03,3.32203,True
2022-06-07,3322030.0,0.9,0.77,0.95,4.999999999999993,0.0,2091.395,8915050.0,789532.0,870.0,1.0,0.75,0.7,0.75,0.8,947.0,0.83,0.8,0.88,82.0,0.82,-13.0,17.999999999999993,25.0,-7.000000000000006,,,,False,False,False,1,3322.03,3.32203,True
2022-06-08,3339405.0,0.9,0.76,0.95,4.999999999999993,0.0,2140.277,8918254.0,723384.0,1191.0,1.0,0.75,0.7,0.74,0.8,959.0,0.83,0.8,0.88,79.0,0.82,-14.000000000000002,18.999999999999993,25.0,-7.000000000000006,,,,False,False,False,2,3339.405,3.339405,True
2022-06-09,3339405.0,0.9,0.75,0.95,4.999999999999993,0.0,2142.318,8918254.0,723384.0,1191.0,1.0,0.75,0.65,0.74,0.8,985.0,0.83,0.81,0.88,79.0,0.82,-15.000000000000002,19.999999999999996,29.999999999999993,-7.000000000000006,,,,False,False,False,3,3339.405,3.339405,True
2022-06-10,3339405.0,0.9,0.75,0.95,4.999999999999993,0.0,2162.885,8918254.0,723384.0,1191.0,1.0,0.75,0.6,0.73,0.79,960.0,0.83,0.81,0.88,76.0,0.82,-15.000000000000002,19.999999999999996,35.0,-7.000000000000006,,,,False,False,False,4,3339.405,3.339405,True
2022-06-11,3339405.0,0.9,,,,,,8918254.0,723384.0,1191.0,1.0,0.75,,,,,,,,,,,,,,,,,False,False,False,5,3339.405,3.339405,False
2022-06-12,3339405.0,0.9,,,,,,8918254.0,723384.0,1191.0,1.0,0.75,,,,,,,,,,,,,,,,,False,False,False,6,3339.405,3.339405,False
2022-06-13,3339405.0,0.9,0.73,0.95,4.999999999999993,0.0,2212.62,8918254.0,723384.0,1191.0,1.0,0.75,0.65,0.71,0.78,970.0,0.83,0.8,0.91,75.0,0.82,-17.000000000000004,21.999999999999996,29.999999999999993,-7.000000000000006,,,,False,False,False,0,3339.405,3.339405,True
2022-06-14,3339405.0,0.9,0.69,0.95,4.999999999999993,0.0,2223.857,8918254.0,723384.0,1191.0,1.0,0.75,0.6,0.67,0.75,925.0,0.83,0.8,0.95,81.0,0.82,-21.000000000000007,26.0,35.0,-7.000000000000006,,,,False,False,False,1,3339.405,3.339405,True
2022-06-15,3283954.0,0.9,0.7,0.95,4.999999999999993,0.0,2162.924,8932420.0,656870.0,3706.0,1.0,0.75,0.63,0.68,0.75,917.0,0.83,0.81,0.95,83.0,0.82,-20.000000000000007,25.0,31.999999999999996,-7.000000000000006,,,,False,False,False,2,3283.954,3.283954,True
2022-06-16,3283954.0,1.65,1.45,1.7,5.000000000000004,0.0,2178.382,8932420.0,656870.0,3706.0,1.75,1.5,1.0,1.42,1.49,976.0,1.58,1.55,1.7,80.0,1.57,-19.999999999999996,25.0,70.0,-6.999999999999984,,,,False,False,False,3,3283.954,3.283954,True
2022-06-17,3283954.0,1.65,1.45,1.7,5.000000000000004,0.0,2229.279,8932420.0,656870.0,3706.0,1.75,1.5,1.38,1.43,1.49,923.0,1.58,1.56,1.7,84.0,1.57,-19.999999999999996,25.0,32.00000000000001,-6.999999999999984,,,,False,False,False,4,3283.954,3.283954,True
2022-06-18,3283954.0,1.65,,,,,,8932420.0,656870.0,3706.0,1.75,1.5,,,,,,,,,,,,,,,,,False,False,False,5,3283.954,3.283954,False
2022-06-19,3283954.0,1.65,,,,,,8932420.0,656870.0,3706.0,1.75,1.5,,,,,,,,,,,,,,,,,False,False,False,6,3283.954,3.283954,False
2022-06-20,3283954.0,1.65,,,,,,8932420.0,656870.0,3706.0,1.75,1.5,,,,,,,,,,,,,,,,,False,False,False,0,3283.954,3.283954,False
2022-06-21,3283954.0,1.65,1.45,1.7,5.000000000000004,0.0,2188.627,8932420.0,656870.0,3706.0,1.75,1.5,1.0,1.43,1.48,957.0,1.58,1.56,1.72,67.0,1.57,-19.999999999999996,25.0,70.0,-6.999999999999984,,,,False,False,False,1,3283.954,3.283954,True
2022-06-22,3147556.0,1.65,1.45,1.7,5.000000000000004,0.0,2259.458,8934346.0,758283.0,3147.0,1.75,1.5,1.37,1.43,1.49,942.0,1.58,1.56,1.72,85.0,1.57,-19.999999999999996,25.0,32.999999999999986,-6.999999999999984,,,,False,False,False,2,3147.556,3.147556,True
2022-06-23,3147556.0,1.65,1.44,1.7,5.000000000000004,0.001,2285.442,8934346.0,758283.0,3147.0,1.75,1.5,1.35,1.42,1.48,944.0,1.58,1.56,1.7,84.0,1.57,-20.999999999999996,26.0,34.999999999999986,-6.999999999999984,,,,False,False,False,3,3147.556,3.147556,True
2022-06-24,3147556.0,1.65,1.46,1.7,5.000000000000004,0.0,2180.984,8934346.0,758283.0,3147.0,1.75,1.5,1.38,1.43,1.5,926.0,1.58,1.55,1.7,91.0,1.57,-18.999999999999993,24.0,32.00000000000001,-6.999999999999984,,,,False,False,False,4,3147.556,3.147556,True
2022-06-25,3147556.0,1.65,,,,,,8934346.0,758283.0,3147.0,1.75,1.5,,,,,,,,,,,,,,,,,False,False,False,5,3147.556,3.147556,False
2022-06-26,3147556.0,1.65,,,,,,8934346.0,758283.0,3147.0,1.75,1.5,,,,,,,,,,,,,,,,,False,False,False,6,3147.556,3.147556,False
2022-06-27,3147556.0,1.65,1.5,1.7,5.000000000000004,0.0,2155.942,8934346.0,758283.0,3147.0,1.75,1.5,1.4,1.47,1.54,945.0,1.58,1.55,1.7,90.0,1.57,-14.999999999999991,19.999999999999996,30.000000000000004,-6.999999999999984,,,,False,False,False,0,3147.556,3.147556,True
2022-06-28,3147556.0,1.65,1.52,1.7,5.000000000000004,0.0,2213.784,8934346.0,758283.0,3147.0,1.75,1.5,1.42,1.48,1.55,929.0,1.58,1.56,1.7,95.0,1.57,-12.99999999999999,17.999999999999993,28.000000000000004,-6.999999999999984,,,,False,False,False,1,3147.556,3.147556,True
2022-06-29,3130087.0,1.65,1.51,1.7,5.000000000000004,0.001,2226.976,8913553.0,756627.0,3604.0,1.75,1.5,1.42,1.48,1.54,940.0,1.58,1.56,1.7,85.0,1.57,-13.99999999999999,18.999999999999993,28.000000000000004,-6.999999999999984,,,,False,False,False,2,3130.087,3.130087,True
2022-06-30,3130087.0,1.65,1.5,1.62,-2.9999999999999805,0.0,2329.743,8913553.0,756627.0,3604.0,1.75,1.5,0.75,1.47,1.53,995.0,1.58,1.55,1.72,67.0,1.57,-14.999999999999991,12.00000000000001,87.00000000000001,-6.999999999999984,,,,True,True,False,3,3130.087,3.130087,True
2022-07-01,3130087.0,1.65,1.52,1.7,5.000000000000004,0.0,2167.085,8913553.0,756627.0,3604.0,1.75,1.5,1.43,1.48,1.55,1001.0,1.58,1.56,1.7,90.0,1.57,-12.99999999999999,17.999999999999993,27.0,-6.999999999999984,,,,False,False,False,4,3130.087,3.130087,True
2022-07-02,3130087.0,1.65,,,,,,8913553.0,756627.0,3604.0,1.75,1.5,,,,,,,,,,,,,,,,,False,False,False,5,3130.087,3.130087,False
2022-07-03,3130087.0,1.65,,,,,,8913553.0,756627.0,3604.0,1.75,1.5,,,,,,,,,,,,,,,,,False,False,False,6,3130.087,3.130087,False
2022-07-04,3130087.0,1.65,,,,,,8913553.0,756627.0,3604.0,1.75,1.5,,,,,,,,,,,,,,,,,False,False,False,0,3130.087,3.130087,False
2022-07-05,3130087.0,1.65,1.54,1.65,0.0,0.0,2138.28,8913553.0,756627.0,3604.0,1.75,1.5,1.4,1.5,1.55,1042.0,1.58,1.55,1.7,94.0,1.57,-10.999999999999988,10.999999999999988,25.0,-6.999999999999984,,,,False,False,False,1,3130.087,3.130087,True
2022-07-06,3190627.0,1.65,1.54,1.7,5.000000000000004,0.0,2168.026,8891851.0,700457.0,1765.0,1.75,1.5,1.45,1.5,1.55,966.0,1.58,1.55,1.7,95.0,1.57,-10.999999999999988,15.999999999999993,25.0,-6.999999999999984,,,,False,False,False,2,3190.627,3.190627,True
2022-07-07,3190627.0,1.65,1.54,1.7,5.000000000000004,0.001,2172.457,8891851.0,700457.0,1765.0,1.75,1.5,1.45,1.5,1.55,966.0,1.58,1.55,1.7,92.0,1.57,-10.999999999999988,15.999999999999993,25.0,-6.999999999999984,,,,False,False,False,3,3190.627,3.190627,True
2022-07-08,3190627.0,1.65,1.53,1.7,5.000000000000004,0.0,2144.921,8891851.0,700457.0,1765.0,1.75,1.5,1.0,1.5,1.55,942.0,1.58,1.55,1.7,99.0,1.57,-11.99999999999999,16.999999999999993,70.0,-6.999999999999984,,,,False,False,False,4,3190.627,3.190627,True
2022-07-09,3190627.0,1.65,,,,,,8891851.0,700457.0,1765.0,1.75,1.5,,,,,,,,,,,,,,,,,False,False,False,5,3190.627,3.190627,False
2022-07-10,3190627.0,1.65,,,,,,8891851.0,700457.0,1765.0,1.75,1.5,,,,,,,,,,,,,,,,,False,False,False,6,3190.627,3.190627,False
2022-07-11,3190627.0,1.65,1.53,1.7,5.000000000000004,0.0,2164.266,8891851.0,700457.0,1765.0,1.75,1.5,1.44,1.5,1.55,930.0,1.58,1.55,1.7,93.0,1.57,-11.99999999999999,16.999999999999993,26.0,-6.999999999999984,,,,False,False,False,0,3190.627,3.190627,True
2022-07-12,3190627.0,1.65,1.54,1.7,5.000000000000004,0.002,2146.132,8891851.0,700457.0,1765.0,1.75,1.5,1.45,1.5,1.55,941.0,1.58,1.55,1.7,98.0,1.57,-10.999999999999988,15.999999999999993,25.0,-6.999999999999984,,,,False,False,False,1,3190.627,3.190627,True
2022-07-13,3273436.0,1.65,1.53,1.7,5.000000000000004,0.001,2155.29,8895867.0,652572.0,2570.0,1.75,1.5,1.44,1.5,1.55,924.0,1.58,1.55,1.7,96.0,1.57,-11.99999999999999,16.999999999999993,26.0,-6.999999999999984,,,,False,False,False,2,3273.436,3.273436,True
2022-07-14,3273436.0,1.65,1.53,1.7,5.000000000000004,0.0,2207.121,8895867.0,652572.0,2570.0,1.75,1.5,1.45,1.5,1.55,934.0,1.58,1.55,1.7,91.0,1.57,-11.99999999999999,16.999999999999993,25.0,-6.999999999999984,,,,False,False,False,3,3273.436,3.273436,True
2022-07-15,3273436.0,1.65,1.54,1.7,5.000000000000004,0.0,2153.75,8895867.0,652572.0,2570.0,1.75,1.5,1.45,1.51,1.55,950.0,1.58,1.55,1.7,97.0,1.57,-10.999999999999988,15.999999999999993,25.0,-6.999999999999984,,,,False,False,False,4,3273.436,3.273436,True
2022-07-16,3273436.0,1.65,,,,,,8895867.0,652572.0,2570.0,1.75,1.5,,,,,,,,,,,,,,,,,False,False,False,5,3273.436,3.273436,False
2022-07-17,3273436.0,1.65,,,,,,8895867.0,652572.0,2570.0,1.75,1.5,,,,,,,,,,,,,,,,,False,False,False,6,3273.436,3.273436,False
2022-07-18,3273436.0,1.65,1.54,1.7,5.000000000000004,0.0,2190.375,8895867.0,652572.0,2570.0,1.75,1.5,1.45,1.51,1.55,947.0,1.58,1.55,1.71,97.0,1.57,-10.999999999999988,15.999999999999993,25.0,-6.999999999999984,,,,False,False,False,0,3273.436,3.273436,True
2022-07-19,3273436.0,1.65,1.54,1.7,5.000000000000004,0.0,2211.821,8895867.0,652572.0,2570.0,1.75,1.5,1.45,1.51,1.55,933.0,1.58,1.56,1.73,90.0,1.57,-10.999999999999988,15.999999999999993,25.0,-6.999999999999984,,,,False,False,False,1,3273.436,3.273436,True
2022-07-20,3284324.0,1.65,1.53,1.7,5.000000000000004,0.0,2240.204,8899213.0,613878.0,3064.0,1.75,1.5,1.43,1.5,1.55,916.0,1.58,1.56,1.73,95.0,1.57,-11.99999999999999,16.999999999999993,27.0,-6.999999999999984,,,,False,False,False,2,3284.324,3.284324,True
2022-07-21,3284324.0,1.65,1.53,1.7,5.000000000000004,0.0,2271.756,8899213.0,613878.0,3064.0,1.75,1.5,1.2,1.5,1.55,960.0,1.58,1.56,1.73,96.0,1.57,-11.99999999999999,16.999999999999993,50.0,-6.999999999999984,,,,False,False,False,3,3284.324,3.284324,True
2022-07-22,3284324.0,1.65,1.52,1.7,5.000000000000004,0.0,2228.959,8899213.0,613878.0,3064.0,1.75,1.5,1.45,1.5,1.54,931.0,1.58,1.56,1.75,96.0,1.57,-12.99999999999999,17.999999999999993,25.0,-6.999999999999984,,,,False,False,False,4,3284.324,3.284324,True
2022-07-23,3284324.0,1.65,,,,,,8899213.0,613878.0,3064.0,1.75,1.5,,,,,,,,,,,,,,,,,False,False,False,5,3284.324,3.284324,False
2022-07-24,3284324.0,1.65,,,,,,8899213.0,613878.0,3064.0,1.75,1.5,,,,,,,,,,,,,,,,,False,False,False,6,3284.324,3.284324,False
2022-07-25,3284324.0,1.65,1.53,1.7,5.000000000000004,0.0,2192.367,8899213.0,613878.0,3064.0,1.75,1.5,1.41,1.5,1.55,985.0,1.58,1.55,1.73,94.0,1.57,-11.99999999999999,16.999999999999993,29.000000000000004,-6.999999999999984,,,,False,False,False,0,3284.324,3.284324,True
2022-07-26,3284324.0,1.65,1.53,1.7,5.000000000000004,0.0,2189.474,8899213.0,613878.0,3064.0,1.75,1.5,1.45,1.5,1.55,951.0,1.58,1.56,1.73,97.0,1.57,-11.99999999999999,16.999999999999993,25.0,-6.999999999999984,,,,False,False,False,1,3284.324,3.284324,True
2022-07-27,3256875.0,1.65,1.53,1.7,5.000000000000004,0.001,2188.994,8890004.0,602945.0,3710.0,1.75,1.5,1.4,1.5,1.55,941.0,1.58,1.56,1.75,98.0,1.57,-11.99999999999999,16.999999999999993,30.000000000000004,-6.999999999999984,,,,False,False,False,2,3256.875,3.256875,True
2022-07-28,3256875.0,2.4,2.28,2.45,5.000000000000027,0.001,2239.883,8890004.0,602945.0,3710.0,2.5,2.25,1.55,2.25,2.3,965.0,2.33,2.3,2.48,90.0,2.32,-12.00000000000001,17.000000000000036,90.00000000000001,-6.999999999999984,,,,False,False,False,3,3256.875,3.256875,True
2022-07-29,3256875.0,2.4,2.27,2.45,5.000000000000027,0.0,2300.2,8890004.0,602945.0,3710.0,2.5,2.25,2.19,2.25,2.29,949.0,2.32,2.3,2.48,86.0,2.31,-12.99999999999999,18.000000000000014,26.00000000000002,-8.000000000000007,,,,False,False,False,4,3256.875,3.256875,True
2022-07-30,3256875.0,2.4,,,,,,8890004.0,602945.0,3710.0,2.5,2.25,,,,,,,,,,,,,,,,,False,False,False,5,3256.875,3.256875,False
2022-07-31,3256875.0,2.4,,,,,,8890004.0,602945.0,3710.0,2.5,2.25,,,,,,,,,,,,,,,,,True,False,False,6,3256.875,3.256875,False
2022-08-01,3256875.0,2.4,2.28,2.38,-2.0000000000000018,0.001,2161.885,8890004.0,602945.0,3710.0,2.5,2.25,2.18,2.25,2.3,1035.0,2.33,2.3,2.45,93.0,2.32,-12.00000000000001,10.000000000000009,19.99999999999997,-6.999999999999984,,,,False,False,False,0,3256.875,3.256875,True
2022-08-02,3256875.0,2.4,2.3,2.37,-2.9999999999999805,0.0,2156.013,8890004.0,602945.0,3710.0,2.5,2.25,2.2,2.27,2.32,1015.0,2.33,2.3,2.45,95.0,2.32,-10.000000000000009,7.000000000000028,16.999999999999993,-6.999999999999984,,,,False,False,False,1,3256.875,3.256875,True
2022-08-03,3259011.0,2.4,2.29,2.45,5.000000000000027,0.0,2182.238,8874620.0,594115.0,2731.0,2.5,2.25,2.18,2.26,2.31,984.0,2.33,2.3,2.45,92.0,2.32,-10.999999999999988,16.000000000000014,27.0,-6.999999999999984,,,,False,False,False,2,3259.011,3.259011,True
2022-08-04,3259011.0,2.4,2.29,2.45,5.000000000000027,0.001,2191.546,8874620.0,594115.0,2731.0,2.5,2.25,2.2,2.26,2.3,981.0,2.33,2.31,2.45,91.0,2.32,-10.999999999999988,16.000000000000014,25.0,-6.999999999999984,,,,False,False,False,3,3259.011,3.259011,True
2022-08-05,3259011.0,2.4,2.28,2.45,5.000000000000027,0.0,2194.927,8874620.0,594115.0,2731.0,2.5,2.25,2.19,2.26,2.3,965.0,2.33,2.31,2.45,91.0,2.32,-12.00000000000001,17.000000000000036,26.00000000000002,-6.999999999999984,,,,False,False,False,4,3259.011,3.259011,True
2022-08-06,3259011.0,2.4,,,,,,8874620.0,594115.0,2731.0,2.5,2.25,,,,,,,,,,,,,,,,,False,False,False,5,3259.011,3.259011,False
2022-08-07,3259011.0,2.4,,,,,,8874620.0,594115.0,2731.0,2.5,2.25,,,,,,,,,,,,,,,,,False,False,False,6,3259.011,3.259011,False
2022-08-08,3259011.0,2.4,2.28,2.45,5.000000000000027,0.0,2195.692,8874620.0,594115.0,2731.0,2.5,2.25,2.19,2.26,2.3,950.0,2.33,2.31,2.45,89.0,2.32,-12.00000000000001,17.000000000000036,26.00000000000002,-6.999999999999984,,,,False,False,False,0,3259.011,3.259011,True
2022-08-09,3259011.0,2.4,2.29,2.45,5.000000000000027,0.0,2186.568,8874620.0,594115.0,2731.0,2.5,2.25,2.2,2.26,2.3,947.0,2.33,2.31,2.45,90.0,2.32,-10.999999999999988,16.000000000000014,25.0,-6.999999999999984,,,,False,False,False,1,3259.011,3.259011,True
2022-08-10,3348147.0,2.4,2.28,2.45,5.000000000000027,0.0,2177.646,8879138.0,557265.0,2934.0,2.5,2.25,2.19,2.26,2.3,970.0,2.33,2.31,2.45,93.0,2.32,-12.00000000000001,17.000000000000036,26.00000000000002,-6.999999999999984,,,,False,False,False,2,3348.147,3.348147,True
2022-08-11,3348147.0,2.4,2.28,2.45,5.000000000000027,0.0,2199.247,8879138.0,557265.0,2934.0,2.5,2.25,2.18,2.26,2.3,965.0,2.33,2.31,2.45,94.0,2.32,-12.00000000000001,17.000000000000036,27.0,-6.999999999999984,,,,False,False,False,3,3348.147,3.348147,True
2022-08-12,3348147.0,2.4,2.28,2.45,5.000000000000027,0.0,2213.193,8879138.0,557265.0,2934.0,2.5,2.25,2.19,2.26,2.3,966.0,2.33,2.3,2.45,97.0,2.32,-12.00000000000001,17.000000000000036,26.00000000000002,-6.999999999999984,,,,False,False,False,4,3348.147,3.348147,True
2022-08-13,3348147.0,2.4,,,,,,8879138.0,557265.0,2934.0,2.5,2.25,,,,,,,,,,,,,,,,,False,False,False,5,3348.147,3.348147,False
2022-08-14,3348147.0,2.4,,,,,,8879138.0,557265.0,2934.0,2.5,2.25,,,,,,,,,,,,,,,,,False,False,False,6,3348.147,3.348147,False
2022-08-15,3348147.0,2.4,2.29,2.45,5.000000000000027,0.001,2175.857,8879138.0,557265.0,2934.0,2.5,2.25,2.19,2.26,2.31,1014.0,2.33,2.3,2.45,97.0,2.32,-10.999999999999988,16.000000000000014,26.00000000000002,-6.999999999999984,,,,False,False,False,0,3348.147,3.348147,True
2022-08-16,3348147.0,2.4,2.29,2.45,5.000000000000027,0.002,2165.332,8879138.0,557265.0,2934.0,2.5,2.25,2.2,2.26,2.31,974.0,2.33,2.31,2.45,94.0,2.32,-10.999999999999988,16.000000000000014,25.0,-6.999999999999984,,,,False,False,False,1,3348.147,3.348147,True
2022-08-17,3346750.0,2.4,2.29,2.45,5.000000000000027,0.0,2199.631,8849762.0,545321.0,2657.0,2.5,2.25,2.19,2.26,2.3,966.0,2.33,2.31,2.45,92.0,2.32,-10.999999999999988,16.000000000000014,26.00000000000002,-6.999999999999984,,,,False,False,False,2,3346.75,3.34675,True
2022-08-18,3346750.0,2.4,2.28,2.45,5.000000000000027,0.0,2218.161,8849762.0,545321.0,2657.0,2.5,2.25,2.18,2.26,2.3,973.0,2.33,2.31,2.45,91.0,2.32,-12.00000000000001,17.000000000000036,27.0,-6.999999999999984,,,,False,False,False,3,3346.75,3.34675,True
2022-08-19,3346750.0,2.4,2.28,2.45,5.000000000000027,0.0,2221.68,8849762.0,545321.0,2657.0,2.5,2.25,2.18,2.26,2.3,960.0,2.33,2.31,2.45,94.0,2.32,-12.00000000000001,17.000000000000036,27.0,-6.999999999999984,,,,False,False,False,4,3346.75,3.34675,True
2022-08-20,3346750.0,2.4,,,,,,8849762.0,545321.0,2657.0,2.5,2.25,,,,,,,,,,,,,,,,,False,False,False,5,3346.75,3.34675,False
2022-08-21,3346750.0,2.4,,,,,,8849762.0,545321.0,2657.0,2.5,2.25,,,,,,,,,,,,,,,,,False,False,False,6,3346.75,3.34675,False
2022-08-22,3346750.0,2.4,2.28,2.37,-2.9999999999999805,0.0,2235.665,8849762.0,545321.0,2657.0,2.5,2.25,2.15,2.25,2.3,994.0,2.33,2.3,2.45,91.0,2.32,-12.00000000000001,9.00000000000003,22.00000000000002,-6.999999999999984,,,,False,False,False,0,3346.75,3.34675,True
2022-08-23,3346750.0,2.4,2.27,2.45,5.000000000000027,0.0,2250.718,8849762.0,545321.0,2657.0,2.5,2.25,2.18,2.25,2.3,952.0,2.33,2.31,2.45,91.0,2.32,-12.99999999999999,18.000000000000014,27.0,-6.999999999999984,,,,False,False,False,1,3346.75,3.34675,True
2022-08-24,3307365.0,2.4,2.27,2.45,5.000000000000027,0.0,2237.072,8851436.0,535267.0,3570.0,2.5,2.25,2.18,2.25,2.3,969.0,2.33,2.31,2.45,94.0,2.32,-12.99999999999999,18.000000000000014,27.0,-6.999999999999984,,,,False,False,False,2,3307.365,3.307365,True
2022-08-25,3307365.0,2.4,2.28,2.45,5.000000000000027,0.0,2187.907,8851436.0,535267.0,3570.0,2.5,2.25,2.2,2.25,2.3,970.0,2.33,2.3,2.45,96.0,2.32,-12.00000000000001,17.000000000000036,25.0,-6.999999999999984,,,,False,False,False,3,3307.365,3.307365,True
2022-08-26,3307365.0,2.4,2.28,2.45,5.000000000000027,0.0,2182.452,8851436.0,535267.0,3570.0,2.5,2.25,2.2,2.25,2.3,953.0,2.33,2.31,2.45,98.0,2.32,-12.00000000000001,17.000000000000036,25.0,-6.999999999999984,,,,False,False,False,4,3307.365,3.307365,True
2022-08-27,3307365.0,2.4,,,,,,8851436.0,535267.0,3570.0,2.5,2.25,,,,,,,,,,,,,,,,,False,False,False,5,3307.365,3.307365,False
2022-08-28,3307365.0,2.4,,,,,,8851436.0,535267.0,3570.0,2.5,2.25,,,,,,,,,,,,,,,,,False,False,False,6,3307.365,3.307365,False
2022-08-29,3307365.0,2.4,2.28,2.45,5.000000000000027,0.0,2205.188,8851436.0,535267.0,3570.0,2.5,2.25,2.19,2.25,2.3,963.0,2.33,2.3,2.45,89.0,2.32,-12.00000000000001,17.000000000000036,26.00000000000002,-6.999999999999984,,,,False,False,False,0,3307.365,3.307365,True
2022-08-30,3307365.0,2.4,2.29,2.45,5.000000000000027,0.0,2188.975,8851436.0,535267.0,3570.0,2.5,2.25,2.2,2.26,2.3,948.0,2.33,2.3,2.45,90.0,2.32,-10.999999999999988,16.000000000000014,25.0,-6.999999999999984,,,,False,False,False,1,3307.365,3.307365,True
2022-08-31,3248654.0,2.4,2.29,2.45,5.000000000000027,0.0,2251.025,8826093.0,612536.0,5251.0,2.5,2.25,2.15,2.26,2.31,1024.0,2.33,2.29,2.45,86.0,2.31,-10.999999999999988,16.000000000000014,30.00000000000003,-6.999999999999984,,,,True,False,False,2,3248.654,3.248654,True
2022-09-01,3248654.0,2.4,2.29,2.45,5.000000000000027,0.001,2173.156,8826093.0,612536.0,5251.0,2.5,2.25,2.2,2.26,2.31,979.0,2.33,2.3,2.45,100.0,2.32,-10.999999999999988,16.000000000000014,25.0,-6.999999999999984,,,,False,False,False,3,3248.654,3.248654,True
2022-09-02,3248654.0,2.4,2.29,2.45,5.000000000000027,0.0,2173.413,8826093.0,612536.0,5251.0,2.5,2.25,2.19,2.26,2.31,965.0,2.33,2.3,2.45,100.0,2.32,-10.999999999999988,16.000000000000014,26.00000000000002,-6.999999999999984,,,,False,False,False,4,3248.654,3.248654,True
2022-09-03,3248654.0,2.4,,,,,,8826093.0,612536.0,5251.0,2.5,2.25,,,,,,,,,,,,,,,,,False,False,False,5,3248.654,3.248654,False
2022-09-04,3248654.0,2.4,,,,,,8826093.0,612536.0,5251.0,2.5,2.25,,,,,,,,,,,,,,,,,False,False,False,6,3248.654,3.248654,False
2022-09-05,3248654.0,2.4,,,,,,8826093.0,612536.0,5251.0,2.5,2.25,,,,,,,,,,,,,,,,,False,False,False,0,3248.654,3.248654,False
2022-09-06,3248654.0,2.4,2.29,2.45,5.000000000000027,0.0,2188.796,8826093.0,612536.0,5251.0,2.5,2.25,2.18,2.26,2.3,989.0,2.33,2.3,2.45,94.0,2.32,-10.999999999999988,16.000000000000014,27.0,-6.999999999999984,,,,False,False,False,1,3248.654,3.248654,True
2022-09-07,3285498.0,2.4,2.28,2.45,5.000000000000027,0.002,2206.987,8822401.0,581295.0,3677.0,2.5,2.25,2.19,2.26,2.3,958.0,2.33,2.3,2.45,97.0,2.32,-12.00000000000001,17.000000000000036,26.00000000000002,-6.999999999999984,,,,False,False,False,2,3285.498,3.285498,True
2022-09-08,3285498.0,2.4,2.28,2.45,5.000000000000027,0.027,2210.466,8822401.0,581295.0,3677.0,2.5,2.25,2.18,2.26,2.3,981.0,2.33,2.3,2.45,94.0,2.32,-12.00000000000001,17.000000000000036,27.0,-6.999999999999984,,,,False,False,False,3,3285.498,3.285498,True
2022-09-09,3285498.0,2.4,2.28,2.45,5.000000000000027,0.0,2209.714,8822401.0,581295.0,3677.0,2.5,2.25,2.2,2.26,2.3,958.0,2.33,2.3,2.45,101.0,2.32,-12.00000000000001,17.000000000000036,25.0,-6.999999999999984,,,,False,False,False,4,3285.498,3.285498,True
2022-09-10,3285498.0,2.4,,,,,,8822401.0,581295.0,3677.0,2.5,2.25,,,,,,,,,,,,,,,,,False,False,False,5,3285.498,3.285498,False
2022-09-11,3285498.0,2.4,,,,,,8822401.0,581295.0,3677.0,2.5,2.25,,,,,,,,,,,,,,,,,False,False,False,6,3285.498,3.285498,False
2022-09-12,3285498.0,2.4,2.28,2.45,5.000000000000027,0.0,2218.546,8822401.0,581295.0,3677.0,2.5,2.25,2.2,2.26,2.3,980.0,2.33,2.3,2.45,93.0,2.32,-12.00000000000001,17.000000000000036,25.0,-6.999999999999984,,,,False,False,False,0,3285.498,3.285498,True
2022-09-13,3285498.0,2.4,2.28,2.45,5.000000000000027,0.0,2202.719,8822401.0,581295.0,3677.0,2.5,2.25,2.18,2.26,2.3,957.0,2.33,2.3,2.45,94.0,2.32,-12.00000000000001,17.000000000000036,27.0,-6.999999999999984,,,,False,False,False,1,3285.498,3.285498,True
2022-09-14,3234928.0,2.4,2.27,2.45,5.000000000000027,0.0,2225.579,8832759.0,593808.0,6158.0,2.5,2.25,2.2,2.25,2.3,951.0,2.33,2.3,2.45,95.0,2.32,-12.99999999999999,18.000000000000014,25.0,-6.999999999999984,,,,False,False,False,2,3234.928,3.234928,True
2022-09-15,3234928.0,2.4,2.28,2.45,5.000000000000027,0.0,2176.188,8832759.0,593808.0,6158.0,2.5,2.25,2.18,2.26,2.3,981.0,2.33,2.3,2.45,96.0,2.32,-12.00000000000001,17.000000000000036,27.0,-6.999999999999984,,,,False,False,False,3,3234.928,3.234928,True
2022-09-16,3234928.0,2.4,2.27,2.45,5.000000000000027,0.0,2186.833,8832759.0,593808.0,6158.0,2.5,2.25,2.1,2.25,2.3,952.0,2.33,2.3,2.45,96.0,2.32,-12.99999999999999,18.000000000000014,35.00000000000001,-6.999999999999984,,,,False,False,False,4,3234.928,3.234928,True
2022-09-17,3234928.0,2.4,,,,,,8832759.0,593808.0,6158.0,2.5,2.25,,,,,,,,,,,,,,,,,False,False,False,5,3234.928,3.234928,False
2022-09-18,3234928.0,2.4,,,,,,8832759.0,593808.0,6158.0,2.5,2.25,,,,,,,,,,,,,,,,,False,False,False,6,3234.928,3.234928,False
2022-09-19,3234928.0,2.4,2.27,2.45,5.000000000000027,0.0,2217.542,8832759.0,593808.0,6158.0,2.5,2.25,2.15,2.25,2.3,948.0,2.33,2.3,2.45,93.0,2.32,-12.99999999999999,18.000000000000014,30.00000000000003,-6.999999999999984,,,,False,False,False,0,3234.928,3.234928,True
2022-09-20,3234928.0,2.4,2.26,2.45,5.000000000000027,0.0,2238.87,8832759.0,593808.0,6158.0,2.5,2.25,2.05,2.24,2.28,967.0,2.33,2.3,2.48,91.0,2.32,-14.000000000000012,19.00000000000004,40.000000000000036,-6.999999999999984,,,,False,False,False,1,3234.928,3.234928,True
2022-09-21,3104032.0,2.4,2.25,2.45,5.000000000000027,0.0,2315.9,8816802.0,692496.0,6913.0,2.5,2.25,2.12,2.23,2.27,951.0,2.33,2.3,2.5,99.0,2.32,-14.999999999999991,20.000000000000018,33.00000000000001,-6.999999999999984,,,,False,False,False,2,3104.032,3.104032,True
2022-09-22,3104032.0,3.15,2.99,3.13,-2.0000000000000018,0.0,2359.227,8816802.0,692496.0,6913.0,3.25,3.0,2.26,2.97,3.01,1023.0,3.08,3.05,3.25,99.0,3.07,-15.99999999999997,13.999999999999968,87.00000000000001,-6.999999999999984,,,,False,False,False,3,3104.032,3.104032,True
2022-09-23,3104032.0,3.15,2.99,3.2,5.000000000000027,0.0,2319.361,8816802.0,692496.0,6913.0,3.25,3.0,2.9,2.97,3.01,968.0,3.08,3.05,3.25,109.0,3.07,-15.99999999999997,20.999999999999996,30.00000000000003,-6.999999999999984,,,,False,False,False,4,3104.032,3.104032,True
2022-09-24,3104032.0,3.15,,,,,,8816802.0,692496.0,6913.0,3.25,3.0,,,,,,,,,,,,,,,,,False,False,False,5,3104.032,3.104032,False
2022-09-25,3104032.0,3.15,,,,,,8816802.0,692496.0,6913.0,3.25,3.0,,,,,,,,,,,,,,,,,False,False,False,6,3104.032,3.104032,False
2022-09-26,3104032.0,3.15,2.99,3.2,5.000000000000027,0.0,2299.011,8816802.0,692496.0,6913.0,3.25,3.0,2.8,2.96,3.0,976.0,3.08,3.05,3.25,111.0,3.07,-15.99999999999997,20.999999999999996,40.000000000000036,-6.999999999999984,,,,False,False,False,0,3104.032,3.104032,True
2022-09-27,3104032.0,3.15,2.98,3.2,5.000000000000027,0.0,2327.111,8816802.0,692496.0,6913.0,3.25,3.0,2.83,2.96,3.0,949.0,3.08,3.05,3.25,111.0,3.07,-16.999999999999993,22.00000000000002,37.000000000000014,-6.999999999999984,,,,False,False,False,1,3104.032,3.104032,True
2022-09-28,2960598.0,3.15,2.98,3.2,5.000000000000027,0.0,2366.798,8795567.0,689569.0,6470.0,3.25,3.0,2.88,2.95,3.0,911.0,3.08,3.05,3.25,110.0,3.07,-16.999999999999993,22.00000000000002,32.00000000000003,-6.999999999999984,,,,False,False,False,2,2960.598,2.960598,True
2022-09-29,2960598.0,3.15,2.96,3.2,5.000000000000027,0.0,2371.763,8795567.0,689569.0,6470.0,3.25,3.0,2.88,2.94,2.99,906.0,3.08,3.05,3.25,103.0,3.07,-18.999999999999993,24.00000000000002,32.00000000000003,-6.999999999999984,,,,False,False,False,3,2960.598,2.960598,True
2022-09-30,2960598.0,3.15,2.98,3.2,5.000000000000027,0.0,2425.91,8795567.0,689569.0,6470.0,3.25,3.0,2.88,2.95,3.03,956.0,3.08,3.05,3.23,90.0,3.07,-16.999999999999993,22.00000000000002,32.00000000000003,-6.999999999999984,,,,True,True,False,4,2960.598,2.960598,True
2022-10-01,2960598.0,3.15,,,,,,8795567.0,689569.0,6470.0,3.25,3.0,,,,,,,,,,,,,,,,,False,False,False,5,2960.598,2.960598,False
2022-10-02,2960598.0,3.15,,,,,,8795567.0,689569.0,6470.0,3.25,3.0,,,,,,,,,,,,,,,,,False,False,False,6,2960.598,2.960598,False
2022-10-03,2960598.0,3.15,3.0,3.2,5.000000000000027,0.001,2252.523,8795567.0,689569.0,6470.0,3.25,3.0,2.93,2.97,3.05,1009.0,3.08,3.05,3.23,115.0,3.07,-14.999999999999991,20.000000000000018,27.0,-6.999999999999984,,,,False,False,False,0,2960.598,2.960598,True
2022-10-04,2960598.0,3.15,3.04,3.2,5.000000000000027,0.0,2233.616,8795567.0,689569.0,6470.0,3.25,3.0,2.95,3.0,3.06,996.0,3.08,3.05,3.25,107.0,3.07,-10.999999999999988,16.000000000000014,25.0,-6.999999999999984,,,,False,False,False,1,2960.598,2.960598,True
2022-10-05,2972874.0,3.15,3.04,3.2,5.000000000000027,0.0,2230.799,8759053.0,633939.0,7511.0,3.25,3.0,2.95,3.0,3.06,992.0,3.08,3.05,3.23,104.0,3.07,-10.999999999999988,16.000000000000014,25.0,-6.999999999999984,,,,False,False,False,2,2972.874,2.972874,True
2022-10-06,2972874.0,3.15,3.05,3.2,5.000000000000027,0.0,2232.801,8759053.0,633939.0,7511.0,3.25,3.0,2.95,3.0,3.07,985.0,3.08,3.05,3.25,109.0,3.07,-10.000000000000009,15.000000000000036,25.0,-6.999999999999984,,,,False,False,False,3,2972.874,2.972874,True
2022-10-07,2972874.0,3.15,3.05,3.2,5.000000000000027,0.0,2226.95,8759053.0,633939.0,7511.0,3.25,3.0,2.95,3.0,3.06,968.0,3.08,3.05,3.23,113.0,3.07,-10.000000000000009,15.000000000000036,25.0,-6.999999999999984,,,,False,False,False,4,2972.874,2.972874,True
2022-10-08,2972874.0,3.15,,,,,,8759053.0,633939.0,7511.0,3.25,3.0,,,,,,,,,,,,,,,,,False,False,False,5,2972.874,2.972874,False
2022-10-09,2972874.0,3.15,,,,,,8759053.0,633939.0,7511.0,3.25,3.0,,,,,,,,,,,,,,,,,False,False,False,6,2972.874,2.972874,False
2022-10-10,2972874.0,3.15,,,,,,8759053.0,633939.0,7511.0,3.25,3.0,,,,,,,,,,,,,,,,,False,False,False,0,2972.874,2.972874,False
2022-10-11,2972874.0,3.15,3.05,3.2,5.000000000000027,0.0,2222.479,8759053.0,633939.0,7511.0,3.25,3.0,2.95,3.0,3.07,993.0,3.08,3.05,3.23,104.0,3.07,-10.000000000000009,15.000000000000036,25.0,-6.999999999999984,,,,False,False,False,1,2972.874,2.972874,True
2022-10-12,3087912.0,3.15,3.04,3.2,5.000000000000027,0.0,2247.206,8758969.0,608302.0,7669.0,3.25,3.0,2.95,3.0,3.06,972.0,3.08,3.05,3.23,110.0,3.07,-10.999999999999988,16.000000000000014,25.0,-6.999999999999984,,,,False,False,False,2,3087.912,3.087912,True
2022-10-13,3087912.0,3.15,3.04,3.2,5.000000000000027,0.0,2244.1,8758969.0,608302.0,7669.0,3.25,3.0,2.95,3.0,3.06,1000.0,3.08,3.05,3.24,106.0,3.07,-10.999999999999988,16.000000000000014,25.0,-6.999999999999984,,,,False,False,False,3,3087.912,3.087912,True
2022-10-14,3087912.0,3.15,3.04,3.2,5.000000000000027,0.0,2222.052,8758969.0,608302.0,7669.0,3.25,3.0,2.95,3.0,3.05,958.0,3.08,3.05,3.23,110.0,3.07,-10.999999999999988,16.000000000000014,25.0,-6.999999999999984,,,,False,False,False,4,3087.912,3.087912,True
2022-10-15,3087912.0,3.15,,,,,,8758969.0,608302.0,7669.0,3.25,3.0,,,,,,,,,,,,,,,,,False,False,False,5,3087.912,3.087912,False
2022-10-16,3087912.0,3.15,,,,,,8758969.0,608302.0,7669.0,3.25,3.0,,,,,,,,,,,,,,,,,False,False,False,6,3087.912,3.087912,False
2022-10-17,3087912.0,3.15,3.05,3.2,5.000000000000027,0.0,2172.301,8758969.0,608302.0,7669.0,3.25,3.0,2.95,3.0,3.06,979.0,3.08,3.05,3.23,103.0,3.07,-10.000000000000009,15.000000000000036,25.0,-6.999999999999984,,,,False,False,False,0,3087.912,3.087912,True
2022-10-18,3087912.0,3.15,3.04,3.2,5.000000000000027,0.0,2226.725,8758969.0,608302.0,7669.0,3.25,3.0,2.95,3.0,3.06,967.0,3.08,3.05,3.23,103.0,3.07,-10.999999999999988,16.000000000000014,25.0,-6.999999999999984,,,,False,False,False,1,3087.912,3.087912,True
2022-10-19,3092044.0,3.15,3.04,3.2,5.000000000000027,0.005,2241.835,8743922.0,607199.0,5139.0,3.25,3.0,2.94,3.0,3.05,919.0,3.08,3.05,3.25,104.0,3.07,-10.999999999999988,16.000000000000014,26.00000000000002,-6.999999999999984,,,,False,False,False,2,3092.044,3.092044,True
2022-10-20,3092044.0,3.15,3.03,3.2,5.000000000000027,0.002,2234.071,8743922.0,607199.0,5139.0,3.25,3.0,2.93,3.0,3.05,963.0,3.08,3.05,3.25,92.0,3.07,-12.00000000000001,17.000000000000036,27.0,-6.999999999999984,,,,False,False,False,3,3092.044,3.092044,True
2022-10-21,3092044.0,3.15,3.02,3.2,5.000000000000027,0.001,2265.809,8743922.0,607199.0,5139.0,3.25,3.0,2.93,2.99,3.04,955.0,3.08,3.05,3.25,99.0,3.07,-12.99999999999999,18.000000000000014,27.0,-6.999999999999984,,,,False,False,False,4,3092.044,3.092044,True
2022-10-22,3092044.0,3.15,,,,,,8743922.0,607199.0,5139.0,3.25,3.0,,,,,,,,,,,,,,,,,False,False,False,5,3092.044,3.092044,False
2022-10-23,3092044.0,3.15,,,,,,8743922.0,607199.0,5139.0,3.25,3.0,,,,,,,,,,,,,,,,,False,False,False,6,3092.044,3.092044,False
2022-10-24,3092044.0,3.15,3.01,3.2,5.000000000000027,0.0,2242.044,8743922.0,607199.0,5139.0,3.25,3.0,2.93,2.99,3.04,962.0,3.08,3.05,3.25,99.0,3.07,-14.000000000000012,19.00000000000004,27.0,-6.999999999999984,,,,False,False,False,0,3092.044,3.092044,True
2022-10-25,3092044.0,3.15,3.02,3.2,5.000000000000027,0.001,2195.616,8743922.0,607199.0,5139.0,3.25,3.0,2.93,3.0,3.05,961.0,3.08,3.05,3.29,103.0,3.07,-12.99999999999999,18.000000000000014,27.0,-6.999999999999984,,,,False,False,False,1,3092.044,3.092044,True
2022-10-26,3042838.0,3.15,3.03,3.2,5.000000000000027,0.001,2186.856,8723090.0,634548.0,5585.0,3.25,3.0,2.95,3.0,3.05,972.0,3.08,3.05,3.3,99.0,3.07,-12.00000000000001,17.000000000000036,25.0,-6.999999999999984,,,,False,False,False,2,3042.838,3.042838,True
2022-10-27,3042838.0,3.15,3.04,3.2,5.000000000000027,0.0,2152.485,8723090.0,634548.0,5585.0,3.25,3.0,2.94,3.0,3.06,973.0,3.08,3.05,3.3,103.0,3.07,-10.999999999999988,16.000000000000014,26.00000000000002,-6.999999999999984,,,,False,False,False,3,3042.838,3.042838,True
2022-10-28,3042838.0,3.15,3.05,3.2,5.000000000000027,0.0,2183.29,8723090.0,634548.0,5585.0,3.25,3.0,2.95,3.0,3.06,951.0,3.08,3.05,3.3,107.0,3.07,-10.000000000000009,15.000000000000036,25.0,-6.999999999999984,,,,False,False,False,4,3042.838,3.042838,True
2022-10-29,3042838.0,3.15,,,,,,8723090.0,634548.0,5585.0,3.25,3.0,,,,,,,,,,,,,,,,,False,False,False,5,3042.838,3.042838,False
2022-10-30,3042838.0,3.15,,,,,,8723090.0,634548.0,5585.0,3.25,3.0,,,,,,,,,,,,,,,,,False,False,False,6,3042.838,3.042838,False
2022-10-31,3042838.0,3.15,3.05,3.2,5.000000000000027,0.0,2275.459,8723090.0,634548.0,5585.0,3.25,3.0,2.93,3.01,3.07,1075.0,3.08,3.05,3.3,82.0,3.06,-10.000000000000009,15.000000000000036,27.0,-6.999999999999984,,,,True,False,False,0,3042.838,3.042838,True
2022-11-01,3042838.0,3.15,3.05,3.13,-2.0000000000000018,0.0,2200.51,8723090.0,634548.0,5585.0,3.25,3.0,2.95,3.01,3.08,1079.0,3.08,3.05,3.35,108.0,3.07,-10.000000000000009,8.000000000000007,17.99999999999997,-6.999999999999984,,,,False,False,False,1,3042.838,3.042838,True
2022-11-02,3062727.0,3.15,3.05,3.2,5.000000000000027,0.0,2229.861,8676870.0,598544.0,4407.0,3.25,3.0,2.95,3.01,3.08,1021.0,3.08,3.05,3.35,103.0,3.07,-10.000000000000009,15.000000000000036,25.0,-6.999999999999984,,,,False,False,False,2,3062.727,3.062727,True
2022-11-03,3062727.0,3.9,3.8,3.89,-0.9999999999999787,0.001,2219.791,8676870.0,598544.0,4407.0,4.0,3.75,3.25,3.76,3.83,1074.0,3.83,3.8,4.05,97.0,3.82,-10.000000000000009,9.00000000000003,64.00000000000001,-6.999999999999984,,,,False,False,False,3,3062.727,3.062727,True
2022-11-04,3062727.0,3.9,3.8,3.95,5.000000000000027,0.0,2230.84,8676870.0,598544.0,4407.0,4.0,3.75,3.7,3.76,3.82,1014.0,3.83,3.8,4.0,105.0,3.82,-10.000000000000009,15.000000000000036,25.0,-6.999999999999984,,,,False,False,False,4,3062.727,3.062727,True
2022-11-05,3062727.0,3.9,,,,,,8676870.0,598544.0,4407.0,4.0,3.75,,,,,,,,,,,,,,,,,False,False,False,5,3062.727,3.062727,False
2022-11-06,3062727.0,3.9,,,,,,8676870.0,598544.0,4407.0,4.0,3.75,,,,,,,,,,,,,,,,,False,False,False,6,3062.727,3.062727,False
2022-11-07,3062727.0,3.9,3.78,3.95,5.000000000000027,0.0,2241.317,8676870.0,598544.0,4407.0,4.0,3.75,3.7,3.75,3.81,981.0,3.83,3.8,4.0,99.0,3.82,-12.00000000000001,17.000000000000036,25.0,-6.999999999999984,,,,False,False,False,0,3062.727,3.062727,True
2022-11-08,3062727.0,3.9,3.78,3.95,5.000000000000027,0.001,2232.555,8676870.0,598544.0,4407.0,4.0,3.75,3.69,3.75,3.8,978.0,3.83,3.8,4.05,101.0,3.82,-12.00000000000001,17.000000000000036,26.00000000000002,-6.999999999999984,,,,False,False,False,1,3062.727,3.062727,True
2022-11-09,3067888.0,3.9,3.78,3.95,5.000000000000027,0.001,2237.812,8678886.0,527479.0,3734.0,4.0,3.75,3.7,3.75,3.8,969.0,3.83,2.34,4.0,100.0,3.82,-12.00000000000001,17.000000000000036,25.0,-6.999999999999984,,,,False,False,False,2,3067.888,3.067888,True
2022-11-10,3067888.0,3.9,3.78,3.95,5.000000000000027,0.0,2200.586,8678886.0,527479.0,3734.0,4.0,3.75,3.7,3.75,3.8,987.0,3.83,3.8,4.0,97.0,3.82,-12.00000000000001,17.000000000000036,25.0,-6.999999999999984,,,,False,False,False,3,3067.888,3.067888,True
2022-11-11,3067888.0,3.9,,,,,,8678886.0,527479.0,3734.0,4.0,3.75,,,,,,,,,,,,,,,,,False,False,False,4,3067.888,3.067888,False
2022-11-12,3067888.0,3.9,,,,,,8678886.0,527479.0,3734.0,4.0,3.75,,,,,,,,,,,,,,,,,False,False,False,5,3067.888,3.067888,False
2022-11-13,3067888.0,3.9,,,,,,8678886.0,527479.0,3734.0,4.0,3.75,,,,,,,,,,,,,,,,,False,False,False,6,3067.888,3.067888,False
2022-11-14,3067888.0,3.9,3.79,3.95,5.000000000000027,0.0,2165.018,8678886.0,527479.0,3734.0,4.0,3.75,3.7,3.75,3.81,1041.0,3.83,3.8,4.0,99.0,3.82,-10.999999999999988,16.000000000000014,25.0,-6.999999999999984,,,,False,False,False,0,3067.888,3.067888,True
2022-11-15,3067888.0,3.9,3.8,3.95,5.000000000000027,0.0,2086.574,8678886.0,527479.0,3734.0,4.0,3.75,3.7,3.78,3.85,1149.0,3.83,3.8,4.0,97.0,3.82,-10.000000000000009,15.000000000000036,25.0,-6.999999999999984,,,,False,False,False,1,3067.888,3.067888,True
2022-11-16,3128277.0,3.9,3.81,3.92,2.0000000000000018,0.01,2099.07,8625620.0,502982.0,7851.0,4.0,3.75,3.72,3.78,3.85,1096.0,3.83,3.8,4.0,98.0,3.82,-8.999999999999986,10.999999999999988,19.99999999999997,-6.999999999999984,,,,False,False,False,2,3128.277,3.128277,True
2022-11-17,3128277.0,3.9,3.8,3.9,0.0,0.0,2114.439,8625620.0,502982.0,7851.0,4.0,3.75,3.71,3.78,3.84,1075.0,3.83,3.8,4.0,99.0,3.82,-10.000000000000009,10.000000000000009,18.999999999999993,-6.999999999999984,,,,False,False,False,3,3128.277,3.128277,True
2022-11-18,3128277.0,3.9,3.8,3.92,2.0000000000000018,0.0,2113.413,8625620.0,502982.0,7851.0,4.0,3.75,3.71,3.77,3.83,1037.0,3.83,3.8,4.05,102.0,3.82,-10.000000000000009,12.00000000000001,20.999999999999996,-6.999999999999984,,,,False,False,False,4,3128.277,3.128277,True
2022-11-19,3128277.0,3.9,,,,,,8625620.0,502982.0,7851.0,4.0,3.75,,,,,,,,,,,,,,,,,False,False,False,5,3128.277,3.128277,False
2022-11-20,3128277.0,3.9,,,,,,8625620.0,502982.0,7851.0,4.0,3.75,,,,,,,,,,,,,,,,,False,False,False,6,3128.277,3.128277,False
2022-11-21,3128277.0,3.9,3.8,3.89,-0.9999999999999787,0.0,2125.426,8625620.0,502982.0,7851.0,4.0,3.75,3.7,3.76,3.82,1015.0,3.83,3.8,4.05,94.0,3.82,-10.000000000000009,9.00000000000003,18.999999999999993,-6.999999999999984,,,,False,False,False,0,3128.277,3.128277,True
2022-11-22,3128277.0,3.9,3.8,3.95,5.000000000000027,0.0,2103.932,8625620.0,502982.0,7851.0,4.0,3.75,3.71,3.76,3.82,1038.0,3.83,3.8,4.05,99.0,3.82,-10.000000000000009,15.000000000000036,24.00000000000002,-6.999999999999984,,,,False,False,False,1,3128.277,3.128277,True
2022-11-23,3160730.0,3.9,3.79,3.95,5.000000000000027,0.0,2069.174,8621390.0,479474.0,9140.0,4.0,3.75,3.7,3.76,3.81,984.0,3.83,3.8,4.05,108.0,3.82,-10.999999999999988,16.000000000000014,25.0,-6.999999999999984,,,,False,False,False,2,3160.73,3.16073,True
2022-11-24,3160730.0,3.9,,,,,,8621390.0,479474.0,9140.0,4.0,3.75,,,,,,,,,,,,,,,,,False,False,False,3,3160.73,3.16073,False
2022-11-25,3160730.0,3.9,3.8,3.93,3.000000000000025,0.0,2031.066,8621390.0,479474.0,9140.0,4.0,3.75,3.71,3.77,3.82,1003.0,3.83,3.7,4.05,105.0,3.82,-10.000000000000009,13.000000000000034,22.00000000000002,-6.999999999999984,,,,False,False,False,4,3160.73,3.16073,True
2022-11-26,3160730.0,3.9,,,,,,8621390.0,479474.0,9140.0,4.0,3.75,,,,,,,,,,,,,,,,,False,False,False,5,3160.73,3.16073,False
2022-11-27,3160730.0,3.9,,,,,,8621390.0,479474.0,9140.0,4.0,3.75,,,,,,,,,,,,,,,,,False,False,False,6,3160.73,3.16073,False
2022-11-28,3160730.0,3.9,3.8,3.9,0.0,0.0,2054.914,8621390.0,479474.0,9140.0,4.0,3.75,3.71,3.77,3.84,1058.0,3.83,3.8,4.05,97.0,3.82,-10.000000000000009,10.000000000000009,18.999999999999993,-6.999999999999984,,,,False,False,False,0,3160.73,3.16073,True
2022-11-29,3160730.0,3.9,3.81,3.95,5.000000000000027,0.0,2064.377,8621390.0,479474.0,9140.0,4.0,3.75,3.72,3.78,3.85,1026.0,3.83,3.8,4.05,95.0,3.82,-8.999999999999986,14.000000000000012,23.0,-6.999999999999984,,,,False,False,False,1,3160.73,3.16073,True
2022-11-30,3168995.0,3.9,3.82,3.94,4.0000000000000036,0.0,2115.913,8584576.0,511474.0,10085.0,4.0,3.75,3.71,3.8,3.87,1113.0,3.83,3.79,4.05,92.0,3.82,-8.000000000000007,12.00000000000001,23.0,-6.999999999999984,,,,True,False,False,2,3168.995,3.168995,True
2022-12-01,3168995.0,3.9,3.82,3.92,2.0000000000000018,0.0,2050.286,8584576.0,511474.0,10085.0,4.0,3.75,3.73,3.8,3.86,1174.0,3.83,3.8,4.05,99.0,3.82,-8.000000000000007,10.000000000000009,18.999999999999993,-6.999999999999984,,,,False,False,False,3,3168.995,3.168995,True
2022-12-02,3168995.0,3.9,3.81,3.94,4.0000000000000036,0.01,2049.763,8584576.0,511474.0,10085.0,4.0,3.75,3.72,3.8,3.86,1132.0,3.83,3.8,4.0,108.0,3.82,-8.999999999999986,12.99999999999999,21.999999999999975,-6.999999999999984,,,,False,False,False,4,3168.995,3.168995,True
2022-12-03,3168995.0,3.9,,,,,,8584576.0,511474.0,10085.0,4.0,3.75,,,,,,,,,,,,,,,,,False,False,False,5,3168.995,3.168995,False
2022-12-04,3168995.0,3.9,,,,,,8584576.0,511474.0,10085.0,4.0,3.75,,,,,,,,,,,,,,,,,False,False,False,6,3168.995,3.168995,False
2022-12-05,3168995.0,3.9,3.81,3.94,4.0000000000000036,0.002,2093.647,8584576.0,511474.0,10085.0,4.0,3.75,3.72,3.79,3.85,1096.0,3.83,3.8,4.05,107.0,3.82,-8.999999999999986,12.99999999999999,21.999999999999975,-6.999999999999984,,,,False,False,False,0,3168.995,3.168995,True
2022-12-06,3168995.0,3.9,3.8,3.93,3.000000000000025,0.001,2111.465,8584576.0,511474.0,10085.0,4.0,3.75,3.72,3.78,3.84,1088.0,3.83,3.8,4.05,110.0,3.82,-10.000000000000009,13.000000000000034,20.999999999999996,-6.999999999999984,,,,False,False,False,1,3168.995,3.168995,True
2022-12-07,3199048.0,3.9,3.8,3.91,1.000000000000023,0.0,2151.549,8582735.0,432335.0,7158.0,4.0,3.75,3.72,3.76,3.81,1088.0,3.83,3.8,4.05,103.0,3.82,-10.000000000000009,11.000000000000032,18.999999999999993,-6.999999999999984,,,,False,False,False,2,3199.048,3.199048,True
2022-12-08,3199048.0,3.9,3.8,3.91,1.000000000000023,0.0,2175.973,8582735.0,432335.0,7158.0,4.0,3.75,3.72,3.77,3.81,1087.0,3.83,3.8,4.05,99.0,3.82,-10.000000000000009,11.000000000000032,18.999999999999993,-6.999999999999984,,,,False,False,False,3,3199.048,3.199048,True
2022-12-09,3199048.0,3.9,3.8,3.91,1.000000000000023,0.0,2146.748,8582735.0,432335.0,7158.0,4.0,3.75,3.71,3.77,3.83,1058.0,3.83,3.8,4.05,102.0,3.82,-10.000000000000009,11.000000000000032,20.000000000000018,-6.999999999999984,,,,False,False,False,4,3199.048,3.199048,True
2022-12-10,3199048.0,3.9,,,,,,8582735.0,432335.0,7158.0,4.0,3.75,,,,,,,,,,,,,,,,,False,False,False,5,3199.048,3.199048,False
2022-12-11,3199048.0,3.9,,,,,,8582735.0,432335.0,7158.0,4.0,3.75,,,,,,,,,,,,,,,,,False,False,False,6,3199.048,3.199048,False
2022-12-12,3199048.0,3.9,3.8,3.91,1.000000000000023,0.0,2158.517,8582735.0,432335.0,7158.0,4.0,3.75,3.72,3.77,3.83,1042.0,3.83,3.8,4.05,97.0,3.82,-10.000000000000009,11.000000000000032,18.999999999999993,-6.999999999999984,,,,False,False,False,0,3199.048,3.199048,True
2022-12-13,3199048.0,3.9,3.8,3.92,2.0000000000000018,0.0,2180.676,8582735.0,432335.0,7158.0,4.0,3.75,3.72,3.77,3.83,1051.0,3.83,3.8,4.05,100.0,3.82,-10.000000000000009,12.00000000000001,19.99999999999997,-6.999999999999984,,,,False,False,False,1,3199.048,3.199048,True
2022-12-14,3188634.0,3.9,3.8,3.92,2.0000000000000018,0.003,2192.864,8583413.0,355517.0,5897.0,4.0,3.75,3.72,3.77,3.84,1045.0,3.83,3.8,4.05,101.0,3.82,-10.000000000000009,12.00000000000001,19.99999999999997,-6.999999999999984,,,,False,False,False,2,3188.634,3.188634,True
2022-12-15,3188634.0,4.4,4.32,4.45,4.999999999999982,0.001,2123.995,8583413.0,355517.0,5897.0,4.5,4.25,4.2,4.3,4.37,1144.0,4.33,4.3,4.5,104.0,4.32,-8.000000000000007,12.99999999999999,25.0,-7.000000000000028,,,,False,False,False,3,3188.634,3.188634,True
2022-12-16,3188634.0,4.4,4.32,4.45,4.999999999999982,0.002,2126.54,8583413.0,355517.0,5897.0,4.5,4.25,4.23,4.3,4.36,1091.0,4.33,4.3,4.55,99.0,4.32,-8.000000000000007,12.99999999999999,21.999999999999975,-7.000000000000028,,,,False,False,False,4,3188.634,3.188634,True
2022-12-17,3188634.0,4.4,,,,,,8583413.0,355517.0,5897.0,4.5,4.25,,,,,,,,,,,,,,,,,False,False,False,5,3188.634,3.188634,False
2022-12-18,3188634.0,4.4,,,,,,8583413.0,355517.0,5897.0,4.5,4.25,,,,,,,,,,,,,,,,,False,False,False,6,3188.634,3.188634,False
2022-12-19,3188634.0,4.4,4.3,4.42,1.9999999999999574,0.0,2134.765,8583413.0,355517.0,5897.0,4.5,4.25,4.22,4.28,4.34,1087.0,4.33,4.3,4.55,91.0,4.32,-10.000000000000053,12.00000000000001,20.000000000000018,-7.000000000000028,,,,False,False,False,0,3188.634,3.188634,True
2022-12-20,3188634.0,4.4,4.3,4.44,4.0000000000000036,0.0,2159.408,8583413.0,355517.0,5897.0,4.5,4.25,4.2,4.27,4.32,1048.0,4.33,4.3,4.55,99.0,4.32,-10.000000000000053,14.000000000000057,24.00000000000002,-7.000000000000028,,,,False,False,False,1,3188.634,3.188634,True
2022-12-21,3088621.0,4.4,4.3,4.44,4.0000000000000036,0.0,2206.965,8564411.0,459780.0,4571.0,4.5,4.25,4.2,4.26,4.3,1031.0,4.33,4.3,4.55,98.0,4.32,-10.000000000000053,14.000000000000057,24.00000000000002,-7.000000000000028,,,,False,False,False,2,3088.621,3.088621,True
2022-12-22,3088621.0,4.4,4.3,4.44,4.0000000000000036,0.0,2222.898,8564411.0,459780.0,4571.0,4.5,4.25,4.2,4.26,4.31,1013.0,4.33,4.3,4.6,99.0,4.32,-10.000000000000053,14.000000000000057,24.00000000000002,-7.000000000000028,,,,False,False,False,3,3088.621,3.088621,True
2022-12-23,3088621.0,4.4,4.3,4.38,-2.000000000000046,0.0,2216.348,8564411.0,459780.0,4571.0,4.5,4.25,4.21,4.26,4.31,991.0,4.33,4.3,4.6,107.0,4.32,-10.000000000000053,8.000000000000007,16.999999999999993,-7.000000000000028,,,,False,False,False,4,3088.621,3.088621,True
2022-12-24,3088621.0,4.4,,,,,,8564411.0,459780.0,4571.0,4.5,4.25,,,,,,,,,,,,,,,,,False,False,False,5,3088.621,3.088621,False
2022-12-25,3088621.0,4.4,,,,,,8564411.0,459780.0,4571.0,4.5,4.25,,,,,,,,,,,,,,,,,False,False,False,6,3088.621,3.088621,False
2022-12-26,3088621.0,4.4,,,,,,8564411.0,459780.0,4571.0,4.5,4.25,,,,,,,,,,,,,,,,,False,False,False,0,3088.621,3.088621,False
2022-12-27,3088621.0,4.4,4.3,4.4,0.0,0.0,2221.259,8564411.0,459780.0,4571.0,4.5,4.25,4.15,4.27,4.32,1048.0,4.33,4.3,4.6,109.0,4.32,-10.000000000000053,10.000000000000053,25.0,-7.000000000000028,,,,False,False,False,1,3088.621,3.088621,True
2022-12-28,3017889.0,4.4,4.3,4.45,4.999999999999982,0.0,2293.003,8551169.0,427926.0,4638.0,4.5,4.25,4.21,4.27,4.32,1005.0,4.33,4.3,4.6,99.0,4.32,-10.000000000000053,15.000000000000036,24.00000000000002,-7.000000000000028,,,,False,False,False,2,3017.889,3.017889,True
2022-12-29,3017889.0,4.4,4.3,4.45,4.999999999999982,0.0,2308.319,8551169.0,427926.0,4638.0,4.5,4.25,4.2,4.26,4.32,1037.0,4.33,4.3,4.6,94.0,4.32,-10.000000000000053,15.000000000000036,25.0,-7.000000000000028,,,,False,False,False,3,3017.889,3.017889,True
2022-12-30,3017889.0,4.4,4.3,4.48,8.000000000000007,0.0,2553.716,8551169.0,427926.0,4638.0,4.5,4.25,4.2,4.26,4.33,1004.0,4.33,4.3,4.6,67.0,4.33,-10.000000000000053,18.00000000000006,28.000000000000025,-7.000000000000028,,,,False,False,False,4,3017.889,3.017889,True
2022-12-31,3017889.0,4.4,,,,,,8551169.0,427926.0,4638.0,4.5,4.25,,,,,,,,,,,,,,,,,True,True,True,5,3017.889,3.017889,False
2023-01-01,3017889.0,4.4,,,,,,8551169.0,427926.0,4638.0,4.5,4.25,,,,,,,,,,,,,,,,,False,False,False,6,3017.889,3.017889,False
2023-01-02,3017889.0,4.4,,,,,,8551169.0,427926.0,4638.0,4.5,4.25,,,,,,,,,,,,,,,,,False,False,False,0,3017.889,3.017889,False
2023-01-03,3017889.0,4.4,4.31,4.44,4.0000000000000036,0.0,2188.272,8551169.0,427926.0,4638.0,4.5,4.25,4.22,4.28,4.35,1257.0,4.33,4.3,4.6,105.0,4.32,-9.000000000000075,13.000000000000078,22.000000000000064,-7.000000000000028,,,,False,False,False,1,3017.889,3.017889,True
2023-01-04,2830144.0,4.4,4.3,4.44,4.0000000000000036,0.001,2229.542,8507429.0,423625.0,3932.0,4.5,4.25,4.22,4.28,4.35,1136.0,4.33,4.3,4.65,108.0,4.32,-10.000000000000053,14.000000000000057,22.000000000000064,-7.000000000000028,,,,False,False,False,2,2830.144,2.830144,True
2023-01-05,2830144.0,4.4,4.31,4.45,4.999999999999982,0.0,2242.486,8507429.0,423625.0,3932.0,4.5,4.25,4.23,4.29,4.35,1134.0,4.33,4.3,4.6,107.0,4.32,-9.000000000000075,14.000000000000057,21.999999999999975,-7.000000000000028,,,,False,False,False,3,2830.144,2.830144,True
2023-01-06,2830144.0,4.4,4.31,4.45,4.999999999999982,0.001,2208.265,8507429.0,423625.0,3932.0,4.5,4.25,4.22,4.29,4.35,1118.0,4.33,4.3,4.6,114.0,4.32,-9.000000000000075,14.000000000000057,23.000000000000043,-7.000000000000028,,,,False,False,False,4,2830.144,2.830144,True
2023-01-07,2830144.0,4.4,,,,,,8507429.0,423625.0,3932.0,4.5,4.25,,,,,,,,,,,,,,,,,False,False,False,5,2830.144,2.830144,False
2023-01-08,2830144.0,4.4,,,,,,8507429.0,423625.0,3932.0,4.5,4.25,,,,,,,,,,,,,,,,,False,False,False,6,2830.144,2.830144,False
2023-01-09,2830144.0,4.4,4.31,4.45,4.999999999999982,0.0,2199.121,8507429.0,423625.0,3932.0,4.5,4.25,4.23,4.29,4.34,1127.0,4.33,4.3,4.6,106.0,4.32,-9.000000000000075,14.000000000000057,21.999999999999975,-7.000000000000028,,,,False,False,False,0,2830.144,2.830144,True
2023-01-10,2830144.0,4.4,4.31,4.41,0.9999999999999787,0.0,2192.942,8507429.0,423625.0,3932.0,4.5,4.25,4.23,4.29,4.34,1124.0,4.33,4.3,4.6,109.0,4.32,-9.000000000000075,10.000000000000053,17.99999999999997,-7.000000000000028,,,,False,False,False,1,2830.144,2.830144,True
2023-01-11,3081237.0,4.4,4.3,4.41,0.9999999999999787,0.0,2199.17,8508587.0,372340.0,3860.0,4.5,4.25,4.23,4.28,4.34,1142.0,4.33,4.3,4.6,110.0,4.32,-10.000000000000053,11.000000000000032,17.99999999999997,-7.000000000000028,,,,False,False,False,2,3081.237,3.081237,True
2023-01-12,3081237.0,4.4,4.3,4.41,0.9999999999999787,0.0,2202.989,8508587.0,372340.0,3860.0,4.5,4.25,4.22,4.29,4.34,1108.0,4.33,4.3,4.61,107.0,4.32,-10.000000000000053,11.000000000000032,19.00000000000004,-7.000000000000028,,,,False,False,False,3,3081.237,3.081237,True
2023-01-13,3081237.0,4.4,4.3,4.41,0.9999999999999787,0.0,2179.781,8508587.0,372340.0,3860.0,4.5,4.25,4.22,4.28,4.33,1101.0,4.33,4.3,4.6,110.0,4.32,-10.000000000000053,11.000000000000032,19.00000000000004,-7.000000000000028,,,,False,False,False,4,3081.237,3.081237,True
2023-01-14,3081237.0,4.4,,,,,,8508587.0,372340.0,3860.0,4.5,4.25,,,,,,,,,,,,,,,,,False,False,False,5,3081.237,3.081237,False
2023-01-15,3081237.0,4.4,,,,,,8508587.0,372340.0,3860.0,4.5,4.25,,,,,,,,,,,,,,,,,False,False,False,6,3081.237,3.081237,False
2023-01-16,3081237.0,4.4,,,,,,8508587.0,372340.0,3860.0,4.5,4.25,,,,,,,,,,,,,,,,,False,False,False,0,3081.237,3.081237,False
2023-01-17,3081237.0,4.4,4.31,4.43,2.999999999999936,0.001,2093.328,8508587.0,372340.0,3860.0,4.5,4.25,4.23,4.3,4.37,1248.0,4.33,4.3,4.61,94.0,4.32,-9.000000000000075,12.00000000000001,19.99999999999993,-7.000000000000028,,,,False,False,False,1,3081.237,3.081237,True
2023-01-18,3147332.0,4.4,4.3,4.4,0.0,0.001,2131.678,8489039.0,339018.0,4603.0,4.5,4.25,4.22,4.29,4.34,1193.0,4.33,4.3,4.62,106.0,4.32,-10.000000000000053,10.000000000000053,18.00000000000006,-7.000000000000028,,,,False,False,False,2,3147.332,3.147332,True
2023-01-19,3147332.0,4.4,4.31,4.4,0.0,0.001,2110.145,8489039.0,339018.0,4603.0,4.5,4.25,4.23,4.29,4.34,1231.0,4.33,4.3,4.63,100.0,4.32,-9.000000000000075,9.000000000000075,16.999999999999993,-7.000000000000028,,,,False,False,False,3,3147.332,3.147332,True
2023-01-20,3147332.0,4.4,4.3,4.39,-1.0000000000000675,0.001,2090.523,8489039.0,339018.0,4603.0,4.5,4.25,4.22,4.28,4.33,1169.0,4.33,4.3,4.65,99.0,4.32,-10.000000000000053,8.999999999999986,16.999999999999993,-7.000000000000028,,,,False,False,False,4,3147.332,3.147332,True
2023-01-21,3147332.0,4.4,,,,,,8489039.0,339018.0,4603.0,4.5,4.25,,,,,,,,,,,,,,,,,False,False,False,5,3147.332,3.147332,False
2023-01-22,3147332.0,4.4,,,,,,8489039.0,339018.0,4603.0,4.5,4.25,,,,,,,,,,,,,,,,,False,False,False,6,3147.332,3.147332,False
2023-01-23,3147332.0,4.4,4.3,4.37,-3.000000000000025,0.0,2135.499,8489039.0,339018.0,4603.0,4.5,4.25,4.22,4.27,4.31,1150.0,4.33,4.3,4.65,96.0,4.32,-10.000000000000053,7.000000000000028,15.000000000000036,-7.000000000000028,,,,False,False,False,0,3147.332,3.147332,True
2023-01-24,3147332.0,4.4,4.3,4.39,-1.0000000000000675,0.001,2048.386,8489039.0,339018.0,4603.0,4.5,4.25,4.23,4.29,4.34,1163.0,4.33,4.3,4.65,104.0,4.32,-10.000000000000053,8.999999999999986,15.999999999999925,-7.000000000000028,,,,False,False,False,1,3147.332,3.147332,True
2023-01-25,3031889.0,4.4,4.31,4.38,-2.000000000000046,0.0,2031.561,8470557.0,491848.0,5106.0,4.5,4.25,4.23,4.29,4.34,1157.0,4.33,4.3,4.65,111.0,4.32,-9.000000000000075,7.000000000000028,14.999999999999947,-7.000000000000028,,,,False,False,False,2,3031.889,3.031889,True
2023-01-26,3031889.0,4.4,4.3,4.39,-1.0000000000000675,0.0,2024.069,8470557.0,491848.0,5106.0,4.5,4.25,4.23,4.29,4.34,1165.0,4.33,4.3,4.65,113.0,4.32,-10.000000000000053,8.999999999999986,15.999999999999925,-7.000000000000028,,,,False,False,False,3,3031.889,3.031889,True
2023-01-27,3031889.0,4.4,4.3,4.38,-2.000000000000046,0.0,2003.634,8470557.0,491848.0,5106.0,4.5,4.25,4.23,4.29,4.33,1165.0,4.33,4.3,4.65,120.0,4.32,-10.000000000000053,8.000000000000007,14.999999999999947,-7.000000000000028,,,,False,False,False,4,3031.889,3.031889,True
2023-01-28,3031889.0,4.4,,,,,,8470557.0,491848.0,5106.0,4.5,4.25,,,,,,,,,,,,,,,,,False,False,False,5,3031.889,3.031889,False
2023-01-29,3031889.0,4.4,,,,,,8470557.0,491848.0,5106.0,4.5,4.25,,,,,,,,,,,,,,,,,False,False,False,6,3031.889,3.031889,False
2023-01-30,3031889.0,4.4,4.3,4.4,0.0,0.0,2048.714,8470557.0,491848.0,5106.0,4.5,4.25,4.22,4.28,4.33,1158.0,4.33,4.3,4.65,109.0,4.32,-10.000000000000053,10.000000000000053,18.00000000000006,-7.000000000000028,,,,False,False,False,0,3031.889,3.031889,True
2023-01-31,3031889.0,4.4,4.31,4.41,0.9999999999999787,0.001,2061.572,8470557.0,491848.0,5106.0,4.5,4.25,4.23,4.3,4.36,1281.0,4.33,4.29,4.65,98.0,4.32,-9.000000000000075,10.000000000000053,17.99999999999997,-7.000000000000028,,,,True,False,False,1,3031.889,3.031889,True
2023-02-01,3015506.0,4.4,4.31,4.4,0.0,0.011,2038.262,8433610.0,560089.0,4700.0,4.5,4.25,4.23,4.3,4.35,1199.0,4.33,4.3,4.65,106.0,4.32,-9.000000000000075,9.000000000000075,16.999999999999993,-7.000000000000028,,,,False,False,False,2,3015.506,3.015506,True
2023-02-02,3015506.0,4.65,4.56,4.64,-1.0000000000000675,0.001,2050.063,8433610.0,560089.0,4700.0,4.75,4.5,4.32,4.54,4.6,1290.0,4.58,4.55,4.9,99.0,4.57,-9.000000000000075,8.000000000000007,31.99999999999994,-7.000000000000028,,,,False,False,False,3,3015.506,3.015506,True
2023-02-03,3015506.0,4.65,4.55,4.63,-2.000000000000046,0.0,2041.217,8433610.0,560089.0,4700.0,4.75,4.5,4.48,4.53,4.58,1216.0,4.58,4.55,4.9,104.0,4.57,-10.000000000000053,8.000000000000007,14.999999999999947,-7.000000000000028,,,,False,False,False,4,3015.506,3.015506,True
2023-02-04,3015506.0,4.65,,,,,,8433610.0,560089.0,4700.0,4.75,4.5,,,,,,,,,,,,,,,,,False,False,False,5,3015.506,3.015506,False
2023-02-05,3015506.0,4.65,,,,,,8433610.0,560089.0,4700.0,4.75,4.5,,,,,,,,,,,,,,,,,False,False,False,6,3015.506,3.015506,False
2023-02-06,3015506.0,4.65,4.55,4.62,-3.000000000000025,0.0,2072.261,8433610.0,560089.0,4700.0,4.75,4.5,4.47,4.53,4.58,1209.0,4.58,4.55,4.85,99.0,4.57,-10.000000000000053,7.000000000000028,15.000000000000036,-7.000000000000028,,,,False,False,False,0,3015.506,3.015506,True
2023-02-07,3015506.0,4.65,4.55,4.63,-2.000000000000046,0.001,2057.958,8433610.0,560089.0,4700.0,4.75,4.5,4.48,4.53,4.58,1208.0,4.58,4.55,4.85,103.0,4.57,-10.000000000000053,8.000000000000007,14.999999999999947,-7.000000000000028,,,,False,False,False,1,3015.506,3.015506,True
2023-02-08,3037584.0,4.65,4.55,4.63,-2.000000000000046,0.001,2059.604,8435369.0,493277.0,4486.0,4.75,4.5,4.47,4.53,4.58,1184.0,4.58,4.55,4.85,106.0,4.57,-10.000000000000053,8.000000000000007,16.000000000000014,-7.000000000000028,,,,False,False,False,2,3037.584,3.037584,True
2023-02-09,3037584.0,4.65,4.55,4.64,-1.0000000000000675,0.0,2058.942,8435369.0,493277.0,4486.0,4.75,4.5,4.48,4.53,4.59,1212.0,4.57,4.55,4.85,111.0,4.57,-10.000000000000053,8.999999999999986,15.999999999999925,-8.000000000000007,,,,False,False,False,3,3037.584,3.037584,True
2023-02-10,3037584.0,4.65,4.55,4.63,-2.000000000000046,0.0,2042.893,8435369.0,493277.0,4486.0,4.75,4.5,4.47,4.53,4.58,1186.0,4.58,4.55,4.85,112.0,4.57,-10.000000000000053,8.000000000000007,16.000000000000014,-7.000000000000028,,,,False,False,False,4,3037.584,3.037584,True
2023-02-11,3037584.0,4.65,,,,,,8435369.0,493277.0,4486.0,4.75,4.5,,,,,,,,,,,,,,,,,False,False,False,5,3037.584,3.037584,False
2023-02-12,3037584.0,4.65,,,,,,8435369.0,493277.0,4486.0,4.75,4.5,,,,,,,,,,,,,,,,,False,False,False,6,3037.584,3.037584,False
2023-02-13,3037584.0,4.65,4.55,4.63,-2.000000000000046,0.0,2107.775,8435369.0,493277.0,4486.0,4.75,4.5,4.48,4.53,4.58,1153.0,4.58,4.55,4.85,107.0,4.57,-10.000000000000053,8.000000000000007,14.999999999999947,-7.000000000000028,,,,False,False,False,0,3037.584,3.037584,True
2023-02-14,3037584.0,4.65,4.55,4.63,-2.000000000000046,0.0,2076.548,8435369.0,493277.0,4486.0,4.75,4.5,4.47,4.53,4.59,1216.0,4.58,4.55,4.85,105.0,4.57,-10.000000000000053,8.000000000000007,16.000000000000014,-7.000000000000028,,,,False,False,False,1,3037.584,3.037584,True
2023-02-15,3041038.0,4.65,4.55,4.64,-1.0000000000000675,0.0,2011.998,8384767.0,490379.0,4778.0,4.75,4.5,4.48,4.54,4.6,1239.0,4.58,4.55,4.85,111.0,4.57,-10.000000000000053,8.999999999999986,15.999999999999925,-7.000000000000028,,,,False,False,False,2,3041.038,3.041038,True
2023-02-16,3041038.0,4.65,4.55,4.64,-1.0000000000000675,0.0,2032.457,8384767.0,490379.0,4778.0,4.75,4.5,4.48,4.54,4.6,1244.0,4.58,4.55,4.85,105.0,4.57,-10.000000000000053,8.999999999999986,15.999999999999925,-7.000000000000028,,,,False,False,False,3,3041.038,3.041038,True
2023-02-17,3041038.0,4.65,4.55,4.64,-1.0000000000000675,0.0,2059.662,8384767.0,490379.0,4778.0,4.75,4.5,4.47,4.53,4.58,1209.0,4.58,4.55,4.9,107.0,4.57,-10.000000000000053,8.999999999999986,16.999999999999993,-7.000000000000028,,,,False,False,False,4,3041.038,3.041038,True
2023-02-18,3041038.0,4.65,,,,,,8384767.0,490379.0,4778.0,4.75,4.5,,,,,,,,,,,,,,,,,False,False,False,5,3041.038,3.041038,False
2023-02-19,3041038.0,4.65,,,,,,8384767.0,490379.0,4778.0,4.75,4.5,,,,,,,,,,,,,,,,,False,False,False,6,3041.038,3.041038,False
2023-02-20,3041038.0,4.65,,,,,,8384767.0,490379.0,4778.0,4.75,4.5,,,,,,,,,,,,,,,,,False,False,False,0,3041.038,3.041038,False
2023-02-21,3041038.0,4.65,4.55,4.62,-3.000000000000025,0.001,2046.064,8384767.0,490379.0,4778.0,4.75,4.5,4.46,4.53,4.57,1164.0,4.58,4.55,4.9,100.0,4.57,-10.000000000000053,7.000000000000028,16.000000000000014,-7.000000000000028,,,,False,False,False,1,3041.038,3.041038,True
2023-02-22,3016577.0,4.65,4.55,4.62,-3.000000000000025,0.0,2113.849,8382190.0,477333.0,4558.0,4.75,4.5,4.47,4.52,4.57,1129.0,4.58,4.55,4.9,109.0,4.57,-10.000000000000053,7.000000000000028,15.000000000000036,-7.000000000000028,,,,False,False,False,2,3016.577,3.016577,True
2023-02-23,3016577.0,4.65,4.55,4.61,-4.0000000000000036,0.002,2147.417,8382190.0,477333.0,4558.0,4.75,4.5,4.45,4.52,4.56,1137.0,4.58,4.55,4.9,106.0,4.57,-10.000000000000053,6.00000000000005,16.000000000000014,-7.000000000000028,,,,False,False,False,3,3016.577,3.016577,True
2023-02-24,3016577.0,4.65,4.55,4.61,-4.0000000000000036,0.0,2142.141,8382190.0,477333.0,4558.0,4.75,4.5,4.45,4.52,4.56,1122.0,4.58,4.55,4.9,109.0,4.57,-10.000000000000053,6.00000000000005,16.000000000000014,-7.000000000000028,,,,False,False,False,4,3016.577,3.016577,True
2023-02-25,3016577.0,4.65,,,,,,8382190.0,477333.0,4558.0,4.75,4.5,,,,,,,,,,,,,,,,,False,False,False,5,3016.577,3.016577,False
2023-02-26,3016577.0,4.65,,,,,,8382190.0,477333.0,4558.0,4.75,4.5,,,,,,,,,,,,,,,,,False,False,False,6,3016.577,3.016577,False
2023-02-27,3016577.0,4.65,4.55,4.62,-3.000000000000025,0.001,2162.435,8382190.0,477333.0,4558.0,4.75,4.5,4.45,4.52,4.57,1145.0,4.57,4.55,4.9,108.0,4.57,-10.000000000000053,7.000000000000028,16.999999999999993,-8.000000000000007,,,,False,False,False,0,3016.577,3.016577,True
2023-02-28,3016577.0,4.65,4.55,4.64,-1.0000000000000675,0.0,2188.035,8382190.0,477333.0,4558.0,4.75,4.5,4.35,4.53,4.59,1230.0,4.57,4.54,4.9,103.0,4.57,-10.000000000000053,8.999999999999986,29.000000000000004,-8.000000000000007,,,,True,False,False,1,3016.577,3.016577,True
2023-03-01,2998303.0,4.65,4.55,4.63,-2.000000000000046,0.0,2133.95,8339684.0,381245.0,4362.0,4.75,4.5,4.46,4.52,4.58,1172.0,4.58,4.55,4.9,117.0,4.57,-10.000000000000053,8.000000000000007,16.999999999999993,-7.000000000000028,,,,False,False,False,2,2998.303,2.998303,True
2023-03-02,2998303.0,4.65,4.55,4.64,-1.0000000000000675,0.0,2192.355,8339684.0,381245.0,4362.0,4.75,4.5,4.48,4.52,4.58,1150.0,4.57,4.55,4.9,108.0,4.57,-10.000000000000053,8.999999999999986,15.999999999999925,-8.000000000000007,,,,False,False,False,3,2998.303,2.998303,True
2023-03-03,2998303.0,4.65,4.55,4.62,-3.000000000000025,0.002,2186.15,8339684.0,381245.0,4362.0,4.75,4.5,4.47,4.52,4.57,1120.0,4.57,4.55,4.9,114.0,4.57,-10.000000000000053,7.000000000000028,15.000000000000036,-8.000000000000007,,,,False,False,False,4,2998.303,2.998303,True
2023-03-04,2998303.0,4.65,,,,,,8339684.0,381245.0,4362.0,4.75,4.5,,,,,,,,,,,,,,,,,False,False,False,5,2998.303,2.998303,False
2023-03-05,2998303.0,4.65,,,,,,8339684.0,381245.0,4362.0,4.75,4.5,,,,,,,,,,,,,,,,,False,False,False,6,2998.303,2.998303,False
2023-03-06,2998303.0,4.65,4.55,4.62,-3.000000000000025,0.001,2190.793,8339684.0,381245.0,4362.0,4.75,4.5,4.47,4.52,4.56,1129.0,4.57,4.55,4.9,114.0,4.57,-10.000000000000053,7.000000000000028,15.000000000000036,-8.000000000000007,,,,False,False,False,0,2998.303,2.998303,True
2023-03-07,2998303.0,4.65,4.55,4.61,-4.0000000000000036,0.0,2170.195,8339684.0,381245.0,4362.0,4.75,4.5,4.48,4.52,4.56,1151.0,4.57,4.55,4.9,118.0,4.57,-10.000000000000053,6.00000000000005,12.99999999999999,-8.000000000000007,,,,False,False,False,1,2998.303,2.998303,True
2023-03-08,2999720.0,4.65,4.55,4.62,-3.000000000000025,0.0,2193.237,8342283.0,333350.0,4581.0,4.75,4.5,4.48,4.52,4.57,1096.0,4.57,4.55,4.9,107.0,4.56,-10.000000000000053,7.000000000000028,13.999999999999968,-8.000000000000007,,,,False,False,False,2,2999.72,2.99972,True
2023-03-09,2999720.0,4.65,4.55,4.62,-3.000000000000025,0.001,2229.623,8342283.0,333350.0,4581.0,4.75,4.5,4.48,4.52,4.56,1120.0,4.57,4.55,4.9,115.0,4.57,-10.000000000000053,7.000000000000028,13.999999999999968,-8.000000000000007,,,,False,False,False,3,2999.72,2.99972,True
2023-03-10,2999720.0,4.65,4.55,4.61,-4.0000000000000036,0.0,2188.375,8342283.0,333350.0,4581.0,4.75,4.5,4.46,4.52,4.57,1088.0,4.57,4.55,4.9,81.0,4.56,-10.000000000000053,6.00000000000005,15.000000000000036,-8.000000000000007,,,,False,False,False,4,2999.72,2.99972,True
2023-03-11,2999720.0,4.65,,,,,,8342283.0,333350.0,4581.0,4.75,4.5,,,,,,,,,,,,,,,,,False,False,False,5,2999.72,2.99972,False
2023-03-12,2999720.0,4.65,,,,,,8342283.0,333350.0,4581.0,4.75,4.5,,,,,,,,,,,,,,,,,False,False,False,6,2999.72,2.99972,False
2023-03-13,2999720.0,4.65,4.55,4.63,-2.000000000000046,0.0,2126.677,8342283.0,333350.0,4581.0,4.75,4.5,4.46,4.52,4.58,1148.0,4.58,4.55,4.9,41.0,4.56,-10.000000000000053,8.000000000000007,16.999999999999993,-7.000000000000028,,,,False,False,False,0,2999.72,2.99972,True
2023-03-14,2999720.0,4.65,4.55,4.69,4.0000000000000036,0.0,2042.579,8342283.0,333350.0,4581.0,4.75,4.5,4.4,4.53,4.6,1203.0,4.58,4.55,4.9,79.0,4.57,-10.000000000000053,14.000000000000057,29.000000000000004,-7.000000000000028,,,,False,False,False,1,2999.72,2.99972,True
2023-03-15,3251482.0,4.65,4.58,4.72,6.99999999999994,0.0,2055.823,8639300.0,232866.0,152853.0,4.75,4.5,4.45,4.56,4.66,1252.0,4.58,4.55,4.9,89.0,4.57,-7.000000000000028,13.999999999999968,26.999999999999957,-7.000000000000028,,,,False,False,False,2,3251.482,3.251482,True
2023-03-16,3251482.0,4.65,4.57,4.69,4.0000000000000036,0.0,2066.319,8639300.0,232866.0,152853.0,4.75,4.5,4.49,4.55,4.62,1272.0,4.58,4.55,4.9,83.0,4.57,-8.000000000000007,12.00000000000001,20.000000000000018,-7.000000000000028,,,,False,False,False,3,3251.482,3.251482,True
2023-03-17,3251482.0,4.65,4.55,4.64,-1.0000000000000675,0.0,2106.166,8639300.0,232866.0,152853.0,4.75,4.5,4.47,4.55,4.59,1265.0,4.58,4.55,4.9,85.0,4.57,-10.000000000000053,8.999999999999986,16.999999999999993,-7.000000000000028,,,,False,False,False,4,3251.482,3.251482,True
2023-03-18,3251482.0,4.65,,,,,,8639300.0,232866.0,152853.0,4.75,4.5,,,,,,,,,,,,,,,,,False,False,False,5,3251.482,3.251482,False
2023-03-19,3251482.0,4.65,,,,,,8639300.0,232866.0,152853.0,4.75,4.5,,,,,,,,,,,,,,,,,False,False,False,6,3251.482,3.251482,False
2023-03-20,3251482.0,4.65,4.55,4.63,-2.000000000000046,0.001,2098.393,8639300.0,232866.0,152853.0,4.75,4.5,4.45,4.54,4.58,1288.0,4.58,4.55,4.9,92.0,4.57,-10.000000000000053,8.000000000000007,17.99999999999997,-7.000000000000028,,,,False,False,False,0,3251.482,3.251482,True
2023-03-21,3251482.0,4.65,4.55,4.63,-2.000000000000046,0.001,2194.631,8639300.0,232866.0,152853.0,4.75,4.5,4.48,4.53,4.58,1247.0,4.58,4.55,4.9,92.0,4.57,-10.000000000000053,8.000000000000007,14.999999999999947,-7.000000000000028,,,,False,False,False,1,3251.482,3.251482,True
2023-03-22,3425075.0,4.65,4.55,4.63,-2.000000000000046,0.003,2279.608,8733787.0,259587.0,110248.0,4.75,4.5,4.5,4.54,4.58,1203.0,4.58,4.55,4.9,100.0,4.57,-10.000000000000053,8.000000000000007,12.99999999999999,-7.000000000000028,,,,False,False,False,2,3425.075,3.425075,True
2023-03-23,3425075.0,4.9,4.8,4.88,-2.000000000000046,0.001,2233.956,8733787.0,259587.0,110248.0,5.0,4.75,4.56,4.79,4.84,1355.0,4.83,4.8,5.15,92.0,4.82,-10.000000000000053,8.000000000000007,32.00000000000003,-7.000000000000028,,,,False,False,False,3,3425.075,3.425075,True
2023-03-24,3425075.0,4.9,4.8,4.9,0.0,0.0,2218.458,8733787.0,259587.0,110248.0,5.0,4.75,4.75,4.8,4.86,1290.0,4.83,4.8,5.15,92.0,4.82,-10.000000000000053,10.000000000000053,15.000000000000036,-7.000000000000028,,,,False,False,False,4,3425.075,3.425075,True
2023-03-25,3425075.0,4.9,,,,,,8733787.0,259587.0,110248.0,5.0,4.75,,,,,,,,,,,,,,,,,False,False,False,5,3425.075,3.425075,False
2023-03-26,3425075.0,4.9,,,,,,8733787.0,259587.0,110248.0,5.0,4.75,,,,,,,,,,,,,,,,,False,False,False,6,3425.075,3.425075,False
2023-03-27,3425075.0,4.9,4.81,4.95,4.999999999999982,0.0,2220.131,8733787.0,259587.0,110248.0,5.0,4.75,4.75,4.8,4.88,1365.0,4.83,4.8,5.15,92.0,4.82,-9.000000000000075,14.000000000000057,20.000000000000018,-7.000000000000028,,,,False,False,False,0,3425.075,3.425075,True
2023-03-28,3425075.0,4.9,4.84,4.97,6.99999999999994,0.003,2231.749,8733787.0,259587.0,110248.0,5.0,4.75,4.75,4.8,4.92,1345.0,4.83,4.8,5.15,98.0,4.82,-6.00000000000005,12.99999999999999,21.999999999999975,-7.000000000000028,,,,False,False,False,1,3425.075,3.425075,True
2023-03-29,3437592.0,4.9,4.83,4.95,4.999999999999982,0.0,2264.862,8705942.0,183577.0,88157.0,5.0,4.75,4.75,4.8,4.89,1287.0,4.83,4.8,5.15,97.0,4.82,-7.000000000000028,12.00000000000001,20.000000000000018,-7.000000000000028,,,,False,False,False,2,3437.592,3.437592,True
2023-03-30,3437592.0,4.9,4.82,4.93,2.999999999999936,0.0,2271.531,8705942.0,183577.0,88157.0,5.0,4.75,4.75,4.8,4.89,1319.0,4.83,4.8,5.15,95.0,4.82,-8.000000000000007,10.999999999999943,17.99999999999997,-7.000000000000028,,,,False,False,False,3,3437.592,3.437592,True
2023-03-31,3437592.0,4.9,4.87,5.0,9.999999999999964,0.0,2375.171,8705942.0,183577.0,88157.0,5.0,4.75,4.75,4.8,4.93,1408.0,4.83,4.8,5.15,86.0,4.82,-3.000000000000025,12.99999999999999,25.0,-7.000000000000028,,,,True,True,False,4,3437.592,3.437592,True
2023-04-01,3437592.0,4.9,,,,,,8705942.0,183577.0,88157.0,5.0,4.75,,,,,,,,,,,,,,,,,False,False,False,5,3437.592,3.437592,False
2023-04-02,3437592.0,4.9,,,,,,8705942.0,183577.0,88157.0,5.0,4.75,,,,,,,,,,,,,,,,,False,False,False,6,3437.592,3.437592,False
2023-04-03,3437592.0,4.9,4.84,4.97,6.99999999999994,0.001,2221.01,8705942.0,183577.0,88157.0,5.0,4.75,4.75,4.8,4.9,1477.0,4.83,4.8,5.15,105.0,4.82,-6.00000000000005,12.99999999999999,21.999999999999975,-7.000000000000028,,,,False,False,False,0,3437.592,3.437592,True
2023-04-04,3437592.0,4.9,4.83,4.95,4.999999999999982,0.0,2219.375,8705942.0,183577.0,88157.0,5.0,4.75,4.75,4.8,4.9,1427.0,4.83,4.8,5.15,103.0,4.82,-7.000000000000028,12.00000000000001,20.000000000000018,-7.000000000000028,,,,False,False,False,1,3437.592,3.437592,True
2023-04-05,3292058.0,4.9,4.81,4.93,2.999999999999936,0.0,2243.011,8632384.0,168793.0,69705.0,5.0,4.75,4.75,4.8,4.88,1427.0,4.83,4.8,5.15,102.0,4.82,-9.000000000000075,12.00000000000001,17.99999999999997,-7.000000000000028,,,,False,False,False,2,3292.058,3.292058,True
2023-04-06,3292058.0,4.9,4.81,4.91,0.9999999999999787,0.0,2173.663,8632384.0,168793.0,69705.0,5.0,4.75,4.75,4.8,4.87,1431.0,4.83,4.8,5.15,98.0,4.83,-9.000000000000075,10.000000000000053,16.000000000000014,-7.000000000000028,,,,False,False,False,3,3292.058,3.292058,True
2023-04-07,3292058.0,4.9,,,,,,8632384.0,168793.0,69705.0,5.0,4.75,,,,,4.83,4.8,5.15,100.0,4.83,,,,-7.000000000000028,,,,False,False,False,4,3292.058,3.292058,False
2023-04-08,3292058.0,4.9,,,,,,8632384.0,168793.0,69705.0,5.0,4.75,,,,,,,,,,,,,,,,,False,False,False,5,3292.058,3.292058,False
2023-04-09,3292058.0,4.9,,,,,,8632384.0,168793.0,69705.0,5.0,4.75,,,,,,,,,,,,,,,,,False,False,False,6,3292.058,3.292058,False
2023-04-10,3292058.0,4.9,4.81,4.91,0.9999999999999787,0.001,2239.655,8632384.0,168793.0,69705.0,5.0,4.75,4.6,4.8,4.86,1366.0,4.83,4.8,5.15,106.0,4.82,-9.000000000000075,10.000000000000053,31.00000000000005,-7.000000000000028,,,,False,False,False,0,3292.058,3.292058,True
2023-04-11,3292058.0,4.9,4.8,4.9,0.0,0.0,2297.208,8632384.0,168793.0,69705.0,5.0,4.75,4.75,4.8,4.85,1365.0,4.83,4.8,5.15,108.0,4.82,-10.000000000000053,10.000000000000053,15.000000000000036,-7.000000000000028,,,,False,False,False,1,3292.058,3.292058,True
2023-04-12,3413989.0,4.9,4.8,4.88,-2.000000000000046,0.0,2303.862,8614797.0,109208.0,67633.0,5.0,4.75,4.74,4.78,4.83,1358.0,4.83,4.8,5.15,114.0,4.82,-10.000000000000053,8.000000000000007,13.999999999999968,-7.000000000000028,,,,False,False,False,2,3413.989,3.413989,True
2023-04-13,3413989.0,4.9,4.8,4.92,1.9999999999999574,0.0,2321.699,8614797.0,109208.0,67633.0,5.0,4.75,4.74,4.78,4.83,1378.0,4.83,4.8,5.15,109.0,4.82,-10.000000000000053,12.00000000000001,17.99999999999997,-7.000000000000028,,,,False,False,False,3,3413.989,3.413989,True
2023-04-14,3413989.0,4.9,4.8,4.88,-2.000000000000046,0.0,2253.786,8614797.0,109208.0,67633.0,5.0,4.75,4.74,4.79,4.84,1312.0,4.83,4.8,5.15,113.0,4.82,-10.000000000000053,8.000000000000007,13.999999999999968,-7.000000000000028,,,,False,False,False,4,3413.989,3.413989,True
2023-04-15,3413989.0,4.9,,,,,,8614797.0,109208.0,67633.0,5.0,4.75,,,,,,,,,,,,,,,,,False,False,False,5,3413.989,3.413989,False
2023-04-16,3413989.0,4.9,,,,,,8614797.0,109208.0,67633.0,5.0,4.75,,,,,,,,,,,,,,,,,False,False,False,6,3413.989,3.413989,False
2023-04-17,3413989.0,4.9,4.8,4.89,-1.0000000000000675,0.0,2256.845,8614797.0,109208.0,67633.0,5.0,4.75,4.74,4.79,4.85,1406.0,4.83,4.8,5.15,106.0,4.82,-10.000000000000053,8.999999999999986,14.999999999999947,-7.000000000000028,,,,False,False,False,0,3413.989,3.413989,True
2023-04-18,3413989.0,4.9,4.8,4.9,0.0,0.0,2238.994,8614797.0,109208.0,67633.0,5.0,4.75,4.74,4.79,4.85,1364.0,4.83,4.8,5.15,112.0,4.82,-10.000000000000053,10.000000000000053,16.000000000000014,-7.000000000000028,,,,False,False,False,1,3413.989,3.413989,True
2023-04-19,3303152.0,4.9,4.8,4.88,-2.000000000000046,0.0,2294.677,8593263.0,166555.0,69925.0,5.0,4.75,4.73,4.78,4.83,1307.0,4.83,4.8,5.15,109.0,4.82,-10.000000000000053,8.000000000000007,14.999999999999947,-7.000000000000028,,,,False,False,False,2,3303.152,3.303152,True
2023-04-20,3303152.0,4.9,4.8,4.87,-3.000000000000025,0.0,2277.259,8593263.0,166555.0,69925.0,5.0,4.75,4.72,4.77,4.81,1281.0,4.83,4.8,5.15,115.0,4.82,-10.000000000000053,7.000000000000028,15.000000000000036,-7.000000000000028,,,,False,False,False,3,3303.152,3.303152,True
2023-04-21,3303152.0,4.9,4.8,4.87,-3.000000000000025,0.0,2290.023,8593263.0,166555.0,69925.0,5.0,4.75,4.72,4.77,4.83,1324.0,4.83,4.8,5.15,114.0,4.81,-10.000000000000053,7.000000000000028,15.000000000000036,-7.000000000000028,,,,False,False,False,4,3303.152,3.303152,True
2023-04-22,3303152.0,4.9,,,,,,8593263.0,166555.0,69925.0,5.0,4.75,,,,,,,,,,,,,,,,,False,False,False,5,3303.152,3.303152,False
2023-04-23,3303152.0,4.9,,,,,,8593263.0,166555.0,69925.0,5.0,4.75,,,,,,,,,,,,,,,,,False,False,False,6,3303.152,3.303152,False
2023-04-24,3303152.0,4.9,4.8,4.88,-2.000000000000046,0.0,2308.538,8593263.0,166555.0,69925.0,5.0,4.75,4.73,4.78,4.84,1298.0,4.83,4.8,5.15,110.0,4.81,-10.000000000000053,8.000000000000007,14.999999999999947,-7.000000000000028,,,,False,False,False,0,3303.152,3.303152,True
2023-04-25,3303152.0,4.9,4.8,4.89,-1.0000000000000675,0.0,2275.402,8593263.0,166555.0,69925.0,5.0,4.75,4.74,4.79,4.85,1329.0,4.83,4.8,5.15,112.0,4.82,-10.000000000000053,8.999999999999986,14.999999999999947,-7.000000000000028,,,,False,False,False,1,3303.152,3.303152,True
2023-04-26,3135655.0,4.9,4.8,4.89,-1.0000000000000675,0.0,2279.561,8562768.0,291702.0,73855.0,5.0,4.75,4.74,4.79,4.85,1345.0,4.83,4.8,5.15,115.0,4.82,-10.000000000000053,8.999999999999986,14.999999999999947,-7.000000000000028,,,,False,False,False,2,3135.655,3.135655,True
2023-04-27,3135655.0,4.9,4.81,4.9,0.0,0.0,2273.926,8562768.0,291702.0,73855.0,5.0,4.75,4.74,4.8,4.86,1337.0,4.83,4.8,5.15,119.0,4.81,-9.000000000000075,9.000000000000075,16.000000000000014,-7.000000000000028,,,,False,False,False,3,3135.655,3.135655,True
2023-04-28,3135655.0,4.9,4.81,4.92,1.9999999999999574,0.0,2325.479,8562768.0,291702.0,73855.0,5.0,4.75,4.75,4.8,4.87,1378.0,4.83,4.8,5.15,113.0,4.81,-9.000000000000075,11.000000000000032,16.999999999999993,-7.000000000000028,,,,False,False,False,4,3135.655,3.135655,True
2023-04-29,3135655.0,4.9,,,,,,8562768.0,291702.0,73855.0,5.0,4.75,,,,,,,,,,,,,,,,,False,False,False,5,3135.655,3.135655,False
2023-04-30,3135655.0,4.9,,,,,,8562768.0,291702.0,73855.0,5.0,4.75,,,,,,,,,,,,,,,,,True,False,False,6,3135.655,3.135655,False
2023-05-01,3135655.0,4.9,4.81,4.91,0.9999999999999787,0.0,2239.866,8562768.0,291702.0,73855.0,5.0,4.75,4.75,4.8,4.87,1577.0,4.83,4.8,5.15,117.0,4.81,-9.000000000000075,10.000000000000053,16.000000000000014,-7.000000000000028,,,,False,False,False,0,3135.655,3.135655,True
2023-05-02,3135655.0,4.9,4.81,4.91,0.9999999999999787,0.001,2267.13,8562768.0,291702.0,73855.0,5.0,4.75,4.75,4.8,4.87,1537.0,4.83,4.8,5.15,118.0,4.82,-9.000000000000075,10.000000000000053,16.000000000000014,-7.000000000000028,,,,False,False,False,1,3135.655,3.135655,True
2023-05-03,3089706.0,4.9,4.81,4.92,1.9999999999999574,0.0,2258.222,8503994.0,269216.0,5345.0,5.0,4.75,4.75,4.8,4.87,1544.0,4.83,4.8,5.15,115.0,4.82,-9.000000000000075,11.000000000000032,16.999999999999993,-7.000000000000028,,,,False,False,False,2,3089.706,3.089706,True
2023-05-04,3089706.0,5.15,5.06,5.17,1.9999999999999574,0.011,2242.399,8503994.0,269216.0,5345.0,5.25,5.0,4.82,5.05,5.13,1590.0,5.08,5.05,5.4,114.0,5.06,-9.000000000000075,11.000000000000032,34.999999999999964,-7.000000000000028,,,,False,False,False,3,3089.706,3.089706,True
2023-05-05,3089706.0,5.15,5.06,5.18,2.999999999999936,0.001,2207.415,8503994.0,269216.0,5345.0,5.25,5.0,5.0,5.05,5.13,1517.0,5.08,5.05,5.4,112.0,5.06,-9.000000000000075,12.00000000000001,17.99999999999997,-7.000000000000028,,,,False,False,False,4,3089.706,3.089706,True
2023-05-06,3089706.0,5.15,,,,,,8503994.0,269216.0,5345.0,5.25,5.0,,,,,,,,,,,,,,,,,False,False,False,5,3089.706,3.089706,False
2023-05-07,3089706.0,5.15,,,,,,8503994.0,269216.0,5345.0,5.25,5.0,,,,,,,,,,,,,,,,,False,False,False,6,3089.706,3.089706,False
2023-05-08,3089706.0,5.15,5.06,5.17,1.9999999999999574,0.001,2217.601,8503994.0,269216.0,5345.0,5.25,5.0,4.99,5.05,5.12,1497.0,5.08,5.05,5.4,111.0,5.06,-9.000000000000075,11.000000000000032,17.99999999999997,-7.000000000000028,,,,False,False,False,0,3089.706,3.089706,True
2023-05-09,3089706.0,5.15,5.06,5.17,1.9999999999999574,0.02,2222.864,8503994.0,269216.0,5345.0,5.25,5.0,5.0,5.05,5.12,1482.0,5.08,5.05,5.4,112.0,5.07,-9.000000000000075,11.000000000000032,16.999999999999993,-7.000000000000028,,,,False,False,False,1,3089.706,3.089706,True
2023-05-10,3196429.0,5.15,5.06,5.17,1.9999999999999574,0.025,2233.149,8503017.0,197666.0,9323.0,5.25,5.0,4.98,5.05,5.11,1410.0,5.08,5.05,5.4,120.0,5.07,-9.000000000000075,11.000000000000032,18.99999999999995,-7.000000000000028,,,,False,False,False,2,3196.429,3.196429,True
2023-05-11,3196429.0,5.15,5.05,5.13,-2.000000000000046,0.0,2242.243,8503017.0,197666.0,9323.0,5.25,5.0,4.98,5.04,5.09,1372.0,5.08,5.05,5.4,117.0,5.07,-10.000000000000053,8.000000000000007,14.999999999999947,-7.000000000000028,,,,False,False,False,3,3196.429,3.196429,True
2023-05-12,3196429.0,5.15,5.05,5.14,-1.0000000000000675,0.0,2229.199,8503017.0,197666.0,9323.0,5.25,5.0,4.98,5.04,5.09,1352.0,5.08,5.05,5.35,124.0,5.07,-10.000000000000053,8.999999999999986,15.999999999999925,-7.000000000000028,,,,False,False,False,4,3196.429,3.196429,True
2023-05-13,3196429.0,5.15,,,,,,8503017.0,197666.0,9323.0,5.25,5.0,,,,,,,,,,,,,,,,,False,False,False,5,3196.429,3.196429,False
2023-05-14,3196429.0,5.15,,,,,,8503017.0,197666.0,9323.0,5.25,5.0,,,,,,,,,,,,,,,,,False,False,False,6,3196.429,3.196429,False
2023-05-15,3196429.0,5.15,5.06,5.15,0.0,0.001,2220.927,8503017.0,197666.0,9323.0,5.25,5.0,4.99,5.05,5.11,1497.0,5.08,5.05,5.35,126.0,5.07,-9.000000000000075,9.000000000000075,16.000000000000014,-7.000000000000028,,,,False,False,False,0,3196.429,3.196429,True
2023-05-16,3196429.0,5.15,5.05,5.15,0.0,0.003,2203.214,8503017.0,197666.0,9323.0,5.25,5.0,4.99,5.05,5.11,1466.0,5.08,5.05,5.35,124.0,5.07,-10.000000000000053,10.000000000000053,16.000000000000014,-7.000000000000028,,,,False,False,False,1,3196.429,3.196429,True
2023-05-17,3248878.0,5.15,5.05,5.15,0.0,0.004,2213.676,8456760.0,116220.0,9048.0,5.25,5.0,4.98,5.05,5.1,1401.0,5.08,5.05,5.35,130.0,5.07,-10.000000000000053,10.000000000000053,16.999999999999993,-7.000000000000028,,,,False,False,False,2,3248.878,3.248878,True
2023-05-18,3248878.0,5.15,5.05,5.15,0.0,0.0,2238.266,8456760.0,116220.0,9048.0,5.25,5.0,4.97,5.05,5.1,1401.0,5.08,5.05,5.35,127.0,5.07,-10.000000000000053,10.000000000000053,18.00000000000006,-7.000000000000028,,,,False,False,False,3,3248.878,3.248878,True
2023-05-19,3248878.0,5.15,5.05,5.14,-1.0000000000000675,0.0,2276.72,8456760.0,116220.0,9048.0,5.25,5.0,4.97,5.04,5.09,1363.0,5.08,5.05,5.35,132.0,5.07,-10.000000000000053,8.999999999999986,16.999999999999993,-7.000000000000028,,,,False,False,False,4,3248.878,3.248878,True
2023-05-20,3248878.0,5.15,,,,,,8456760.0,116220.0,9048.0,5.25,5.0,,,,,,,,,,,,,,,,,False,False,False,5,3248.878,3.248878,False
2023-05-21,3248878.0,5.15,,,,,,8456760.0,116220.0,9048.0,5.25,5.0,,,,,,,,,,,,,,,,,False,False,False,6,3248.878,3.248878,False
2023-05-22,3248878.0,5.15,5.05,5.13,-2.000000000000046,0.0,2275.311,8456760.0,116220.0,9048.0,5.25,5.0,4.97,5.03,5.09,1434.0,5.08,5.05,5.35,124.0,5.06,-10.000000000000053,8.000000000000007,16.000000000000014,-7.000000000000028,,,,False,False,False,0,3248.878,3.248878,True
2023-05-23,3248878.0,5.15,5.05,5.14,-1.0000000000000675,0.035,2256.689,8456760.0,116220.0,9048.0,5.25,5.0,4.98,5.04,5.1,1383.0,5.08,5.05,5.35,126.0,5.07,-10.000000000000053,8.999999999999986,15.999999999999925,-7.000000000000028,,,,False,False,False,1,3248.878,3.248878,True
2023-05-24,3240172.0,5.15,5.05,5.15,0.0,0.013,2250.709,8436255.0,61952.0,4211.0,5.25,5.0,4.99,5.05,5.11,1401.0,5.08,5.05,5.35,126.0,5.07,-10.000000000000053,10.000000000000053,16.000000000000014,-7.000000000000028,,,,False,False,False,2,3240.172,3.240172,True
2023-05-25,3240172.0,5.15,5.06,5.21,5.999999999999961,0.0,2197.638,8436255.0,61952.0,4211.0,5.25,5.0,5.0,5.05,5.15,1537.0,5.08,5.05,5.35,131.0,5.07,-9.000000000000075,15.000000000000036,20.999999999999996,-7.000000000000028,,,,False,False,False,3,3240.172,3.240172,True
2023-05-26,3240172.0,5.15,5.06,5.22,6.99999999999994,0.0,2189.681,8436255.0,61952.0,4211.0,5.25,5.0,5.0,5.05,5.15,1476.0,5.08,5.05,5.35,136.0,5.07,-9.000000000000075,16.000000000000014,21.999999999999975,-7.000000000000028,,,,False,False,False,4,3240.172,3.240172,True
2023-05-27,3240172.0,5.15,,,,,,8436255.0,61952.0,4211.0,5.25,5.0,,,,,,,,,,,,,,,,,False,False,False,5,3240.172,3.240172,False
2023-05-28,3240172.0,5.15,,,,,,8436255.0,61952.0,4211.0,5.25,5.0,,,,,,,,,,,,,,,,,False,False,False,6,3240.172,3.240172,False
2023-05-29,3240172.0,5.15,,,,,,8436255.0,61952.0,4211.0,5.25,5.0,,,,,,,,,,,,,,,,,False,False,False,0,3240.172,3.240172,False
2023-05-30,3240172.0,5.15,5.06,5.19,4.0000000000000036,0.0,2200.479,8436255.0,61952.0,4211.0,5.25,5.0,4.99,5.05,5.13,1530.0,5.08,5.05,5.35,127.0,5.06,-9.000000000000075,13.000000000000078,20.000000000000018,-7.000000000000028,,,,False,False,False,1,3240.172,3.240172,True
2023-05-31,3309447.0,5.15,5.08,5.21,5.999999999999961,0.0,2254.859,8385854.0,48954.0,3971.0,5.25,5.0,5.0,5.05,5.17,1623.0,5.08,5.05,5.4,118.0,5.07,-7.000000000000028,12.99999999999999,20.999999999999996,-7.000000000000028,,,,True,False,False,2,3309.447,3.309447,True
2023-06-01,3309447.0,5.15,5.08,5.24,8.999999999999986,0.0,2160.055,8385854.0,48954.0,3971.0,5.25,5.0,5.0,5.06,5.19,1627.0,5.08,5.05,5.35,131.0,5.06,-7.000000000000028,16.000000000000014,24.00000000000002,-7.000000000000028,,,,False,False,False,3,3309.447,3.309447,True
2023-06-02,3309447.0,5.15,5.07,5.23,8.000000000000007,0.0,2142.102,8385854.0,48954.0,3971.0,5.25,5.0,5.0,5.05,5.17,1475.0,5.08,5.05,5.3,141.0,5.06,-8.000000000000007,16.000000000000014,23.000000000000043,-7.000000000000028,,,,False,False,False,4,3309.447,3.309447,True
2023-06-03,3309447.0,5.15,,,,,,8385854.0,48954.0,3971.0,5.25,5.0,,,,,,,,,,,,,,,,,False,False,False,5,3309.447,3.309447,False
2023-06-04,3309447.0,5.15,,,,,,8385854.0,48954.0,3971.0,5.25,5.0,,,,,,,,,,,,,,,,,False,False,False,6,3309.447,3.309447,False
2023-06-05,3309447.0,5.15,5.06,5.18,2.999999999999936,0.0,2131.417,8385854.0,48954.0,3971.0,5.25,5.0,5.0,5.05,5.13,1472.0,5.08,5.05,5.3,136.0,5.07,-9.000000000000075,12.00000000000001,17.99999999999997,-7.000000000000028,,,,False,False,False,0,3309.447,3.309447,True
2023-06-06,3309447.0,5.15,5.05,5.15,0.0,0.0,2134.638,8385854.0,48954.0,3971.0,5.25,5.0,5.0,5.04,5.1,1414.0,5.08,5.05,5.3,144.0,5.07,-10.000000000000053,10.000000000000053,15.000000000000036,-7.000000000000028,,,,False,False,False,1,3309.447,3.309447,True
2023-06-07,3349751.0,5.15,5.05,5.15,0.0,0.0,2161.556,8389325.0,44756.0,3167.0,5.25,5.0,4.99,5.03,5.09,1429.0,5.08,5.05,5.3,137.0,5.07,-10.000000000000053,10.000000000000053,16.000000000000014,-7.000000000000028,,,,False,False,False,2,3349.751,3.349751,True
2023-06-08,3349751.0,5.15,5.05,5.14,-1.0000000000000675,0.002,2141.798,8389325.0,44756.0,3167.0,5.25,5.0,4.99,5.03,5.09,1402.0,5.08,5.05,5.3,136.0,5.07,-10.000000000000053,8.999999999999986,14.999999999999947,-7.000000000000028,,,,False,False,False,3,3349.751,3.349751,True
2023-06-09,3349751.0,5.15,5.05,5.13,-2.000000000000046,0.0,2127.652,8389325.0,44756.0,3167.0,5.25,5.0,4.99,5.03,5.09,1392.0,5.08,5.05,5.3,133.0,5.06,-10.000000000000053,8.000000000000007,13.999999999999968,-7.000000000000028,,,,False,False,False,4,3349.751,3.349751,True
2023-06-10,3349751.0,5.15,,,,,,8389325.0,44756.0,3167.0,5.25,5.0,,,,,,,,,,,,,,,,,False,False,False,5,3349.751,3.349751,False
2023-06-11,3349751.0,5.15,,,,,,8389325.0,44756.0,3167.0,5.25,5.0,,,,,,,,,,,,,,,,,False,False,False,6,3349.751,3.349751,False
2023-06-12,3349751.0,5.15,5.05,5.13,-2.000000000000046,0.0,2126.87,8389325.0,44756.0,3167.0,5.25,5.0,4.97,5.03,5.08,1399.0,5.08,5.05,5.3,134.0,5.06,-10.000000000000053,8.000000000000007,16.000000000000014,-7.000000000000028,,,,False,False,False,0,3349.751,3.349751,True
2023-06-13,3349751.0,5.15,5.05,5.14,-1.0000000000000675,0.0,2074.52,8389325.0,44756.0,3167.0,5.25,5.0,4.98,5.04,5.09,1375.0,5.08,5.05,5.3,131.0,5.06,-10.000000000000053,8.999999999999986,15.999999999999925,-7.000000000000028,,,,False,False,False,1,3349.751,3.349751,True
2023-06-14,3325261.0,5.15,5.05,5.14,-1.0000000000000675,0.0,2109.105,8388323.0,102118.0,3618.0,5.25,5.0,4.99,5.03,5.09,1397.0,5.08,5.05,5.35,128.0,5.06,-10.000000000000053,8.999999999999986,14.999999999999947,-7.000000000000028,,,,False,False,False,2,3325.261,3.325261,True
2023-06-15,3325261.0,5.15,5.06,5.17,1.9999999999999574,0.0,1992.14,8388323.0,102118.0,3618.0,5.25,5.0,5.0,5.05,5.12,1527.0,5.07,5.05,5.35,128.0,5.06,-9.000000000000075,11.000000000000032,16.999999999999993,-8.000000000000007,,,,False,False,False,3,3325.261,3.325261,True
2023-06-16,3325261.0,5.15,5.05,5.15,0.0,0.0,2011.556,8388323.0,102118.0,3618.0,5.25,5.0,5.0,5.05,5.11,1405.0,5.08,5.05,5.3,129.0,5.06,-10.000000000000053,10.000000000000053,15.000000000000036,-7.000000000000028,,,,False,False,False,4,3325.261,3.325261,True
2023-06-17,3325261.0,5.15,,,,,,8388323.0,102118.0,3618.0,5.25,5.0,,,,,,,,,,,,,,,,,False,False,False,5,3325.261,3.325261,False
2023-06-18,3325261.0,5.15,,,,,,8388323.0,102118.0,3618.0,5.25,5.0,,,,,,,,,,,,,,,,,False,False,False,6,3325.261,3.325261,False
2023-06-19,3325261.0,5.15,,,,,,8388323.0,102118.0,3618.0,5.25,5.0,,,,,,,,,,,,,,,,,False,False,False,0,3325.261,3.325261,False
2023-06-20,3325261.0,5.15,5.05,5.14,-1.0000000000000675,0.0,1989.489,8388323.0,102118.0,3618.0,5.25,5.0,4.98,5.05,5.1,1427.0,5.07,5.05,5.3,134.0,5.06,-10.000000000000053,8.999999999999986,15.999999999999925,-8.000000000000007,,,,False,False,False,1,3325.261,3.325261,True
2023-06-21,3251558.0,5.15,5.05,5.14,-1.0000000000000675,0.001,2037.102,8362060.0,276850.0,3208.0,5.25,5.0,5.0,5.04,5.1,1387.0,5.07,5.05,5.3,130.0,5.06,-10.000000000000053,8.999999999999986,13.999999999999968,-8.000000000000007,,,,False,False,False,2,3251.558,3.251558,True
2023-06-22,3251558.0,5.15,5.05,5.14,-1.0000000000000675,0.0,1994.711,8362060.0,276850.0,3208.0,5.25,5.0,5.0,5.05,5.1,1354.0,5.07,5.05,5.35,132.0,5.06,-10.000000000000053,8.999999999999986,13.999999999999968,-8.000000000000007,,,,False,False,False,3,3251.558,3.251558,True
2023-06-23,3251558.0,5.15,5.05,5.15,0.0,0.0,1969.38,8362060.0,276850.0,3208.0,5.25,5.0,5.0,5.05,5.11,1389.0,5.07,5.05,5.35,135.0,5.06,-10.000000000000053,10.000000000000053,15.000000000000036,-8.000000000000007,,,,False,False,False,4,3251.558,3.251558,True
2023-06-24,3251558.0,5.15,,,,,,8362060.0,276850.0,3208.0,5.25,5.0,,,,,,,,,,,,,,,,,False,False,False,5,3251.558,3.251558,False
2023-06-25,3251558.0,5.15,,,,,,8362060.0,276850.0,3208.0,5.25,5.0,,,,,,,,,,,,,,,,,False,False,False,6,3251.558,3.251558,False
2023-06-26,3251558.0,5.15,5.05,5.15,0.0,0.0,1961.027,8362060.0,276850.0,3208.0,5.25,5.0,5.0,5.05,5.11,1429.0,5.07,5.05,5.3,138.0,5.06,-10.000000000000053,10.000000000000053,15.000000000000036,-8.000000000000007,,,,False,False,False,0,3251.558,3.251558,True
2023-06-27,3251558.0,5.15,5.05,5.16,0.9999999999999787,0.001,1951.098,8362060.0,276850.0,3208.0,5.25,5.0,5.0,5.05,5.12,1481.0,5.07,5.05,5.4,132.0,5.06,-10.000000000000053,11.000000000000032,16.000000000000014,-8.000000000000007,,,,False,False,False,1,3251.558,3.251558,True
2023-06-28,3171567.0,5.15,5.06,5.18,2.999999999999936,0.0,1945.211,8340914.0,390571.0,3209.0,5.25,5.0,5.0,5.05,5.13,1499.0,5.07,5.05,5.3,140.0,5.06,-9.000000000000075,12.00000000000001,17.99999999999997,-8.000000000000007,,,,False,False,False,2,3171.567,3.171567,True
2023-06-29,3171567.0,5.15,5.06,5.19,4.0000000000000036,0.0,1934.684,8340914.0,390571.0,3209.0,5.25,5.0,5.0,5.05,5.14,1542.0,5.07,5.05,5.3,135.0,5.07,-9.000000000000075,13.000000000000078,19.00000000000004,-8.000000000000007,,,,False,False,False,3,3171.567,3.171567,True
2023-06-30,3171567.0,5.15,5.09,5.22,6.99999999999994,0.0,2034.319,8340914.0,390571.0,3209.0,5.25,5.0,4.95,5.05,5.16,1549.0,5.08,5.05,5.4,97.0,5.07,-6.00000000000005,12.99999999999999,26.999999999999957,-7.000000000000028,,,,True,True,False,4,3171.567,3.171567,True
2023-07-01,3171567.0,5.15,,,,,,8340914.0,390571.0,3209.0,5.25,5.0,,,,,,,,,,,,,,,,,False,False,False,5,3171.567,3.171567,False
2023-07-02,3171567.0,5.15,,,,,,8340914.0,390571.0,3209.0,5.25,5.0,,,,,,,,,,,,,,,,,False,False,False,6,3171.567,3.171567,False
2023-07-03,3171567.0,5.15,5.06,5.18,2.999999999999936,0.0,1909.639,8340914.0,390571.0,3209.0,5.25,5.0,5.0,5.05,5.14,1579.0,5.08,5.05,5.3,124.0,5.07,-9.000000000000075,12.00000000000001,17.99999999999997,-7.000000000000028,,,,False,False,False,0,3171.567,3.171567,True
2023-07-04,3171567.0,5.15,,,,,,8340914.0,390571.0,3209.0,5.25,5.0,,,,,,,,,,,,,,,,,False,False,False,1,3171.567,3.171567,False
2023-07-05,3114989.0,5.15,5.06,5.17,1.9999999999999574,0.0,1867.061,8298312.0,415441.0,3356.0,5.25,5.0,5.0,5.05,5.13,1589.0,5.08,5.05,5.3,123.0,5.07,-9.000000000000075,11.000000000000032,16.999999999999993,-7.000000000000028,,,,False,False,False,2,3114.989,3.114989,True
2023-07-06,3114989.0,5.15,5.06,5.18,2.999999999999936,0.01,1854.256,8298312.0,415441.0,3356.0,5.25,5.0,5.0,5.05,5.13,1573.0,5.08,5.05,5.35,119.0,5.07,-9.000000000000075,12.00000000000001,17.99999999999997,-7.000000000000028,,,,False,False,False,3,3114.989,3.114989,True
2023-07-07,3114989.0,5.15,5.06,5.17,1.9999999999999574,0.0,1822.303,8298312.0,415441.0,3356.0,5.25,5.0,5.0,5.05,5.13,1547.0,5.08,5.05,5.3,127.0,5.07,-9.000000000000075,11.000000000000032,16.999999999999993,-7.000000000000028,,,,False,False,False,4,3114.989,3.114989,True
2023-07-08,3114989.0,5.15,,,,,,8298312.0,415441.0,3356.0,5.25,5.0,,,,,,,,,,,,,,,,,False,False,False,5,3114.989,3.114989,False
2023-07-09,3114989.0,5.15,,,,,,8298312.0,415441.0,3356.0,5.25,5.0,,,,,,,,,,,,,,,,,False,False,False,6,3114.989,3.114989,False
2023-07-10,3114989.0,5.15,5.06,5.17,1.9999999999999574,0.0,1811.981,8298312.0,415441.0,3356.0,5.25,5.0,5.0,5.05,5.12,1506.0,5.07,5.05,5.3,125.0,5.07,-9.000000000000075,11.000000000000032,16.999999999999993,-8.000000000000007,,,,False,False,False,0,3114.989,3.114989,True
2023-07-11,3114989.0,5.15,5.06,5.15,0.0,0.001,1775.796,8298312.0,415441.0,3356.0,5.25,5.0,5.0,5.05,5.11,1439.0,5.08,5.05,5.35,121.0,5.06,-9.000000000000075,9.000000000000075,15.000000000000036,-7.000000000000028,,,,False,False,False,1,3114.989,3.114989,True
2023-07-12,3166607.0,5.15,5.05,5.15,0.0,0.001,1820.146,8296923.0,514337.0,2692.0,5.25,5.0,5.0,5.05,5.09,1361.0,5.08,5.05,5.4,116.0,5.07,-10.000000000000053,10.000000000000053,15.000000000000036,-7.000000000000028,,,,False,False,False,2,3166.607,3.166607,True
2023-07-13,3166607.0,5.15,5.06,5.14,-1.0000000000000675,0.0,1767.432,8296923.0,514337.0,2692.0,5.25,5.0,5.0,5.05,5.09,1445.0,5.08,5.05,5.4,122.0,5.07,-9.000000000000075,8.000000000000007,13.999999999999968,-7.000000000000028,,,,False,False,False,3,3166.607,3.166607,True
2023-07-14,3166607.0,5.15,5.05,5.15,0.0,0.0,1740.777,8296923.0,514337.0,2692.0,5.25,5.0,5.0,5.05,5.1,1448.0,5.08,5.05,5.4,115.0,5.07,-10.000000000000053,10.000000000000053,15.000000000000036,-7.000000000000028,,,,False,False,False,4,3166.607,3.166607,True
2023-07-15,3166607.0,5.15,,,,,,8296923.0,514337.0,2692.0,5.25,5.0,,,,,,,,,,,,,,,,,False,False,False,5,3166.607,3.166607,False
2023-07-16,3166607.0,5.15,,,,,,8296923.0,514337.0,2692.0,5.25,5.0,,,,,,,,,,,,,,,,,False,False,False,6,3166.607,3.166607,False
2023-07-17,3166607.0,5.15,5.06,5.15,0.0,0.0,1728.322,8296923.0,514337.0,2692.0,5.25,5.0,5.0,5.05,5.11,1524.0,5.08,5.05,5.4,112.0,5.07,-9.000000000000075,9.000000000000075,15.000000000000036,-7.000000000000028,,,,False,False,False,0,3166.607,3.166607,True
2023-07-18,3166607.0,5.15,5.06,5.15,0.0,0.0,1716.862,8296923.0,514337.0,2692.0,5.25,5.0,5.0,5.05,5.1,1482.0,5.08,5.05,5.4,106.0,5.07,-9.000000000000075,9.000000000000075,15.000000000000036,-7.000000000000028,,,,False,False,False,1,3166.607,3.166607,True
2023-07-19,3230457.0,5.15,5.05,5.14,-1.0000000000000675,0.025,1732.804,8274552.0,531135.0,2633.0,5.25,5.0,5.0,5.05,5.1,1456.0,5.08,5.05,5.4,106.0,5.07,-10.000000000000053,8.999999999999986,13.999999999999968,-7.000000000000028,,,,False,False,False,2,3230.457,3.230457,True
2023-07-20,3230457.0,5.15,5.06,5.14,-1.0000000000000675,0.0,1721.001,8274552.0,531135.0,2633.0,5.25,5.0,5.0,5.05,5.1,1460.0,5.08,5.05,5.4,111.0,5.07,-9.000000000000075,8.000000000000007,13.999999999999968,-7.000000000000028,,,,False,False,False,3,3230.457,3.230457,True
2023-07-21,3230457.0,5.15,5.05,5.14,-1.0000000000000675,0.0,1770.752,8274552.0,531135.0,2633.0,5.25,5.0,5.0,5.05,5.09,1400.0,5.08,5.05,5.4,110.0,5.07,-10.000000000000053,8.999999999999986,13.999999999999968,-7.000000000000028,,,,False,False,False,4,3230.457,3.230457,True
2023-07-22,3230457.0,5.15,,,,,,8274552.0,531135.0,2633.0,5.25,5.0,,,,,,,,,,,,,,,,,False,False,False,5,3230.457,3.230457,False
2023-07-23,3230457.0,5.15,,,,,,8274552.0,531135.0,2633.0,5.25,5.0,,,,,,,,,,,,,,,,,False,False,False,6,3230.457,3.230457,False
2023-07-24,3230457.0,5.15,5.05,5.13,-2.000000000000046,0.002,1770.867,8274552.0,531135.0,2633.0,5.25,5.0,5.0,5.05,5.09,1365.0,5.08,5.05,5.4,101.0,5.07,-10.000000000000053,8.000000000000007,12.99999999999999,-7.000000000000028,,,,False,False,False,0,3230.457,3.230457,True
2023-07-25,3230457.0,5.15,5.06,5.15,0.0,0.0,1720.716,8274552.0,531135.0,2633.0,5.25,5.0,5.0,5.05,5.1,1470.0,5.08,5.05,5.4,89.0,5.06,-9.000000000000075,9.000000000000075,15.000000000000036,-7.000000000000028,,,,False,False,False,1,3230.457,3.230457,True
2023-07-26,3172244.0,5.15,5.06,5.16,0.9999999999999787,0.0,1749.733,8243344.0,543597.0,2249.0,5.25,5.0,5.0,5.05,5.11,1452.0,5.08,5.05,5.4,98.0,5.07,-9.000000000000075,10.000000000000053,16.000000000000014,-7.000000000000028,,,,False,False,False,2,3172.244,3.172244,True
2023-07-27,3172244.0,5.4,5.31,5.42,1.9999999999999574,0.001,1735.783,8243344.0,543597.0,2249.0,5.5,5.25,5.07,5.3,5.37,1501.0,5.33,5.3,5.65,105.0,5.32,-9.000000000000075,11.000000000000032,34.999999999999964,-7.000000000000028,,,,False,False,False,3,3172.244,3.172244,True
2023-07-28,3172244.0,5.4,5.3,5.41,0.9999999999999787,0.0,1730.227,8243344.0,543597.0,2249.0,5.5,5.25,5.25,5.3,5.36,1419.0,5.33,5.3,5.65,106.0,5.32,-10.000000000000053,11.000000000000032,16.000000000000014,-7.000000000000028,,,,False,False,False,4,3172.244,3.172244,True
2023-07-29,3172244.0,5.4,,,,,,8243344.0,543597.0,2249.0,5.5,5.25,,,,,,,,,,,,,,,,,False,False,False,5,3172.244,3.172244,False
2023-07-30,3172244.0,5.4,,,,,,8243344.0,543597.0,2249.0,5.5,5.25,,,,,,,,,,,,,,,,,False,False,False,6,3172.244,3.172244,False
2023-07-31,3172244.0,5.4,5.31,5.41,0.9999999999999787,0.0,1821.124,8243344.0,543597.0,2249.0,5.5,5.25,5.25,5.3,5.36,1551.0,5.33,5.3,5.65,103.0,5.32,-9.000000000000075,10.000000000000053,16.000000000000014,-7.000000000000028,,,,True,False,False,0,3172.244,3.172244,True
2023-08-01,3172244.0,5.4,5.31,5.4,0.0,0.002,1739.554,8243344.0,543597.0,2249.0,5.5,5.25,5.25,5.3,5.35,1495.0,5.33,5.3,5.65,108.0,5.32,-9.000000000000075,9.000000000000075,15.000000000000036,-7.000000000000028,,,,False,False,False,1,3172.244,3.172244,True
2023-08-02,3189533.0,5.4,5.3,5.39,-1.0000000000000675,0.001,1770.186,8206764.0,517459.0,1898.0,5.5,5.25,5.25,5.3,5.34,1416.0,5.33,5.3,5.65,105.0,5.32,-10.000000000000053,8.999999999999986,13.999999999999968,-7.000000000000028,,,,False,False,False,2,3189.533,3.189533,True
2023-08-03,3189533.0,5.4,5.3,5.39,-1.0000000000000675,0.001,1776.774,8206764.0,517459.0,1898.0,5.5,5.25,5.24,5.29,5.34,1413.0,5.33,5.3,5.65,105.0,5.32,-10.000000000000053,8.999999999999986,14.999999999999947,-7.000000000000028,,,,False,False,False,3,3189.533,3.189533,True
2023-08-04,3189533.0,5.4,5.3,5.38,-2.000000000000046,0.0,1793.804,8206764.0,517459.0,1898.0,5.5,5.25,5.23,5.29,5.32,1369.0,5.33,5.3,5.65,112.0,5.32,-10.000000000000053,8.000000000000007,14.999999999999947,-7.000000000000028,,,,False,False,False,4,3189.533,3.189533,True
2023-08-05,3189533.0,5.4,,,,,,8206764.0,517459.0,1898.0,5.5,5.25,,,,,,,,,,,,,,,,,False,False,False,5,3189.533,3.189533,False
2023-08-06,3189533.0,5.4,,,,,,8206764.0,517459.0,1898.0,5.5,5.25,,,,,,,,,,,,,,,,,False,False,False,6,3189.533,3.189533,False
2023-08-07,3189533.0,5.4,5.3,5.38,-2.000000000000046,0.0,1810.583,8206764.0,517459.0,1898.0,5.5,5.25,5.23,5.28,5.31,1349.0,5.33,5.3,5.65,106.0,5.32,-10.000000000000053,8.000000000000007,14.999999999999947,-7.000000000000028,,,,False,False,False,0,3189.533,3.189533,True
2023-08-08,3189533.0,5.4,5.3,5.38,-2.000000000000046,0.0,1778.351,8206764.0,517459.0,1898.0,5.5,5.25,5.23,5.28,5.31,1340.0,5.33,5.3,5.65,110.0,5.32,-10.000000000000053,8.000000000000007,14.999999999999947,-7.000000000000028,,,,False,False,False,1,3189.533,3.189533,True
2023-08-09,3222856.0,5.4,5.3,5.38,-2.000000000000046,0.0,1796.519,8208241.0,444594.0,1911.0,5.5,5.25,5.24,5.28,5.32,1322.0,5.33,5.3,5.65,111.0,5.31,-10.000000000000053,8.000000000000007,13.999999999999968,-7.000000000000028,,,,False,False,False,2,3222.856,3.222856,True
2023-08-10,3222856.0,5.4,5.3,5.38,-2.000000000000046,0.002,1759.897,8208241.0,444594.0,1911.0,5.5,5.25,5.25,5.3,5.34,1360.0,5.33,5.3,5.65,108.0,5.32,-10.000000000000053,8.000000000000007,12.99999999999999,-7.000000000000028,,,,False,False,False,3,3222.856,3.222856,True
2023-08-11,3222856.0,5.4,5.3,5.39,-1.0000000000000675,0.001,1773.236,8208241.0,444594.0,1911.0,5.5,5.25,5.25,5.29,5.34,1347.0,5.33,5.3,5.65,105.0,5.31,-10.000000000000053,8.999999999999986,13.999999999999968,-7.000000000000028,,,,False,False,False,4,3222.856,3.222856,True
2023-08-12,3222856.0,5.4,,,,,,8208241.0,444594.0,1911.0,5.5,5.25,,,,,,,,,,,,,,,,,False,False,False,5,3222.856,3.222856,False
2023-08-13,3222856.0,5.4,,,,,,8208241.0,444594.0,1911.0,5.5,5.25,,,,,,,,,,,,,,,,,False,False,False,6,3222.856,3.222856,False
2023-08-14,3222856.0,5.4,5.3,5.39,-1.0000000000000675,0.0,1799.311,8208241.0,444594.0,1911.0,5.5,5.25,5.25,5.29,5.34,1333.0,5.33,5.3,5.65,103.0,5.32,-10.000000000000053,8.999999999999986,13.999999999999968,-7.000000000000028,,,,False,False,False,0,3222.856,3.222856,True
2023-08-15,3222856.0,5.4,5.3,5.4,0.0,0.0,1743.784,8208241.0,444594.0,1911.0,5.5,5.25,5.25,5.3,5.35,1413.0,5.33,5.3,5.65,102.0,5.32,-10.000000000000053,10.000000000000053,15.000000000000036,-7.000000000000028,,,,False,False,False,1,3222.856,3.222856,True
2023-08-16,3245971.0,5.4,5.3,5.39,-1.0000000000000675,0.0,1796.725,8145727.0,435795.0,1966.0,5.5,5.25,5.25,5.29,5.34,1391.0,5.33,5.3,5.65,96.0,5.32,-10.000000000000053,8.999999999999986,13.999999999999968,-7.000000000000028,,,,False,False,False,2,3245.971,3.245971,True
2023-08-17,3245971.0,5.4,5.3,5.38,-2.000000000000046,0.001,1794.12,8145727.0,435795.0,1966.0,5.5,5.25,5.25,5.29,5.33,1343.0,5.33,5.3,5.6,98.0,5.32,-10.000000000000053,8.000000000000007,12.99999999999999,-7.000000000000028,,,,False,False,False,3,3245.971,3.245971,True
2023-08-18,3245971.0,5.4,5.3,5.37,-3.000000000000025,0.0,1819.201,8145727.0,435795.0,1966.0,5.5,5.25,5.24,5.28,5.31,1314.0,5.33,5.3,5.55,100.0,5.32,-10.000000000000053,7.000000000000028,12.99999999999999,-7.000000000000028,,,,False,False,False,4,3245.971,3.245971,True
2023-08-19,3245971.0,5.4,,,,,,8145727.0,435795.0,1966.0,5.5,5.25,,,,,,,,,,,,,,,,,False,False,False,5,3245.971,3.245971,False
2023-08-20,3245971.0,5.4,,,,,,8145727.0,435795.0,1966.0,5.5,5.25,,,,,,,,,,,,,,,,,False,False,False,6,3245.971,3.245971,False
2023-08-21,3245971.0,5.4,5.3,5.36,-4.0000000000000036,0.0,1824.788,8145727.0,435795.0,1966.0,5.5,5.25,5.23,5.27,5.31,1322.0,5.33,5.3,5.55,100.0,5.31,-10.000000000000053,6.00000000000005,12.99999999999999,-7.000000000000028,,,,False,False,False,0,3245.971,3.245971,True
2023-08-22,3245971.0,5.4,5.3,5.37,-3.000000000000025,0.0,1812.294,8145727.0,435795.0,1966.0,5.5,5.25,5.23,5.27,5.32,1307.0,5.33,5.3,5.55,101.0,5.31,-10.000000000000053,7.000000000000028,13.999999999999968,-7.000000000000028,,,,False,False,False,1,3245.971,3.245971,True
2023-08-23,3186789.0,5.4,5.3,5.37,-3.000000000000025,0.0,1816.533,8139066.0,413787.0,2190.0,5.5,5.25,5.24,5.28,5.33,1270.0,5.33,5.3,5.55,105.0,5.32,-10.000000000000053,7.000000000000028,12.99999999999999,-7.000000000000028,,,,False,False,False,2,3186.789,3.186789,True
2023-08-24,3186789.0,5.4,5.3,5.38,-2.000000000000046,0.0,1731.623,8139066.0,413787.0,2190.0,5.5,5.25,5.25,5.29,5.34,1344.0,5.33,5.3,5.5,105.0,5.31,-10.000000000000053,8.000000000000007,12.99999999999999,-7.000000000000028,,,,False,False,False,3,3186.789,3.186789,True
2023-08-25,3186789.0,5.4,5.3,5.39,-1.0000000000000675,0.0,1687.379,8139066.0,413787.0,2190.0,5.5,5.25,5.25,5.3,5.35,1344.0,5.33,5.3,5.5,103.0,5.31,-10.000000000000053,8.999999999999986,13.999999999999968,-7.000000000000028,,,,False,False,False,4,3186.789,3.186789,True
2023-08-26,3186789.0,5.4,,,,,,8139066.0,413787.0,2190.0,5.5,5.25,,,,,,,,,,,,,,,,,False,False,False,5,3186.789,3.186789,False
2023-08-27,3186789.0,5.4,,,,,,8139066.0,413787.0,2190.0,5.5,5.25,,,,,,,,,,,,,,,,,False,False,False,6,3186.789,3.186789,False
2023-08-28,3186789.0,5.4,5.3,5.39,-1.0000000000000675,0.0,1708.605,8139066.0,413787.0,2190.0,5.5,5.25,5.25,5.3,5.35,1384.0,5.33,5.3,5.5,107.0,5.31,-10.000000000000053,8.999999999999986,13.999999999999968,-7.000000000000028,,,,False,False,False,0,3186.789,3.186789,True
2023-08-29,3186789.0,5.4,5.3,5.4,0.0,0.001,1693.278,8139066.0,413787.0,2190.0,5.5,5.25,5.25,5.3,5.35,1314.0,5.33,5.3,5.55,102.0,5.32,-10.000000000000053,10.000000000000053,15.000000000000036,-7.000000000000028,,,,False,False,False,1,3186.789,3.186789,True
2023-08-30,3238345.0,5.4,5.3,5.4,0.0,0.0,1696.819,8121316.0,470800.0,2907.0,5.5,5.25,5.25,5.3,5.34,1311.0,5.33,5.3,5.5,100.0,5.31,-10.000000000000053,10.000000000000053,15.000000000000036,-7.000000000000028,,,,False,False,False,2,3238.345,3.238345,True
2023-08-31,3238345.0,5.4,5.31,5.4,0.0,0.0,1651.602,8121316.0,470800.0,2907.0,5.5,5.25,5.25,5.3,5.36,1549.0,5.33,5.3,5.5,97.0,5.32,-9.000000000000075,9.000000000000075,15.000000000000036,-7.000000000000028,,,,True,False,False,3,3238.345,3.238345,True
2023-09-01,3238345.0,5.4,5.31,5.4,0.0,0.0,1574.065,8121316.0,470800.0,2907.0,5.5,5.25,5.25,5.3,5.36,1458.0,5.33,5.3,5.5,104.0,5.32,-9.000000000000075,9.000000000000075,15.000000000000036,-7.000000000000028,,,,False,False,False,4,3238.345,3.238345,True
2023-09-02,3238345.0,5.4,,,,,,8121316.0,470800.0,2907.0,5.5,5.25,,,,,,,,,,,,,,,,,False,False,False,5,3238.345,3.238345,False
2023-09-03,3238345.0,5.4,,,,,,8121316.0,470800.0,2907.0,5.5,5.25,,,,,,,,,,,,,,,,,False,False,False,6,3238.345,3.238345,False
2023-09-04,3238345.0,5.4,,,,,,8121316.0,470800.0,2907.0,5.5,5.25,,,,,,,,,,,,,,,,,False,False,False,0,3238.345,3.238345,False
2023-09-05,3238345.0,5.4,5.31,5.4,0.0,0.011,1568.49,8121316.0,470800.0,2907.0,5.5,5.25,5.25,5.3,5.36,1472.0,5.33,5.3,5.5,102.0,5.32,-9.000000000000075,9.000000000000075,15.000000000000036,-7.000000000000028,,,,False,False,False,1,3238.345,3.238345,True
2023-09-06,3307291.0,5.4,5.3,5.39,-1.0000000000000675,0.001,1606.244,8101318.0,470881.0,2051.0,5.5,5.25,5.25,5.3,5.35,1391.0,5.33,5.3,5.5,100.0,5.32,-10.000000000000053,8.999999999999986,13.999999999999968,-7.000000000000028,,,,False,False,False,2,3307.291,3.307291,True
2023-09-07,3307291.0,5.4,5.31,5.4,0.0,0.012,1535.289,8101318.0,470881.0,2051.0,5.5,5.25,5.25,5.3,5.35,1479.0,5.33,5.3,5.5,105.0,5.31,-9.000000000000075,9.000000000000075,15.000000000000036,-7.000000000000028,,,,False,False,False,3,3307.291,3.307291,True
2023-09-08,3307291.0,5.4,5.3,5.39,-1.0000000000000675,0.0,1525.403,8101318.0,470881.0,2051.0,5.5,5.25,5.25,5.3,5.35,1420.0,5.33,5.3,5.5,104.0,5.32,-10.000000000000053,8.999999999999986,13.999999999999968,-7.000000000000028,,,,False,False,False,4,3307.291,3.307291,True
2023-09-09,3307291.0,5.4,,,,,,8101318.0,470881.0,2051.0,5.5,5.25,,,,,,,,,,,,,,,,,False,False,False,5,3307.291,3.307291,False
2023-09-10,3307291.0,5.4,,,,,,8101318.0,470881.0,2051.0,5.5,5.25,,,,,,,,,,,,,,,,,False,False,False,6,3307.291,3.307291,False
2023-09-11,3307291.0,5.4,5.3,5.39,-1.0000000000000675,0.001,1549.111,8101318.0,470881.0,2051.0,5.5,5.25,5.25,5.3,5.35,1378.0,5.33,5.3,5.5,105.0,5.32,-10.000000000000053,8.999999999999986,13.999999999999968,-7.000000000000028,,,,False,False,False,0,3307.291,3.307291,True
2023-09-12,3307291.0,5.4,5.3,5.39,-1.0000000000000675,0.0,1493.781,8101318.0,470881.0,2051.0,5.5,5.25,5.25,5.3,5.35,1448.0,5.33,5.3,5.5,108.0,5.32,-10.000000000000053,8.999999999999986,13.999999999999968,-7.000000000000028,,,,False,False,False,1,3307.291,3.307291,True
2023-09-13,3335459.0,5.4,5.3,5.39,-1.0000000000000675,0.0,1546.225,8098779.0,521507.0,2698.0,5.5,5.25,5.25,5.3,5.35,1385.0,5.33,5.3,5.55,104.0,5.32,-10.000000000000053,8.999999999999986,13.999999999999968,-7.000000000000028,,,,False,False,False,2,3335.459,3.335459,True
2023-09-14,3335459.0,5.4,5.3,5.39,-1.0000000000000675,0.001,1492.427,8098779.0,521507.0,2698.0,5.5,5.25,5.25,5.3,5.35,1436.0,5.33,5.3,5.55,92.0,5.31,-10.000000000000053,8.999999999999986,13.999999999999968,-7.000000000000028,,,,False,False,False,3,3335.459,3.335459,True
2023-09-15,3335459.0,5.4,5.31,5.4,0.0,0.0,1401.403,8098779.0,521507.0,2698.0,5.5,5.25,5.25,5.3,5.36,1586.0,5.33,5.3,5.5,96.0,5.32,-9.000000000000075,9.000000000000075,15.000000000000036,-7.000000000000028,,,,False,False,False,4,3335.459,3.335459,True
2023-09-16,3335459.0,5.4,,,,,,8098779.0,521507.0,2698.0,5.5,5.25,,,,,,,,,,,,,,,,,False,False,False,5,3335.459,3.335459,False
2023-09-17,3335459.0,5.4,,,,,,8098779.0,521507.0,2698.0,5.5,5.25,,,,,,,,,,,,,,,,,False,False,False,6,3335.459,3.335459,False
2023-09-18,3335459.0,5.4,5.31,5.41,0.9999999999999787,0.0,1452.942,8098779.0,521507.0,2698.0,5.5,5.25,5.26,5.3,5.37,1565.0,5.33,5.3,5.53,94.0,5.32,-9.000000000000075,10.000000000000053,15.000000000000036,-7.000000000000028,,,,False,False,False,0,3335.459,3.335459,True
2023-09-19,3335459.0,5.4,5.31,5.4,0.0,0.0,1453.324,8098779.0,521507.0,2698.0,5.5,5.25,5.25,5.3,5.36,1562.0,5.33,5.3,5.55,90.0,5.32,-9.000000000000075,9.000000000000075,15.000000000000036,-7.000000000000028,,,,False,False,False,1,3335.459,3.335459,True
2023-09-20,3231649.0,5.4,5.3,5.39,-1.0000000000000675,0.0,1486.984,8024090.0,640296.0,3078.0,5.5,5.25,5.25,5.3,5.34,1492.0,5.33,5.3,5.55,89.0,5.32,-10.000000000000053,8.999999999999986,13.999999999999968,-7.000000000000028,,,,False,False,False,2,3231.649,3.231649,True
2023-09-21,3231649.0,5.4,5.3,5.39,-1.0000000000000675,0.001,1454.115,8024090.0,640296.0,3078.0,5.5,5.25,5.25,5.3,5.35,1522.0,5.33,5.3,5.55,87.0,5.32,-10.000000000000053,8.999999999999986,13.999999999999968,-7.000000000000028,,,,False,False,False,3,3231.649,3.231649,True
2023-09-22,3231649.0,5.4,5.3,5.39,-1.0000000000000675,0.0,1427.575,8024090.0,640296.0,3078.0,5.5,5.25,5.25,5.3,5.35,1511.0,5.33,5.3,5.55,94.0,5.32,-10.000000000000053,8.999999999999986,13.999999999999968,-7.000000000000028,,,,False,False,False,4,3231.649,3.231649,True
2023-09-23,3231649.0,5.4,,,,,,8024090.0,640296.0,3078.0,5.5,5.25,,,,,,,,,,,,,,,,,False,False,False,5,3231.649,3.231649,False
2023-09-24,3231649.0,5.4,,,,,,8024090.0,640296.0,3078.0,5.5,5.25,,,,,,,,,,,,,,,,,False,False,False,6,3231.649,3.231649,False
2023-09-25,3231649.0,5.4,5.31,5.41,0.9999999999999787,0.0,1437.31,8024090.0,640296.0,3078.0,5.5,5.25,5.25,5.3,5.36,1524.0,5.33,5.3,5.55,93.0,5.32,-9.000000000000075,10.000000000000053,16.000000000000014,-7.000000000000028,,,,False,False,False,0,3231.649,3.231649,True
2023-09-26,3231649.0,5.4,5.31,5.43,2.999999999999936,0.0,1438.301,8024090.0,640296.0,3078.0,5.5,5.25,5.27,5.3,5.39,1561.0,5.33,5.3,5.55,96.0,5.32,-9.000000000000075,12.00000000000001,16.000000000000014,-7.000000000000028,,,,False,False,False,1,3231.649,3.231649,True
2023-09-27,3170324.0,5.4,5.32,5.43,2.999999999999936,0.001,1442.805,8002064.0,681143.0,3193.0,5.5,5.25,5.27,5.3,5.39,1388.0,5.33,5.3,5.55,99.0,5.32,-8.000000000000007,10.999999999999943,16.000000000000014,-7.000000000000028,,,,False,False,False,2,3170.324,3.170324,True
2023-09-28,3170324.0,5.4,5.31,5.43,2.999999999999936,0.0,1453.366,8002064.0,681143.0,3193.0,5.5,5.25,5.26,5.3,5.38,1535.0,5.33,5.3,5.44,104.0,5.32,-9.000000000000075,12.00000000000001,16.999999999999993,-7.000000000000028,,,,False,False,False,3,3170.324,3.170324,True
2023-09-29,3170324.0,5.4,5.31,5.42,1.9999999999999574,0.0,1557.569,8002064.0,681143.0,3193.0,5.5,5.25,5.25,5.3,5.37,1537.0,5.33,5.3,5.55,86.0,5.32,-9.000000000000075,11.000000000000032,16.999999999999993,-7.000000000000028,,,,False,False,False,4,3170.324,3.170324,True
2023-09-30,3170324.0,5.4,,,,,,8002064.0,681143.0,3193.0,5.5,5.25,,,,,,,,,,,,,,,,,True,True,False,5,3170.324,3.170324,False
2023-10-01,3170324.0,5.4,,,,,,8002064.0,681143.0,3193.0,5.5,5.25,,,,,,,,,,,,,,,,,False,False,False,6,3170.324,3.170324,False
2023-10-02,3170324.0,5.4,5.32,5.43,2.999999999999936,0.0,1365.739,8002064.0,681143.0,3193.0,5.5,5.25,5.27,5.3,5.4,1513.0,5.33,5.3,5.55,89.0,5.32,-8.000000000000007,10.999999999999943,16.000000000000014,-7.000000000000028,,,,False,False,False,0,3170.324,3.170324,True
2023-10-03,3170324.0,5.4,5.33,5.44,4.0000000000000036,0.001,1348.465,8002064.0,681143.0,3193.0,5.5,5.25,5.28,5.31,5.4,1498.0,5.33,5.3,5.55,94.0,5.32,-7.000000000000028,11.000000000000032,16.000000000000014,-7.000000000000028,,,,False,False,False,1,3170.324,3.170324,True
2023-10-04,3145720.0,5.4,5.32,5.43,2.999999999999936,0.0,1342.031,7955782.0,668009.0,2773.0,5.5,5.25,5.27,5.3,5.38,1436.0,5.33,5.3,5.53,103.0,5.32,-8.000000000000007,10.999999999999943,16.000000000000014,-7.000000000000028,,,,False,False,False,2,3145.72,3.14572,True
2023-10-05,3145720.0,5.4,5.32,5.42,1.9999999999999574,0.0,1265.132,7955782.0,668009.0,2773.0,5.5,5.25,5.26,5.3,5.38,1520.0,5.33,5.3,5.55,102.0,5.32,-8.000000000000007,9.999999999999964,16.000000000000014,-7.000000000000028,,,,False,False,False,3,3145.72,3.14572,True
2023-10-06,3145720.0,5.4,5.31,5.42,1.9999999999999574,0.0,1283.461,7955782.0,668009.0,2773.0,5.5,5.25,5.26,5.3,5.38,1404.0,5.33,5.3,5.53,100.0,5.32,-9.000000000000075,11.000000000000032,16.000000000000014,-7.000000000000028,,,,False,False,False,4,3145.72,3.14572,True
2023-10-07,3145720.0,5.4,,,,,,7955782.0,668009.0,2773.0,5.5,5.25,,,,,,,,,,,,,,,,,False,False,False,5,3145.72,3.14572,False
2023-10-08,3145720.0,5.4,,,,,,7955782.0,668009.0,2773.0,5.5,5.25,,,,,,,,,,,,,,,,,False,False,False,6,3145.72,3.14572,False
2023-10-09,3145720.0,5.4,,,,,,7955782.0,668009.0,2773.0,5.5,5.25,,,,,,,,,,,,,,,,,False,False,False,0,3145.72,3.14572,False
2023-10-10,3145720.0,5.4,5.31,5.43,2.999999999999936,0.0,1222.44,7955782.0,668009.0,2773.0,5.5,5.25,5.26,5.3,5.39,1522.0,5.33,5.3,5.55,95.0,5.32,-9.000000000000075,12.00000000000001,16.999999999999993,-7.000000000000028,,,,False,False,False,1,3145.72,3.14572,True
2023-10-11,3288945.0,5.4,5.31,5.43,2.999999999999936,0.0,1239.382,7952054.0,709160.0,2580.0,5.5,5.25,5.26,5.3,5.39,1465.0,5.33,5.3,5.55,94.0,5.32,-9.000000000000075,12.00000000000001,16.999999999999993,-7.000000000000028,,,,False,False,False,2,3288.945,3.288945,True
2023-10-12,3288945.0,5.4,5.31,5.43,2.999999999999936,0.001,1157.319,7952054.0,709160.0,2580.0,5.5,5.25,5.26,5.3,5.39,1467.0,5.33,5.3,5.53,103.0,5.32,-9.000000000000075,12.00000000000001,16.999999999999993,-7.000000000000028,,,,False,False,False,3,3288.945,3.288945,True
2023-10-13,3288945.0,5.4,5.31,5.43,2.999999999999936,0.0,1151.818,7952054.0,709160.0,2580.0,5.5,5.25,5.26,5.3,5.38,1383.0,5.33,5.3,5.5,99.0,5.32,-9.000000000000075,12.00000000000001,16.999999999999993,-7.000000000000028,,,,False,False,False,4,3288.945,3.288945,True
2023-10-14,3288945.0,5.4,,,,,,7952054.0,709160.0,2580.0,5.5,5.25,,,,,,,,,,,,,,,,,False,False,False,5,3288.945,3.288945,False
2023-10-15,3288945.0,5.4,,,,,,7952054.0,709160.0,2580.0,5.5,5.25,,,,,,,,,,,,,,,,,False,False,False,6,3288.945,3.288945,False
2023-10-16,3288945.0,5.4,5.31,5.43,2.999999999999936,0.0,1108.819,7952054.0,709160.0,2580.0,5.5,5.25,5.26,5.3,5.39,1450.0,5.33,5.3,5.55,96.0,5.32,-9.000000000000075,12.00000000000001,16.999999999999993,-7.000000000000028,,,,False,False,False,0,3288.945,3.288945,True
2023-10-17,3288945.0,5.4,5.31,5.42,1.9999999999999574,0.0,1082.502,7952054.0,709160.0,2580.0,5.5,5.25,5.26,5.3,5.37,1427.0,5.33,5.3,5.55,93.0,5.32,-9.000000000000075,11.000000000000032,16.000000000000014,-7.000000000000028,,,,False,False,False,1,3288.945,3.288945,True
2023-10-18,3353881.0,5.4,5.3,5.4,0.0,0.0,1150.781,7933162.0,759878.0,2962.0,5.5,5.25,5.25,5.3,5.34,1396.0,5.33,5.3,5.55,89.0,5.32,-10.000000000000053,10.000000000000053,15.000000000000036,-7.000000000000028,,,,False,False,False,2,3353.881,3.353881,True
2023-10-19,3353881.0,5.4,5.3,5.38,-2.000000000000046,0.0,1114.179,7933162.0,759878.0,2962.0,5.5,5.25,5.25,5.3,5.33,1398.0,5.33,5.3,5.55,90.0,5.32,-10.000000000000053,8.000000000000007,12.99999999999999,-7.000000000000028,,,,False,False,False,3,3353.881,3.353881,True
2023-10-20,3353881.0,5.4,5.3,5.37,-3.000000000000025,0.001,1138.756,7933162.0,759878.0,2962.0,5.5,5.25,5.25,5.3,5.33,1396.0,5.33,5.3,5.55,87.0,5.32,-10.000000000000053,7.000000000000028,12.00000000000001,-7.000000000000028,,,,False,False,False,4,3353.881,3.353881,True
2023-10-21,3353881.0,5.4,,,,,,7933162.0,759878.0,2962.0,5.5,5.25,,,,,,,,,,,,,,,,,False,False,False,5,3353.881,3.353881,False
2023-10-22,3353881.0,5.4,,,,,,7933162.0,759878.0,2962.0,5.5,5.25,,,,,,,,,,,,,,,,,False,False,False,6,3353.881,3.353881,False
2023-10-23,3353881.0,5.4,5.3,5.37,-3.000000000000025,0.003,1157.976,7933162.0,759878.0,2962.0,5.5,5.25,5.25,5.29,5.31,1330.0,5.33,5.3,5.55,88.0,5.32,-10.000000000000053,7.000000000000028,12.00000000000001,-7.000000000000028,,,,False,False,False,0,3353.881,3.353881,True
2023-10-24,3353881.0,5.4,5.3,5.38,-2.000000000000046,0.0,1097.875,7933162.0,759878.0,2962.0,5.5,5.25,5.25,5.3,5.33,1387.0,5.33,5.3,5.55,83.0,5.32,-10.000000000000053,8.000000000000007,12.99999999999999,-7.000000000000028,,,,False,False,False,1,3353.881,3.353881,True
2023-10-25,3261886.0,5.4,5.3,5.39,-1.0000000000000675,0.001,1100.617,7907830.0,834418.0,3170.0,5.5,5.25,5.26,5.3,5.34,1439.0,5.33,5.3,5.55,93.0,5.32,-10.000000000000053,8.999999999999986,12.99999999999999,-7.000000000000028,,,,False,False,False,2,3261.886,3.261886,True
2023-10-26,3261886.0,5.4,5.31,5.4,0.0,0.001,1089.85,7907830.0,834418.0,3170.0,5.5,5.25,5.27,5.3,5.36,1506.0,5.33,5.3,5.5,100.0,5.32,-9.000000000000075,9.000000000000075,13.000000000000078,-7.000000000000028,,,,False,False,False,3,3261.886,3.261886,True
2023-10-27,3261886.0,5.4,5.31,5.4,0.0,0.001,1091.858,7907830.0,834418.0,3170.0,5.5,5.25,5.26,5.3,5.36,1496.0,5.33,5.3,5.55,94.0,5.32,-9.000000000000075,9.000000000000075,14.000000000000057,-7.000000000000028,,,,False,False,False,4,3261.886,3.261886,True
2023-10-28,3261886.0,5.4,,,,,,7907830.0,834418.0,3170.0,5.5,5.25,,,,,,,,,,,,,,,,,False,False,False,5,3261.886,3.261886,False
2023-10-29,3261886.0,5.4,,,,,,7907830.0,834418.0,3170.0,5.5,5.25,,,,,,,,,,,,,,,,,False,False,False,6,3261.886,3.261886,False
2023-10-30,3261886.0,5.4,5.31,5.4,0.0,0.0,1138.035,7907830.0,834418.0,3170.0,5.5,5.25,5.26,5.3,5.35,1470.0,5.33,5.3,5.5,97.0,5.32,-9.000000000000075,9.000000000000075,14.000000000000057,-7.000000000000028,,,,False,False,False,0,3261.886,3.261886,True
2023-10-31,3261886.0,5.4,5.35,5.45,4.999999999999982,0.0,1137.697,7907830.0,834418.0,3170.0,5.5,5.25,5.26,5.3,5.4,1582.0,5.33,5.3,5.55,86.0,5.32,-5.000000000000071,10.000000000000053,19.00000000000004,-7.000000000000028,,,,True,False,False,1,3261.886,3.261886,True
2023-11-01,3267216.0,5.4,5.32,5.44,4.0000000000000036,0.0,1079.462,7866664.0,820487.0,2951.0,5.5,5.25,5.27,5.31,5.4,1621.0,5.33,5.3,5.53,92.0,5.32,-8.000000000000007,12.00000000000001,17.00000000000008,-7.000000000000028,,,,False,False,False,2,3267.216,3.267216,True
2023-11-02,3267216.0,5.4,5.33,5.44,4.0000000000000036,0.0,1054.986,7866664.0,820487.0,2951.0,5.5,5.25,5.28,5.31,5.4,1640.0,5.33,5.3,5.55,99.0,5.32,-7.000000000000028,11.000000000000032,16.000000000000014,-7.000000000000028,,,,False,False,False,3,3267.216,3.267216,True
2023-11-03,3267216.0,5.4,5.32,5.44,4.0000000000000036,0.0,1071.139,7866664.0,820487.0,2951.0,5.5,5.25,5.28,5.3,5.39,1579.0,5.33,5.3,5.5,102.0,5.32,-8.000000000000007,12.00000000000001,16.000000000000014,-7.000000000000028,,,,False,False,False,4,3267.216,3.267216,True
2023-11-04,3267216.0,5.4,,,,,,7866664.0,820487.0,2951.0,5.5,5.25,,,,,,,,,,,,,,,,,False,False,False,5,3267.216,3.267216,False
2023-11-05,3267216.0,5.4,,,,,,7866664.0,820487.0,2951.0,5.5,5.25,,,,,,,,,,,,,,,,,False,False,False,6,3267.216,3.267216,False
2023-11-06,3267216.0,5.4,5.32,5.43,2.999999999999936,0.001,1062.878,7866664.0,820487.0,2951.0,5.5,5.25,5.27,5.3,5.38,1559.0,5.33,5.3,5.5,101.0,5.32,-8.000000000000007,10.999999999999943,16.000000000000014,-7.000000000000028,,,,False,False,False,0,3267.216,3.267216,True
2023-11-07,3267216.0,5.4,5.32,5.42,1.9999999999999574,0.001,1008.685,7866664.0,820487.0,2951.0,5.5,5.25,5.27,5.3,5.38,1546.0,5.33,5.3,5.53,104.0,5.32,-8.000000000000007,9.999999999999964,15.000000000000036,-7.000000000000028,,,,False,False,False,1,3267.216,3.267216,True
2023-11-08,3328908.0,5.4,5.32,5.42,1.9999999999999574,0.0,1024.451,7860691.0,772686.0,2229.0,5.5,5.25,5.27,5.3,5.38,1470.0,5.33,5.3,5.5,101.0,5.32,-8.000000000000007,9.999999999999964,15.000000000000036,-7.000000000000028,,,,False,False,False,2,3328.908,3.328908,True
2023-11-09,3328908.0,5.4,5.32,5.43,2.999999999999936,0.01,993.314,7860691.0,772686.0,2229.0,5.5,5.25,5.27,5.3,5.38,1526.0,5.33,5.3,5.5,105.0,5.32,-8.000000000000007,10.999999999999943,16.000000000000014,-7.000000000000028,,,,False,False,False,3,3328.908,3.328908,True
2023-11-10,3328908.0,5.4,5.32,5.46,5.999999999999961,0.0,1032.72,7860691.0,772686.0,2229.0,5.5,5.25,5.27,5.3,5.38,1469.0,5.33,5.3,5.5,106.0,5.32,-8.000000000000007,13.999999999999968,19.00000000000004,-7.000000000000028,,,,False,False,False,4,3328.908,3.328908,True
2023-11-11,3328908.0,5.4,,,,,,7860691.0,772686.0,2229.0,5.5,5.25,,,,,,,,,,,,,,,,,False,False,False,5,3328.908,3.328908,False
2023-11-12,3328908.0,5.4,,,,,,7860691.0,772686.0,2229.0,5.5,5.25,,,,,,,,,,,,,,,,,False,False,False,6,3328.908,3.328908,False
2023-11-13,3328908.0,5.4,5.32,5.43,2.999999999999936,0.0,1020.272,7860691.0,772686.0,2229.0,5.5,5.25,5.27,5.3,5.39,1494.0,5.33,5.3,5.5,102.0,5.32,-8.000000000000007,10.999999999999943,16.000000000000014,-7.000000000000028,,,,False,False,False,0,3328.908,3.328908,True
2023-11-14,3328908.0,5.4,5.32,5.43,2.999999999999936,0.01,988.298,7860691.0,772686.0,2229.0,5.5,5.25,5.27,5.3,5.39,1533.0,5.33,5.3,5.5,102.0,5.32,-8.000000000000007,10.999999999999943,16.000000000000014,-7.000000000000028,,,,False,False,False,1,3328.908,3.328908,True
2023-11-15,3391713.0,5.4,5.32,5.43,2.999999999999936,0.036,944.241,7814991.0,738562.0,2241.0,5.5,5.25,5.27,5.3,5.39,1605.0,5.33,5.3,5.5,96.0,5.32,-8.000000000000007,10.999999999999943,16.000000000000014,-7.000000000000028,,,,False,False,False,2,3391.713,3.391713,True
2023-11-16,3391713.0,5.4,5.32,5.43,2.999999999999936,0.0,912.01,7814991.0,738562.0,2241.0,5.5,5.25,5.27,5.3,5.39,1640.0,5.33,5.3,5.5,99.0,5.32,-8.000000000000007,10.999999999999943,16.000000000000014,-7.000000000000028,,,,False,False,False,3,3391.713,3.391713,True
2023-11-17,3391713.0,5.4,5.32,5.43,2.999999999999936,0.0,935.803,7814991.0,738562.0,2241.0,5.5,5.25,5.27,5.3,5.38,1587.0,5.33,5.3,5.5,98.0,5.32,-8.000000000000007,10.999999999999943,16.000000000000014,-7.000000000000028,,,,False,False,False,4,3391.713,3.391713,True
2023-11-18,3391713.0,5.4,,,,,,7814991.0,738562.0,2241.0,5.5,5.25,,,,,,,,,,,,,,,,,False,False,False,5,3391.713,3.391713,False
2023-11-19,3391713.0,5.4,,,,,,7814991.0,738562.0,2241.0,5.5,5.25,,,,,,,,,,,,,,,,,False,False,False,6,3391.713,3.391713,False
2023-11-20,3391713.0,5.4,5.31,5.41,0.9999999999999787,0.0,953.088,7814991.0,738562.0,2241.0,5.5,5.25,5.26,5.3,5.36,1621.0,5.33,5.3,5.5,101.0,5.32,-9.000000000000075,10.000000000000053,15.000000000000036,-7.000000000000028,,,,False,False,False,0,3391.713,3.391713,True
2023-11-21,3391713.0,5.4,5.31,5.4,0.0,0.0,931.155,7814991.0,738562.0,2241.0,5.5,5.25,5.26,5.3,5.35,1603.0,5.33,5.3,5.5,102.0,5.32,-9.000000000000075,9.000000000000075,14.000000000000057,-7.000000000000028,,,,False,False,False,1,3391.713,3.391713,True
2023-11-22,3453853.0,5.4,5.31,5.4,0.0,0.0,931.604,7810814.0,706017.0,2442.0,5.5,5.25,5.26,5.3,5.35,1547.0,5.33,5.3,5.5,102.0,5.32,-9.000000000000075,9.000000000000075,14.000000000000057,-7.000000000000028,,,,False,False,False,2,3453.853,3.453853,True
2023-11-23,3453853.0,5.4,,,,,,7810814.0,706017.0,2442.0,5.5,5.25,,,,,,,,,,,,,,,,,False,False,False,3,3453.853,3.453853,False
2023-11-24,3453853.0,5.4,5.32,5.42,1.9999999999999574,0.0,865.907,7810814.0,706017.0,2442.0,5.5,5.25,5.27,5.3,5.39,1521.0,5.33,5.3,5.5,101.0,5.32,-8.000000000000007,9.999999999999964,15.000000000000036,-7.000000000000028,,,,False,False,False,4,3453.853,3.453853,True
2023-11-25,3453853.0,5.4,,,,,,7810814.0,706017.0,2442.0,5.5,5.25,,,,,,,,,,,,,,,,,False,False,False,5,3453.853,3.453853,False
2023-11-26,3453853.0,5.4,,,,,,7810814.0,706017.0,2442.0,5.5,5.25,,,,,,,,,,,,,,,,,False,False,False,6,3453.853,3.453853,False
2023-11-27,3453853.0,5.4,5.32,5.44,4.0000000000000036,0.0,867.22,7810814.0,706017.0,2442.0,5.5,5.25,5.27,5.3,5.4,1602.0,5.33,5.3,5.5,97.0,5.32,-8.000000000000007,12.00000000000001,17.00000000000008,-7.000000000000028,,,,False,False,False,0,3453.853,3.453853,True
2023-11-28,3453853.0,5.4,5.32,5.43,2.999999999999936,0.001,873.344,7810814.0,706017.0,2442.0,5.5,5.25,5.27,5.3,5.4,1593.0,5.33,5.3,5.5,97.0,5.32,-8.000000000000007,10.999999999999943,16.000000000000014,-7.000000000000028,,,,False,False,False,1,3453.853,3.453853,True
2023-11-29,3441581.0,5.4,5.31,5.44,4.0000000000000036,0.001,914.187,7796145.0,739209.0,2242.0,5.5,5.25,5.27,5.3,5.39,1578.0,5.33,5.3,5.5,96.0,5.32,-9.000000000000075,13.000000000000078,17.00000000000008,-7.000000000000028,,,,False,False,False,2,3441.581,3.441581,True
2023-11-30,3441581.0,5.4,5.33,5.51,10.999999999999943,0.0,887.822,7796145.0,739209.0,2242.0,5.5,5.25,5.28,5.31,5.44,1850.0,5.33,5.3,5.5,91.0,5.32,-7.000000000000028,17.99999999999997,22.999999999999954,-7.000000000000028,,,,True,False,False,3,3441.581,3.441581,True
2023-12-01,3441581.0,5.4,5.39,5.5,9.999999999999964,0.001,768.543,7796145.0,739209.0,2242.0,5.5,5.25,5.28,5.32,5.45,1650.0,5.33,5.3,5.44,107.0,5.32,-1.0000000000000675,11.000000000000032,21.999999999999975,-7.000000000000028,,,,False,False,False,4,3441.581,3.441581,True
2023-12-02,3441581.0,5.4,,,,,,7796145.0,739209.0,2242.0,5.5,5.25,,,,,,,,,,,,,,,,,False,False,False,5,3441.581,3.441581,False
2023-12-03,3441581.0,5.4,,,,,,7796145.0,739209.0,2242.0,5.5,5.25,,,,,,,,,,,,,,,,,False,False,False,6,3441.581,3.441581,False
2023-12-04,3441581.0,5.4,5.37,5.48,8.000000000000007,0.0,815.847,7796145.0,739209.0,2242.0,5.5,5.25,5.28,5.31,5.44,1631.0,5.33,5.3,5.45,103.0,5.32,-3.000000000000025,11.000000000000032,20.000000000000018,-7.000000000000028,,,,False,False,False,0,3441.581,3.441581,True
2023-12-05,3441581.0,5.4,5.33,5.47,6.99999999999994,0.201,834.428,7796145.0,739209.0,2242.0,5.5,5.25,5.28,5.31,5.42,1792.0,5.33,5.3,5.45,103.0,5.32,-7.000000000000028,13.999999999999968,18.99999999999995,-7.000000000000028,,,,False,False,False,1,3441.581,3.441581,True
2023-12-06,3513374.0,5.4,5.32,5.45,4.999999999999982,0.004,846.498,7737385.0,682509.0,1960.0,5.5,5.25,5.28,5.31,5.41,1707.0,5.33,5.3,5.45,103.0,5.32,-8.000000000000007,12.99999999999999,16.999999999999993,-7.000000000000028,,,,False,False,False,2,3513.374,3.513374,True
2023-12-07,3513374.0,5.4,5.32,5.43,2.999999999999936,0.008,825.734,7737385.0,682509.0,1960.0,5.5,5.25,5.28,5.31,5.38,1702.0,5.33,5.3,5.45,102.0,5.32,-8.000000000000007,10.999999999999943,14.999999999999947,-7.000000000000028,,,,False,False,False,3,3513.374,3.513374,True
2023-12-08,3513374.0,5.4,5.32,5.42,1.9999999999999574,0.0,821.408,7737385.0,682509.0,1960.0,5.5,5.25,5.27,5.3,5.37,1610.0,5.33,5.3,5.45,101.0,5.32,-8.000000000000007,9.999999999999964,15.000000000000036,-7.000000000000028,,,,False,False,False,4,3513.374,3.513374,True
2023-12-09,3513374.0,5.4,,,,,,7737385.0,682509.0,1960.0,5.5,5.25,,,,,,,,,,,,,,,,,False,False,False,5,3513.374,3.513374,False
2023-12-10,3513374.0,5.4,,,,,,7737385.0,682509.0,1960.0,5.5,5.25,,,,,,,,,,,,,,,,,False,False,False,6,3513.374,3.513374,False
2023-12-11,3513374.0,5.4,5.32,5.42,1.9999999999999574,0.0,838.507,7737385.0,682509.0,1960.0,5.5,5.25,5.27,5.3,5.38,1577.0,5.33,5.3,5.45,102.0,5.32,-8.000000000000007,9.999999999999964,15.000000000000036,-7.000000000000028,,,,False,False,False,0,3513.374,3.513374,True
2023-12-12,3513374.0,5.4,5.31,5.41,0.9999999999999787,0.005,837.803,7737385.0,682509.0,1960.0,5.5,5.25,5.27,5.3,5.35,1713.0,5.33,5.3,5.44,106.0,5.32,-9.000000000000075,10.000000000000053,14.000000000000057,-7.000000000000028,,,,False,False,False,1,3513.374,3.513374,True
2023-12-13,3540619.0,5.4,5.31,5.4,0.0,0.004,823.329,7739566.0,658440.0,2173.0,5.5,5.25,5.26,5.3,5.35,1635.0,5.33,5.3,5.45,106.0,5.32,-9.000000000000075,9.000000000000075,14.000000000000057,-7.000000000000028,,,,False,False,False,2,3540.619,3.540619,True
2023-12-14,3540619.0,5.4,5.31,5.39,-1.0000000000000675,0.004,769.346,7739566.0,658440.0,2173.0,5.5,5.25,5.26,5.3,5.33,1695.0,5.33,5.3,5.35,108.0,5.32,-9.000000000000075,8.000000000000007,12.99999999999999,-7.000000000000028,,,,False,False,False,3,3540.619,3.540619,True
2023-12-15,3540619.0,5.4,5.32,5.42,1.9999999999999574,0.0,683.254,7739566.0,658440.0,2173.0,5.5,5.25,5.27,5.31,5.39,1776.0,5.33,5.3,5.4,101.0,5.32,-8.000000000000007,9.999999999999964,15.000000000000036,-7.000000000000028,,,,False,False,False,4,3540.619,3.540619,True
2023-12-16,3540619.0,5.4,,,,,,7739566.0,658440.0,2173.0,5.5,5.25,,,,,,,,,,,,,,,,,False,False,False,5,3540.619,3.540619,False
2023-12-17,3540619.0,5.4,,,,,,7739566.0,658440.0,2173.0,5.5,5.25,,,,,,,,,,,,,,,,,False,False,False,6,3540.619,3.540619,False
2023-12-18,3540619.0,5.4,5.32,5.42,1.9999999999999574,0.001,724.704,7739566.0,658440.0,2173.0,5.5,5.25,5.27,5.3,5.37,1665.0,5.33,5.3,5.45,95.0,5.32,-8.000000000000007,9.999999999999964,15.000000000000036,-7.000000000000028,,,,False,False,False,0,3540.619,3.540619,True
2023-12-19,3540619.0,5.4,5.31,5.4,0.0,0.0,773.082,7739566.0,658440.0,2173.0,5.5,5.25,5.27,5.3,5.35,1757.0,5.33,5.3,5.4,96.0,5.32,-9.000000000000075,9.000000000000075,13.000000000000078,-7.000000000000028,,,,False,False,False,1,3540.619,3.540619,True
2023-12-20,3536105.0,5.4,5.31,5.38,-2.000000000000046,0.0,779.143,7724063.0,732196.0,2400.0,5.5,5.25,5.26,5.3,5.34,1678.0,5.33,5.3,5.4,97.0,5.32,-9.000000000000075,7.000000000000028,12.00000000000001,-7.000000000000028,,,,False,False,False,2,3536.105,3.536105,True
2023-12-21,3536105.0,5.4,5.31,5.39,-1.0000000000000675,0.001,778.402,7724063.0,732196.0,2400.0,5.5,5.25,5.26,5.3,5.35,1720.0,5.33,5.3,5.45,101.0,5.32,-9.000000000000075,8.000000000000007,12.99999999999999,-7.000000000000028,,,,False,False,False,3,3536.105,3.536105,True
2023-12-22,3536105.0,5.4,5.32,5.42,1.9999999999999574,0.001,772.258,7724063.0,732196.0,2400.0,5.5,5.25,5.27,5.31,5.38,1667.0,5.33,5.3,5.4,90.0,5.32,-8.000000000000007,9.999999999999964,15.000000000000036,-7.000000000000028,,,,False,False,False,4,3536.105,3.536105,True
2023-12-23,3536105.0,5.4,,,,,,7724063.0,732196.0,2400.0,5.5,5.25,,,,,,,,,,,,,,,,,False,False,False,5,3536.105,3.536105,False
2023-12-24,3536105.0,5.4,,,,,,7724063.0,732196.0,2400.0,5.5,5.25,,,,,,,,,,,,,,,,,False,False,False,6,3536.105,3.536105,False
2023-12-25,3536105.0,5.4,,,,,,7724063.0,732196.0,2400.0,5.5,5.25,,,,,,,,,,,,,,,,,False,False,False,0,3536.105,3.536105,False
2023-12-26,3536105.0,5.4,5.35,5.48,8.000000000000007,0.0,793.937,7724063.0,732196.0,2400.0,5.5,5.25,5.28,5.31,5.45,1644.0,5.33,5.3,5.5,96.0,5.32,-5.000000000000071,13.000000000000078,20.000000000000018,-7.000000000000028,,,,False,False,False,1,3536.105,3.536105,True
2023-12-27,3446459.0,5.4,5.39,5.55,14.999999999999947,0.0,818.869,7712781.0,731405.0,2492.0,5.5,5.25,5.29,5.33,5.49,1722.0,5.33,5.3,5.5,88.0,5.32,-1.0000000000000675,16.000000000000014,25.99999999999998,-7.000000000000028,,,,False,False,False,2,3446.459,3.446459,True
2023-12-28,3446459.0,5.4,5.4,5.64,23.999999999999932,0.0,829.573,7712781.0,731405.0,2492.0,5.5,5.25,5.3,5.35,5.55,1832.0,5.33,5.3,5.5,81.0,5.32,0.0,23.999999999999932,33.999999999999986,-7.000000000000028,,,,False,False,False,3,3446.459,3.446459,True
2023-12-29,3446459.0,5.4,5.38,5.68,27.999999999999936,0.0,1018.483,7712781.0,731405.0,2492.0,5.5,5.25,5.3,5.33,5.5,1702.0,5.33,5.31,5.55,59.0,5.32,-2.000000000000046,29.999999999999982,37.999999999999986,-7.000000000000028,,,,False,False,False,4,3446.459,3.446459,True
2023-12-30,3446459.0,5.4,,,,,,7712781.0,731405.0,2492.0,5.5,5.25,,,,,,,,,,,,,,,,,False,False,False,5,3446.459,3.446459,False
2023-12-31,3446459.0,5.4,,,,,,7712781.0,731405.0,2492.0,5.5,5.25,,,,,,,,,,,,,,,,,True,True,True,6,3446.459,3.446459,False
2024-01-01,3446459.0,5.4,,,,,,7712781.0,731405.0,2492.0,5.5,5.25,,,,,,,,,,,,,,,,,False,False,False,0,3446.459,3.446459,False
2024-01-02,3446459.0,5.4,5.4,5.56,15.999999999999925,0.0,704.864,7712781.0,731405.0,2492.0,5.5,5.25,5.3,5.33,5.51,1948.0,5.33,5.3,5.5,83.0,5.32,0.0,15.999999999999925,25.99999999999998,-7.000000000000028,,,,False,False,False,1,3446.459,3.446459,True
2024-01-03,3262895.0,5.4,5.39,5.53,12.99999999999999,0.0,719.897,7681024.0,758448.0,2159.0,5.5,5.25,5.3,5.33,5.48,1832.0,5.33,5.3,5.48,87.0,5.32,-1.0000000000000675,14.000000000000057,23.000000000000043,-7.000000000000028,,,,False,False,False,2,3262.895,3.262895,True
2024-01-04,3262895.0,5.4,5.32,5.44,4.0000000000000036,0.0,664.899,7681024.0,758448.0,2159.0,5.5,5.25,5.29,5.31,5.4,1930.0,5.33,5.3,5.48,86.0,5.32,-8.000000000000007,12.00000000000001,15.000000000000036,-7.000000000000028,,,,False,False,False,3,3262.895,3.262895,True
2024-01-05,3262895.0,5.4,5.31,5.4,0.0,0.0,694.478,7681024.0,758448.0,2159.0,5.5,5.25,5.28,5.3,5.36,1674.0,5.33,5.3,5.45,84.0,5.32,-9.000000000000075,9.000000000000075,12.00000000000001,-7.000000000000028,,,,False,False,False,4,3262.895,3.262895,True
2024-01-06,3262895.0,5.4,,,,,,7681024.0,758448.0,2159.0,5.5,5.25,,,,,,,,,,,,,,,,,False,False,False,5,3262.895,3.262895,False
2024-01-07,3262895.0,5.4,,,,,,7681024.0,758448.0,2159.0,5.5,5.25,,,,,,,,,,,,,,,,,False,False,False,6,3262.895,3.262895,False
2024-01-08,3262895.0,5.4,5.31,5.4,0.0,0.0,691.485,7681024.0,758448.0,2159.0,5.5,5.25,5.28,5.3,5.36,1658.0,5.33,5.3,5.45,86.0,5.32,-9.000000000000075,9.000000000000075,12.00000000000001,-7.000000000000028,,,,False,False,False,0,3262.895,3.262895,True
2024-01-09,3262895.0,5.4,5.31,5.4,0.0,0.0,676.05,7681024.0,758448.0,2159.0,5.5,5.25,5.28,5.3,5.36,1693.0,5.33,5.3,5.45,91.0,5.32,-9.000000000000075,9.000000000000075,12.00000000000001,-7.000000000000028,,,,False,False,False,1,3262.895,3.262895,True
2024-01-10,3498748.0,5.4,5.31,5.4,0.0,0.0,679.961,7686710.0,747565.0,2106.0,5.5,5.25,5.28,5.3,5.36,1660.0,5.33,5.3,5.45,91.0,5.32,-9.000000000000075,9.000000000000075,12.00000000000001,-7.000000000000028,,,,False,False,False,2,3498.748,3.498748,True
2024-01-11,3498748.0,5.4,5.31,5.4,0.0,0.0,626.37,7686710.0,747565.0,2106.0,5.5,5.25,5.28,5.3,5.36,1648.0,5.33,5.3,5.4,96.0,5.32,-9.000000000000075,9.000000000000075,12.00000000000001,-7.000000000000028,,,,False,False,False,3,3498.748,3.498748,True
2024-01-12,3498748.0,5.4,5.31,5.4,0.0,0.001,603.116,7686710.0,747565.0,2106.0,5.5,5.25,5.27,5.3,5.36,1590.0,5.33,5.3,5.4,93.0,5.32,-9.000000000000075,9.000000000000075,13.000000000000078,-7.000000000000028,,,,False,False,False,4,3498.748,3.498748,True
2024-01-13,3498748.0,5.4,,,,,,7686710.0,747565.0,2106.0,5.5,5.25,,,,,,,,,,,,,,,,,False,False,False,5,3498.748,3.498748,False
2024-01-14,3498748.0,5.4,,,,,,7686710.0,747565.0,2106.0,5.5,5.25,,,,,,,,,,,,,,,,,False,False,False,6,3498.748,3.498748,False
2024-01-15,3498748.0,5.4,,,,,,7686710.0,747565.0,2106.0,5.5,5.25,,,,,,,,,,,,,,,,,False,False,False,0,3498.748,3.498748,False
2024-01-16,3498748.0,5.4,5.32,5.42,1.9999999999999574,0.0,583.103,7686710.0,747565.0,2106.0,5.5,5.25,5.28,5.31,5.38,1854.0,5.33,5.3,5.45,85.0,5.31,-8.000000000000007,9.999999999999964,13.999999999999968,-7.000000000000028,,,,False,False,False,1,3498.748,3.498748,True
2024-01-17,3611719.0,5.4,5.32,5.42,1.9999999999999574,0.0,590.191,7673741.0,748883.0,2295.0,5.5,5.25,5.28,5.31,5.37,1764.0,5.33,5.3,5.4,88.0,5.32,-8.000000000000007,9.999999999999964,13.999999999999968,-7.000000000000028,,,,False,False,False,2,3611.719,3.611719,True
2024-01-18,3611719.0,5.4,5.31,5.4,0.0,0.001,618.234,7673741.0,748883.0,2295.0,5.5,5.25,5.27,5.3,5.34,1746.0,5.33,5.31,5.45,87.0,5.31,-9.000000000000075,9.000000000000075,13.000000000000078,-7.000000000000028,,,,False,False,False,3,3611.719,3.611719,True
2024-01-19,3611719.0,5.4,5.31,5.37,-3.000000000000025,0.0,625.182,7673741.0,748883.0,2295.0,5.5,5.25,5.26,5.3,5.33,1688.0,5.33,5.31,5.45,94.0,5.31,-9.000000000000075,6.00000000000005,11.000000000000032,-7.000000000000028,,,,False,False,False,4,3611.719,3.611719,True
2024-01-20,3611719.0,5.4,,,,,,7673741.0,748883.0,2295.0,5.5,5.25,,,,,,,,,,,,,,,,,False,False,False,5,3611.719,3.611719,False
2024-01-21,3611719.0,5.4,,,,,,7673741.0,748883.0,2295.0,5.5,5.25,,,,,,,,,,,,,,,,,False,False,False,6,3611.719,3.611719,False
2024-01-22,3611719.0,5.4,5.31,5.38,-2.000000000000046,0.001,647.103,7673741.0,748883.0,2295.0,5.5,5.25,5.26,5.3,5.33,1595.0,5.33,5.31,5.45,92.0,5.31,-9.000000000000075,7.000000000000028,12.00000000000001,-7.000000000000028,,,,False,False,False,0,3611.719,3.611719,True
2024-01-23,3611719.0,5.4,5.31,5.38,-2.000000000000046,0.001,621.195,7673741.0,748883.0,2295.0,5.5,5.25,5.26,5.3,5.34,1686.0,5.33,5.31,5.45,97.0,5.31,-9.000000000000075,7.000000000000028,12.00000000000001,-7.000000000000028,,,,False,False,False,1,3611.719,3.611719,True
2024-01-24,3526683.0,5.4,5.31,5.4,0.0,0.0,639.56,7677230.0,799358.0,2785.0,5.5,5.25,5.26,5.3,5.36,1596.0,5.33,5.3,5.45,96.0,5.31,-9.000000000000075,9.000000000000075,14.000000000000057,-7.000000000000028,,,,False,False,False,2,3526.683,3.526683,True
2024-01-25,3526683.0,5.4,5.32,5.43,2.999999999999936,0.002,557.687,7677230.0,799358.0,2785.0,5.5,5.25,5.28,5.31,5.38,1768.0,5.33,5.3,5.45,101.0,5.31,-8.000000000000007,10.999999999999943,14.999999999999947,-7.000000000000028,,,,False,False,False,3,3526.683,3.526683,True
2024-01-26,3526683.0,5.4,5.32,5.42,1.9999999999999574,0.0,570.828,7677230.0,799358.0,2785.0,5.5,5.25,5.28,5.31,5.37,1712.0,5.33,5.3,5.45,100.0,5.31,-8.000000000000007,9.999999999999964,13.999999999999968,-7.000000000000028,,,,False,False,False,4,3526.683,3.526683,True
2024-01-27,3526683.0,5.4,,,,,,7677230.0,799358.0,2785.0,5.5,5.25,,,,,,,,,,,,,,,,,False,False,False,5,3526.683,3.526683,False
2024-01-28,3526683.0,5.4,,,,,,7677230.0,799358.0,2785.0,5.5,5.25,,,,,,,,,,,,,,,,,False,False,False,6,3526.683,3.526683,False
2024-01-29,3526683.0,5.4,5.31,5.4,0.0,0.002,581.41,7677230.0,799358.0,2785.0,5.5,5.25,5.27,5.3,5.36,1598.0,5.33,5.31,5.45,92.0,5.31,-9.000000000000075,9.000000000000075,13.000000000000078,-7.000000000000028,,,,False,False,False,0,3526.683,3.526683,True
2024-01-30,3526683.0,5.4,5.31,5.4,0.0,0.0,577.755,7677230.0,799358.0,2785.0,5.5,5.25,5.28,5.3,5.36,1642.0,5.33,5.31,5.5,92.0,5.31,-9.000000000000075,9.000000000000075,12.00000000000001,-7.000000000000028,,,,False,False,False,1,3526.683,3.526683,True
2024-01-31,3526230.0,5.4,5.32,5.43,2.999999999999936,0.0,615.379,7630124.0,841550.0,3189.0,5.5,5.25,5.28,5.31,5.4,1874.0,5.33,5.3,5.5,75.0,5.32,-8.000000000000007,10.999999999999943,14.999999999999947,-7.000000000000028,,,,True,False,False,2,3526.23,3.52623,True
2024-02-01,3526230.0,5.4,5.32,5.43,2.999999999999936,0.0,503.548,7630124.0,841550.0,3189.0,5.5,5.25,5.28,5.31,5.39,1897.0,5.33,5.31,5.5,81.0,5.31,-8.000000000000007,10.999999999999943,14.999999999999947,-7.000000000000028,,,,False,False,False,3,3526.23,3.52623,True
2024-02-02,3526230.0,5.4,5.32,5.44,4.0000000000000036,0.0,513.422,7630124.0,841550.0,3189.0,5.5,5.25,5.28,5.31,5.39,1849.0,5.33,5.31,5.5,91.0,5.32,-8.000000000000007,12.00000000000001,16.000000000000014,-7.000000000000028,,,,False,False,False,4,3526.23,3.52623,True
2024-02-03,3526230.0,5.4,,,,,,7630124.0,841550.0,3189.0,5.5,5.25,,,,,,,,,,,,,,,,,False,False,False,5,3526.23,3.52623,False
2024-02-04,3526230.0,5.4,,,,,,7630124.0,841550.0,3189.0,5.5,5.25,,,,,,,,,,,,,,,,,False,False,False,6,3526.23,3.52623,False
2024-02-05,3526230.0,5.4,5.31,5.41,0.9999999999999787,0.001,552.289,7630124.0,841550.0,3189.0,5.5,5.25,5.27,5.31,5.36,1731.0,5.33,5.31,5.5,96.0,5.32,-9.000000000000075,10.000000000000053,14.000000000000057,-7.000000000000028,,,,False,False,False,0,3526.23,3.52623,True
2024-02-06,3526230.0,5.4,5.31,5.4,0.0,0.0,532.439,7630124.0,841550.0,3189.0,5.5,5.25,5.28,5.31,5.36,1738.0,5.33,5.31,5.45,97.0,5.32,-9.000000000000075,9.000000000000075,12.00000000000001,-7.000000000000028,,,,False,False,False,1,3526.23,3.52623,True
2024-02-07,3599323.0,5.4,5.31,5.4,0.0,0.0,553.055,7631300.0,802135.0,2334.0,5.5,5.25,5.27,5.3,5.35,1797.0,5.33,5.31,5.45,96.0,5.32,-9.000000000000075,9.000000000000075,13.000000000000078,-7.000000000000028,,,,False,False,False,2,3599.323,3.599323,True
2024-02-08,3599323.0,5.4,5.31,5.4,0.0,0.001,535.705,7631300.0,802135.0,2334.0,5.5,5.25,5.27,5.3,5.36,1669.0,5.33,5.31,5.4,96.0,5.32,-9.000000000000075,9.000000000000075,13.000000000000078,-7.000000000000028,,,,False,False,False,3,3599.323,3.599323,True
2024-02-09,3599323.0,5.4,5.31,5.4,0.0,0.001,569.175,7631300.0,802135.0,2334.0,5.5,5.25,5.27,5.3,5.36,1581.0,5.33,5.31,5.35,96.0,5.32,-9.000000000000075,9.000000000000075,13.000000000000078,-7.000000000000028,,,,False,False,False,4,3599.323,3.599323,True
2024-02-10,3599323.0,5.4,,,,,,7631300.0,802135.0,2334.0,5.5,5.25,,,,,,,,,,,,,,,,,False,False,False,5,3599.323,3.599323,False
2024-02-11,3599323.0,5.4,,,,,,7631300.0,802135.0,2334.0,5.5,5.25,,,,,,,,,,,,,,,,,False,False,False,6,3599.323,3.599323,False
2024-02-12,3599323.0,5.4,5.31,5.4,0.0,0.001,581.568,7631300.0,802135.0,2334.0,5.5,5.25,5.27,5.3,5.35,1725.0,5.33,5.31,5.35,93.0,5.32,-9.000000000000075,9.000000000000075,13.000000000000078,-7.000000000000028,,,,False,False,False,0,3599.323,3.599323,True
2024-02-13,3599323.0,5.4,5.31,5.39,-1.0000000000000675,0.0,553.684,7631300.0,802135.0,2334.0,5.5,5.25,5.27,5.3,5.34,1714.0,5.33,5.31,5.4,98.0,5.32,-9.000000000000075,8.000000000000007,12.00000000000001,-7.000000000000028,,,,False,False,False,1,3599.323,3.599323,True
2024-02-14,3540945.0,5.4,5.3,5.38,-2.000000000000046,0.0,575.332,7633874.0,838005.0,2419.0,5.5,5.25,5.26,5.3,5.32,1596.0,5.33,5.31,5.4,107.0,5.32,-10.000000000000053,8.000000000000007,12.00000000000001,-7.000000000000028,,,,False,False,False,2,3540.945,3.540945,True
2024-02-15,3540945.0,5.4,5.31,5.38,-2.000000000000046,0.0,493.065,7633874.0,838005.0,2419.0,5.5,5.25,5.27,5.3,5.33,1746.0,5.33,5.31,5.42,112.0,5.32,-9.000000000000075,7.000000000000028,11.000000000000032,-7.000000000000028,,,,False,False,False,3,3540.945,3.540945,True
2024-02-16,3540945.0,5.4,5.3,5.37,-3.000000000000025,0.0,532.125,7633874.0,838005.0,2419.0,5.5,5.25,5.26,5.3,5.32,1666.0,5.33,5.31,5.4,110.0,5.31,-10.000000000000053,7.000000000000028,11.000000000000032,-7.000000000000028,,,,False,False,False,4,3540.945,3.540945,True
2024-02-17,3540945.0,5.4,,,,,,7633874.0,838005.0,2419.0,5.5,5.25,,,,,,,,,,,,,,,,,False,False,False,5,3540.945,3.540945,False
2024-02-18,3540945.0,5.4,,,,,,7633874.0,838005.0,2419.0,5.5,5.25,,,,,,,,,,,,,,,,,False,False,False,6,3540.945,3.540945,False
2024-02-19,3540945.0,5.4,,,,,,7633874.0,838005.0,2419.0,5.5,5.25,,,,,,,,,,,,,,,,,False,False,False,0,3540.945,3.540945,False
2024-02-20,3540945.0,5.4,5.3,5.37,-3.000000000000025,0.0,530.879,7633874.0,838005.0,2419.0,5.5,5.25,5.25,5.3,5.32,1610.0,5.33,5.31,5.45,104.0,5.31,-10.000000000000053,7.000000000000028,12.00000000000001,-7.000000000000028,,,,False,False,False,1,3540.945,3.540945,True
2024-02-21,3565999.0,5.4,5.3,5.37,-3.000000000000025,0.001,574.882,7581683.0,785465.0,2405.0,5.5,5.25,5.27,5.3,5.32,1607.0,5.33,5.31,5.45,101.0,5.31,-10.000000000000053,7.000000000000028,10.000000000000053,-7.000000000000028,,,,False,False,False,2,3565.999,3.565999,True
2024-02-22,3565999.0,5.4,5.3,5.38,-2.000000000000046,0.102,553.245,7581683.0,785465.0,2405.0,5.5,5.25,5.27,5.3,5.33,1620.0,5.33,5.31,5.4,103.0,5.32,-10.000000000000053,8.000000000000007,11.000000000000032,-7.000000000000028,,,,False,False,False,3,3565.999,3.565999,True
2024-02-23,3565999.0,5.4,5.31,5.39,-1.0000000000000675,0.001,520.107,7581683.0,785465.0,2405.0,5.5,5.25,5.27,5.3,5.35,1736.0,5.33,5.31,5.4,103.0,5.31,-9.000000000000075,8.000000000000007,12.00000000000001,-7.000000000000028,,,,False,False,False,4,3565.999,3.565999,True
2024-02-24,3565999.0,5.4,,,,,,7581683.0,785465.0,2405.0,5.5,5.25,,,,,,,,,,,,,,,,,False,False,False,5,3565.999,3.565999,False
2024-02-25,3565999.0,5.4,,,,,,7581683.0,785465.0,2405.0,5.5,5.25,,,,,,,,,,,,,,,,,False,False,False,6,3565.999,3.565999,False
2024-02-26,3565999.0,5.4,5.31,5.41,0.9999999999999787,0.0,524.959,7581683.0,785465.0,2405.0,5.5,5.25,5.28,5.3,5.36,1739.0,5.33,5.31,5.47,98.0,5.31,-9.000000000000075,10.000000000000053,12.99999999999999,-7.000000000000028,,,,False,False,False,0,3565.999,3.565999,True
2024-02-27,3565999.0,5.4,5.31,5.4,0.0,0.002,519.725,7581683.0,785465.0,2405.0,5.5,5.25,5.28,5.3,5.35,1741.0,5.33,5.31,5.47,96.0,5.31,-9.000000000000075,9.000000000000075,12.00000000000001,-7.000000000000028,,,,False,False,False,1,3565.999,3.565999,True
2024-02-28,3567552.0,5.4,5.31,5.38,-2.000000000000046,0.002,569.855,7567807.0,785821.0,2105.0,5.5,5.25,5.27,5.3,5.33,1620.0,5.33,5.31,5.45,96.0,5.31,-9.000000000000075,7.000000000000028,11.000000000000032,-7.000000000000028,,,,False,False,False,2,3567.552,3.567552,True
2024-02-29,3567552.0,5.4,5.32,5.41,0.9999999999999787,0.001,502.074,7567807.0,785821.0,2105.0,5.5,5.25,5.28,5.31,5.37,1951.0,5.33,5.3,5.47,96.0,5.32,-8.000000000000007,8.999999999999986,12.99999999999999,-7.000000000000028,,,,True,False,False,3,3567.552,3.567552,True
2024-03-01,3567552.0,5.4,5.31,5.4,0.0,0.001,441.265,7567807.0,785821.0,2105.0,5.5,5.25,5.28,5.31,5.36,1783.0,5.33,5.31,5.47,84.0,5.31,-9.000000000000075,9.000000000000075,12.00000000000001,-7.000000000000028,,,,False,False,False,4,3567.552,3.567552,True
2024-03-02,3567552.0,5.4,,,,,,7567807.0,785821.0,2105.0,5.5,5.25,,,,,,,,,,,,,,,,,False,False,False,5,3567.552,3.567552,False
2024-03-03,3567552.0,5.4,,,,,,7567807.0,785821.0,2105.0,5.5,5.25,,,,,,,,,,,,,,,,,False,False,False,6,3567.552,3.567552,False
2024-03-04,3567552.0,5.4,5.31,5.39,-1.0000000000000675,0.0,439.793,7567807.0,785821.0,2105.0,5.5,5.25,5.27,5.3,5.35,1858.0,5.33,5.31,5.4,91.0,5.31,-9.000000000000075,8.000000000000007,12.00000000000001,-7.000000000000028,,,,False,False,False,0,3567.552,3.567552,True
2024-03-05,3567552.0,5.4,5.31,5.39,-1.0000000000000675,0.001,444.474,7567807.0,785821.0,2105.0,5.5,5.25,5.27,5.3,5.34,1807.0,5.33,5.31,5.4,101.0,5.32,-9.000000000000075,8.000000000000007,12.00000000000001,-7.000000000000028,,,,False,False,False,1,3567.552,3.567552,True
2024-03-06,3626176.0,5.4,5.31,5.38,-2.000000000000046,0.002,456.847,7538857.0,767733.0,1882.0,5.5,5.25,5.27,5.3,5.33,1707.0,5.33,5.31,5.47,99.0,5.31,-9.000000000000075,7.000000000000028,11.000000000000032,-7.000000000000028,,,,False,False,False,2,3626.176,3.626176,True
2024-03-07,3626176.0,5.4,5.31,5.38,-2.000000000000046,0.11,436.754,7538857.0,767733.0,1882.0,5.5,5.25,5.27,5.3,5.34,1793.0,5.33,5.31,5.35,98.0,5.31,-9.000000000000075,7.000000000000028,11.000000000000032,-7.000000000000028,,,,False,False,False,3,3626.176,3.626176,True
2024-03-08,3626176.0,5.4,5.31,5.39,-1.0000000000000675,0.0,444.803,7538857.0,767733.0,1882.0,5.5,5.25,5.27,5.3,5.35,1782.0,5.33,5.31,5.45,85.0,5.31,-9.000000000000075,8.000000000000007,12.00000000000001,-7.000000000000028,,,,False,False,False,4,3626.176,3.626176,True
2024-03-09,3626176.0,5.4,,,,,,7538857.0,767733.0,1882.0,5.5,5.25,,,,,,,,,,,,,,,,,False,False,False,5,3626.176,3.626176,False
2024-03-10,3626176.0,5.4,,,,,,7538857.0,767733.0,1882.0,5.5,5.25,,,,,,,,,,,,,,,,,False,False,False,6,3626.176,3.626176,False
2024-03-11,3626176.0,5.4,5.31,5.4,0.0,0.0,478.728,7538857.0,767733.0,1882.0,5.5,5.25,5.27,5.3,5.35,1804.0,5.33,5.31,5.47,85.0,5.32,-9.000000000000075,9.000000000000075,13.000000000000078,-7.000000000000028,,,,False,False,False,0,3626.176,3.626176,True
2024-03-12,3626176.0,5.4,5.31,5.4,0.0,0.001,476.862,7538857.0,767733.0,1882.0,5.5,5.25,5.27,5.31,5.36,1699.0,5.33,5.31,5.47,86.0,5.32,-9.000000000000075,9.000000000000075,13.000000000000078,-7.000000000000028,,,,False,False,False,1,3626.176,3.626176,True
2024-03-13,3624633.0,5.4,5.31,5.4,0.0,0.002,521.738,7541969.0,768369.0,1825.0,5.5,5.25,5.27,5.3,5.35,1784.0,5.33,5.31,5.45,89.0,5.32,-9.000000000000075,9.000000000000075,13.000000000000078,-7.000000000000028,,,,False,False,False,2,3624.633,3.624633,True
2024-03-14,3624633.0,5.4,5.31,5.39,-1.0000000000000675,0.001,483.573,7541969.0,768369.0,1825.0,5.5,5.25,5.27,5.3,5.34,1782.0,5.33,5.31,5.45,95.0,5.32,-9.000000000000075,8.000000000000007,12.00000000000001,-7.000000000000028,,,,False,False,False,3,3624.633,3.624633,True
2024-03-15,3624633.0,5.4,5.31,5.41,0.9999999999999787,0.002,413.877,7541969.0,768369.0,1825.0,5.5,5.25,5.28,5.31,5.37,1803.0,5.33,5.31,5.45,90.0,5.32,-9.000000000000075,10.000000000000053,12.99999999999999,-7.000000000000028,,,,False,False,False,4,3624.633,3.624633,True
2024-03-16,3624633.0,5.4,,,,,,7541969.0,768369.0,1825.0,5.5,5.25,,,,,,,,,,,,,,,,,False,False,False,5,3624.633,3.624633,False
2024-03-17,3624633.0,5.4,,,,,,7541969.0,768369.0,1825.0,5.5,5.25,,,,,,,,,,,,,,,,,False,False,False,6,3624.633,3.624633,False
2024-03-18,3624633.0,5.4,5.31,5.39,-1.0000000000000675,0.0,440.596,7541969.0,768369.0,1825.0,5.5,5.25,5.27,5.3,5.34,1788.0,5.33,5.31,5.45,91.0,5.32,-9.000000000000075,8.000000000000007,12.00000000000001,-7.000000000000028,,,,False,False,False,0,3624.633,3.624633,True
2024-03-19,3624633.0,5.4,5.31,5.38,-2.000000000000046,0.002,446.978,7541969.0,768369.0,1825.0,5.5,5.25,5.2,5.3,5.34,1813.0,5.33,5.31,5.45,89.0,5.32,-9.000000000000075,7.000000000000028,17.99999999999997,-7.000000000000028,,,,False,False,False,1,3624.633,3.624633,True
2024-03-20,3553424.0,5.4,5.31,5.38,-2.000000000000046,0.001,496.245,7514348.0,809298.0,2672.0,5.5,5.25,5.27,5.3,5.34,1736.0,5.33,5.31,5.45,91.0,5.32,-9.000000000000075,7.000000000000028,11.000000000000032,-7.000000000000028,,,,False,False,False,2,3553.424,3.553424,True
2024-03-21,3553424.0,5.4,5.31,5.39,-1.0000000000000675,0.0,460.631,7514348.0,809298.0,2672.0,5.5,5.25,5.27,5.3,5.35,1849.0,5.33,5.31,5.45,93.0,5.32,-9.000000000000075,8.000000000000007,12.00000000000001,-7.000000000000028,,,,False,False,False,3,3553.424,3.553424,True
2024-03-22,3553424.0,5.4,5.31,5.42,1.9999999999999574,0.0,478.531,7514348.0,809298.0,2672.0,5.5,5.25,5.27,5.31,5.37,1796.0,5.33,5.31,5.45,91.0,5.32,-9.000000000000075,11.000000000000032,15.000000000000036,-7.000000000000028,,,,False,False,False,4,3553.424,3.553424,True
2024-03-23,3553424.0,5.4,,,,,,7514348.0,809298.0,2672.0,5.5,5.25,,,,,,,,,,,,,,,,,False,False,False,5,3553.424,3.553424,False
2024-03-24,3553424.0,5.4,,,,,,7514348.0,809298.0,2672.0,5.5,5.25,,,,,,,,,,,,,,,,,False,False,False,6,3553.424,3.553424,False
2024-03-25,3553424.0,5.4,5.31,5.43,2.999999999999936,0.0,473.787,7514348.0,809298.0,2672.0,5.5,5.25,5.28,5.31,5.38,1820.0,5.33,5.31,5.46,85.0,5.32,-9.000000000000075,12.00000000000001,14.999999999999947,-7.000000000000028,,,,False,False,False,0,3553.424,3.553424,True
2024-03-26,3553424.0,5.4,5.32,5.44,4.0000000000000036,0.001,496.062,7514348.0,809298.0,2672.0,5.5,5.25,5.28,5.31,5.4,1849.0,5.33,5.31,5.45,85.0,5.32,-8.000000000000007,12.00000000000001,16.000000000000014,-7.000000000000028,,,,False,False,False,1,3553.424,3.553424,True
2024-03-27,3496121.0,5.4,5.33,5.48,8.000000000000007,0.0,518.357,7484739.0,802233.0,6270.0,5.5,5.25,5.28,5.32,5.43,1807.0,5.33,5.3,5.45,82.0,5.32,-7.000000000000028,15.000000000000036,20.000000000000018,-7.000000000000028,,,,False,False,False,2,3496.121,3.496121,True
2024-03-28,3496121.0,5.4,5.34,5.48,8.000000000000007,0.002,594.428,7484739.0,802233.0,6270.0,5.5,5.25,5.3,5.32,5.42,1911.0,5.33,5.3,5.5,53.0,5.33,-6.00000000000005,14.000000000000057,18.00000000000006,-7.000000000000028,,,,False,False,False,3,3496.121,3.496121,True
2024-03-29,3496121.0,5.4,,,,,,7484739.0,802233.0,6270.0,5.5,5.25,,,,,5.33,5.31,5.45,62.0,5.33,,,,-7.000000000000028,,,,False,False,False,4,3496.121,3.496121,False
2024-03-30,3496121.0,5.4,,,,,,7484739.0,802233.0,6270.0,5.5,5.25,,,,,,,,,,,,,,,,,False,False,False,5,3496.121,3.496121,False
2024-03-31,3496121.0,5.4,,,,,,7484739.0,802233.0,6270.0,5.5,5.25,,,,,,,,,,,,,,,,,True,True,False,6,3496.121,3.496121,False
2024-04-01,3496121.0,5.4,5.35,5.51,10.999999999999943,0.0,441.903,7484739.0,802233.0,6270.0,5.5,5.25,5.3,5.33,5.47,2023.0,5.33,5.31,5.45,93.0,5.32,-5.000000000000071,16.000000000000014,20.999999999999996,-7.000000000000028,,,,False,False,False,0,3496.121,3.496121,True
2024-04-02,3496121.0,5.4,5.34,5.5,9.999999999999964,0.0,448.424,7484739.0,802233.0,6270.0,5.5,5.25,5.3,5.33,5.45,1927.0,5.33,5.31,5.35,94.0,5.32,-6.00000000000005,16.000000000000014,20.000000000000018,-7.000000000000028,,,,False,False,False,1,3496.121,3.496121,True
2024-04-03,3414288.0,5.4,5.32,5.43,2.999999999999936,0.001,436.631,7439558.0,768651.0,5451.0,5.5,5.25,5.28,5.31,5.38,1985.0,5.33,5.31,5.35,93.0,5.32,-8.000000000000007,10.999999999999943,14.999999999999947,-7.000000000000028,,,,False,False,False,2,3414.288,3.414288,True
2024-04-04,3414288.0,5.4,5.32,5.41,0.9999999999999787,0.0,438.764,7439558.0,768651.0,5451.0,5.5,5.25,5.28,5.31,5.37,1974.0,5.33,5.31,5.35,93.0,5.32,-8.000000000000007,8.999999999999986,12.99999999999999,-7.000000000000028,,,,False,False,False,3,3414.288,3.414288,True
2024-04-05,3414288.0,5.4,5.32,5.42,1.9999999999999574,0.0,438.319,7439558.0,768651.0,5451.0,5.5,5.25,5.28,5.31,5.38,1898.0,5.33,5.31,5.35,88.0,5.32,-8.000000000000007,9.999999999999964,13.999999999999968,-7.000000000000028,,,,False,False,False,4,3414.288,3.414288,True
2024-04-06,3414288.0,5.4,,,,,,7439558.0,768651.0,5451.0,5.5,5.25,,,,,,,,,,,,,,,,,False,False,False,5,3414.288,3.414288,False
2024-04-07,3414288.0,5.4,,,,,,7439558.0,768651.0,5451.0,5.5,5.25,,,,,,,,,,,,,,,,,False,False,False,6,3414.288,3.414288,False
2024-04-08,3414288.0,5.4,5.31,5.41,0.9999999999999787,0.0,448.597,7439558.0,768651.0,5451.0,5.5,5.25,5.28,5.31,5.36,1807.0,5.33,5.31,5.45,82.0,5.32,-9.000000000000075,10.000000000000053,12.99999999999999,-7.000000000000028,,,,False,False,False,0,3414.288,3.414288,True
2024-04-09,3414288.0,5.4,5.31,5.4,0.0,0.002,441.792,7439558.0,768651.0,5451.0,5.5,5.25,5.28,5.31,5.35,1826.0,5.33,5.31,5.35,85.0,5.32,-9.000000000000075,9.000000000000075,12.00000000000001,-7.000000000000028,,,,False,False,False,1,3414.288,3.414288,True
2024-04-10,3586845.0,5.4,5.31,5.39,-1.0000000000000675,0.001,445.816,7438176.0,704971.0,5053.0,5.5,5.25,5.28,5.3,5.35,1909.0,5.33,5.31,5.35,86.0,5.32,-9.000000000000075,8.000000000000007,10.999999999999943,-7.000000000000028,,,,False,False,False,2,3586.845,3.586845,True
2024-04-11,3586845.0,5.4,5.31,5.39,-1.0000000000000675,0.0,455.361,7438176.0,704971.0,5053.0,5.5,5.25,5.28,5.3,5.35,1857.0,5.33,5.31,5.35,92.0,5.32,-9.000000000000075,8.000000000000007,10.999999999999943,-7.000000000000028,,,,False,False,False,3,3586.845,3.586845,True
2024-04-12,3586845.0,5.4,5.31,5.4,0.0,0.0,407.322,7438176.0,704971.0,5053.0,5.5,5.25,5.27,5.3,5.35,1805.0,5.33,5.31,5.35,88.0,5.32,-9.000000000000075,9.000000000000075,13.000000000000078,-7.000000000000028,,,,False,False,False,4,3586.845,3.586845,True
2024-04-13,3586845.0,5.4,,,,,,7438176.0,704971.0,5053.0,5.5,5.25,,,,,,,,,,,,,,,,,False,False,False,5,3586.845,3.586845,False
2024-04-14,3586845.0,5.4,,,,,,7438176.0,704971.0,5053.0,5.5,5.25,,,,,,,,,,,,,,,,,False,False,False,6,3586.845,3.586845,False
2024-04-15,3586845.0,5.4,5.32,5.43,2.999999999999936,0.001,327.066,7438176.0,704971.0,5053.0,5.5,5.25,5.28,5.31,5.39,1938.0,5.33,5.31,5.46,83.0,5.32,-8.000000000000007,10.999999999999943,14.999999999999947,-7.000000000000028,,,,False,False,False,0,3586.845,3.586845,True
2024-04-16,3586845.0,5.4,5.31,5.41,0.9999999999999787,0.001,371.554,7438176.0,704971.0,5053.0,5.5,5.25,5.28,5.31,5.36,1809.0,5.33,5.31,5.46,83.0,5.32,-9.000000000000075,10.000000000000053,12.99999999999999,-7.000000000000028,,,,False,False,False,1,3586.845,3.586845,True
2024-04-17,3522717.0,5.4,5.31,5.39,-1.0000000000000675,0.001,440.508,7405506.0,796535.0,8559.0,5.5,5.25,5.27,5.3,5.33,1731.0,5.33,5.31,5.45,80.0,5.32,-9.000000000000075,8.000000000000007,12.00000000000001,-7.000000000000028,,,,False,False,False,2,3522.717,3.522717,True
2024-04-18,3522717.0,5.4,5.3,5.39,-1.0000000000000675,0.112,433.006,7405506.0,796535.0,8559.0,5.5,5.25,5.28,5.3,5.33,1764.0,5.33,5.31,5.46,82.0,5.32,-10.000000000000053,8.999999999999986,10.999999999999943,-7.000000000000028,,,,False,False,False,3,3522.717,3.522717,True
2024-04-19,3522717.0,5.4,5.31,5.38,-2.000000000000046,0.0,397.234,7405506.0,796535.0,8559.0,5.5,5.25,5.27,5.3,5.34,1780.0,5.33,5.31,5.45,85.0,5.32,-9.000000000000075,7.000000000000028,11.000000000000032,-7.000000000000028,,,,False,False,False,4,3522.717,3.522717,True
2024-04-20,3522717.0,5.4,,,,,,7405506.0,796535.0,8559.0,5.5,5.25,,,,,,,,,,,,,,,,,False,False,False,5,3522.717,3.522717,False
2024-04-21,3522717.0,5.4,,,,,,7405506.0,796535.0,8559.0,5.5,5.25,,,,,,,,,,,,,,,,,False,False,False,6,3522.717,3.522717,False
2024-04-22,3522717.0,5.4,5.31,5.38,-2.000000000000046,0.0,409.816,7405506.0,796535.0,8559.0,5.5,5.25,5.27,5.3,5.34,1746.0,5.33,5.31,5.46,79.0,5.32,-9.000000000000075,7.000000000000028,11.000000000000032,-7.000000000000028,,,,False,False,False,0,3522.717,3.522717,True
2024-04-23,3522717.0,5.4,5.31,5.39,-1.0000000000000675,0.0,435.88,7405506.0,796535.0,8559.0,5.5,5.25,5.27,5.3,5.34,1757.0,5.33,5.31,5.5,74.0,5.32,-9.000000000000075,8.000000000000007,12.00000000000001,-7.000000000000028,,,,False,False,False,1,3522.717,3.522717,True
2024-04-24,3324363.0,5.4,5.31,5.4,0.0,0.001,441.215,7402434.0,941430.0,7018.0,5.5,5.25,5.28,5.3,5.35,1778.0,5.33,5.31,5.55,71.0,5.32,-9.000000000000075,9.000000000000075,12.00000000000001,-7.000000000000028,,,,False,False,False,2,3324.363,3.324363,True
2024-04-25,3324363.0,5.4,5.31,5.42,1.9999999999999574,0.002,443.928,7402434.0,941430.0,7018.0,5.5,5.25,5.28,5.31,5.37,1774.0,5.33,5.31,5.5,89.0,5.32,-9.000000000000075,11.000000000000032,13.999999999999968,-7.000000000000028,,,,False,False,False,3,3324.363,3.324363,True
2024-04-26,3324363.0,5.4,5.32,5.43,2.999999999999936,0.0,464.912,7402434.0,941430.0,7018.0,5.5,5.25,5.28,5.31,5.38,1795.0,5.33,5.31,5.5,94.0,5.32,-8.000000000000007,10.999999999999943,14.999999999999947,-7.000000000000028,,,,False,False,False,4,3324.363,3.324363,True
2024-04-27,3324363.0,5.4,,,,,,7402434.0,941430.0,7018.0,5.5,5.25,,,,,,,,,,,,,,,,,False,False,False,5,3324.363,3.324363,False
2024-04-28,3324363.0,5.4,,,,,,7402434.0,941430.0,7018.0,5.5,5.25,,,,,,,,,,,,,,,,,False,False,False,6,3324.363,3.324363,False
2024-04-29,3324363.0,5.4,5.32,5.43,2.999999999999936,0.0,505.53,7402434.0,941430.0,7018.0,5.5,5.25,5.28,5.31,5.38,1781.0,5.33,5.31,5.5,78.0,5.32,-8.000000000000007,10.999999999999943,14.999999999999947,-7.000000000000028,,,,False,False,False,0,3324.363,3.324363,True
2024-04-30,3324363.0,5.4,5.34,5.5,9.999999999999964,0.001,534.234,7402434.0,941430.0,7018.0,5.5,5.25,5.29,5.31,5.4,1831.0,5.33,5.3,5.5,82.0,5.32,-6.00000000000005,16.000000000000014,20.999999999999996,-7.000000000000028,,,,True,False,False,1,3324.363,3.324363,True
2024-05-01,3252733.0,5.4,5.32,5.43,2.999999999999936,0.0,438.148,7362474.0,917177.0,6791.0,5.5,5.25,5.28,5.31,5.38,1955.0,5.33,5.31,5.5,83.0,5.32,-8.000000000000007,10.999999999999943,14.999999999999947,-7.000000000000028,,,,False,False,False,2,3252.733,3.252733,True
2024-05-02,3252733.0,5.4,5.31,5.41,0.9999999999999787,0.001,428.68,7362474.0,917177.0,6791.0,5.5,5.25,5.28,5.31,5.36,1838.0,5.33,5.31,5.5,83.0,5.32,-9.000000000000075,10.000000000000053,12.99999999999999,-7.000000000000028,,,,False,False,False,3,3252.733,3.252733,True
2024-05-03,3252733.0,5.4,5.31,5.4,0.0,0.0,450.165,7362474.0,917177.0,6791.0,5.5,5.25,5.28,5.3,5.35,1863.0,5.33,5.31,5.5,82.0,5.32,-9.000000000000075,9.000000000000075,12.00000000000001,-7.000000000000028,,,,False,False,False,4,3252.733,3.252733,True
2024-05-04,3252733.0,5.4,,,,,,7362474.0,917177.0,6791.0,5.5,5.25,,,,,,,,,,,,,,,,,False,False,False,5,3252.733,3.252733,False
2024-05-05,3252733.0,5.4,,,,,,7362474.0,917177.0,6791.0,5.5,5.25,,,,,,,,,,,,,,,,,False,False,False,6,3252.733,3.252733,False
2024-05-06,3252733.0,5.4,5.31,5.4,0.0,0.0,468.97,7362474.0,917177.0,6791.0,5.5,5.25,5.28,5.3,5.35,1855.0,5.33,5.31,5.5,75.0,5.32,-9.000000000000075,9.000000000000075,12.00000000000001,-7.000000000000028,,,,False,False,False,0,3252.733,3.252733,True
2024-05-07,3252733.0,5.4,5.31,5.4,0.0,0.0,475.325,7362474.0,917177.0,6791.0,5.5,5.25,5.28,5.3,5.35,1864.0,5.33,5.31,5.5,78.0,5.32,-9.000000000000075,9.000000000000075,12.00000000000001,-7.000000000000028,,,,False,False,False,1,3252.733,3.252733,True
2024-05-08,3331156.0,5.4,5.31,5.39,-1.0000000000000675,0.0,493.427,7353408.0,851591.0,6198.0,5.5,5.25,5.27,5.3,5.35,1845.0,5.33,5.31,5.5,77.0,5.32,-9.000000000000075,8.000000000000007,12.00000000000001,-7.000000000000028,,,,False,False,False,2,3331.156,3.331156,True
2024-05-09,3331156.0,5.4,5.31,5.39,-1.0000000000000675,0.045,458.55,7353408.0,851591.0,6198.0,5.5,5.25,5.28,5.3,5.35,1871.0,5.33,5.31,5.5,79.0,5.32,-9.000000000000075,8.000000000000007,10.999999999999943,-7.000000000000028,,,,False,False,False,3,3331.156,3.331156,True
2024-05-10,3331156.0,5.4,5.31,5.39,-1.0000000000000675,0.0,486.434,7353408.0,851591.0,6198.0,5.5,5.25,5.28,5.3,5.34,1816.0,5.33,5.31,5.5,79.0,5.32,-9.000000000000075,8.000000000000007,10.999999999999943,-7.000000000000028,,,,False,False,False,4,3331.156,3.331156,True
2024-05-11,3331156.0,5.4,,,,,,7353408.0,851591.0,6198.0,5.5,5.25,,,,,,,,,,,,,,,,,False,False,False,5,3331.156,3.331156,False
2024-05-12,3331156.0,5.4,,,,,,7353408.0,851591.0,6198.0,5.5,5.25,,,,,,,,,,,,,,,,,False,False,False,6,3331.156,3.331156,False
2024-05-13,3331156.0,5.4,5.31,5.38,-2.000000000000046,0.001,492.068,7353408.0,851591.0,6198.0,5.5,5.25,5.27,5.3,5.33,1805.0,5.33,5.31,5.5,76.0,5.32,-9.000000000000075,7.000000000000028,11.000000000000032,-7.000000000000028,,,,False,False,False,0,3331.156,3.331156,True
2024-05-14,3331156.0,5.4,5.31,5.38,-2.000000000000046,0.0,468.344,7353408.0,851591.0,6198.0,5.5,5.25,5.28,5.3,5.34,1838.0,5.33,5.31,5.5,76.0,5.32,-9.000000000000075,7.000000000000028,9.999999999999964,-7.000000000000028,,,,False,False,False,1,3331.156,3.331156,True
2024-05-15,3369747.0,5.4,5.31,5.38,-2.000000000000046,0.0,443.779,7304272.0,787133.0,6364.0,5.5,5.25,5.28,5.3,5.34,1936.0,5.33,5.31,5.5,78.0,5.32,-9.000000000000075,7.000000000000028,9.999999999999964,-7.000000000000028,,,,False,False,False,2,3369.747,3.369747,True
2024-05-16,3369747.0,5.4,5.31,5.41,0.9999999999999787,0.1,410.121,7304272.0,787133.0,6364.0,5.5,5.25,5.28,5.3,5.35,2001.0,5.33,5.31,5.5,78.0,5.32,-9.000000000000075,10.000000000000053,12.99999999999999,-7.000000000000028,,,,False,False,False,3,3369.747,3.369747,True
2024-05-17,3369747.0,5.4,5.31,5.39,-1.0000000000000675,0.0,449.373,7304272.0,787133.0,6364.0,5.5,5.25,5.28,5.3,5.35,1964.0,5.33,5.31,5.5,77.0,5.32,-9.000000000000075,8.000000000000007,10.999999999999943,-7.000000000000028,,,,False,False,False,4,3369.747,3.369747,True
2024-05-18,3369747.0,5.4,,,,,,7304272.0,787133.0,6364.0,5.5,5.25,,,,,,,,,,,,,,,,,False,False,False,5,3369.747,3.369747,False
2024-05-19,3369747.0,5.4,,,,,,7304272.0,787133.0,6364.0,5.5,5.25,,,,,,,,,,,,,,,,,False,False,False,6,3369.747,3.369747,False
2024-05-20,3369747.0,5.4,5.31,5.39,-1.0000000000000675,0.001,489.728,7304272.0,787133.0,6364.0,5.5,5.25,5.28,5.3,5.35,1866.0,5.33,5.31,5.5,75.0,5.32,-9.000000000000075,8.000000000000007,10.999999999999943,-7.000000000000028,,,,False,False,False,0,3369.747,3.369747,True
2024-05-21,3369747.0,5.4,5.31,5.39,-1.0000000000000675,0.003,491.72,7304272.0,787133.0,6364.0,5.5,5.25,5.28,5.3,5.35,1929.0,5.33,5.31,5.5,76.0,5.32,-9.000000000000075,8.000000000000007,10.999999999999943,-7.000000000000028,,,,False,False,False,1,3369.747,3.369747,True
2024-05-22,3390794.0,5.4,5.31,5.39,-1.0000000000000675,0.0,496.382,7299566.0,725376.0,6664.0,5.5,5.25,5.28,5.3,5.35,1900.0,5.33,5.31,5.5,80.0,5.32,-9.000000000000075,8.000000000000007,10.999999999999943,-7.000000000000028,,,,False,False,False,2,3390.794,3.390794,True
2024-05-23,3390794.0,5.4,5.31,5.39,-1.0000000000000675,0.0,467.398,7299566.0,725376.0,6664.0,5.5,5.25,5.28,5.3,5.35,1916.0,5.33,5.31,5.5,82.0,5.32,-9.000000000000075,8.000000000000007,10.999999999999943,-7.000000000000028,,,,False,False,False,3,3390.794,3.390794,True
2024-05-24,3390794.0,5.4,5.32,5.41,0.9999999999999787,0.0,431.239,7299566.0,725376.0,6664.0,5.5,5.25,5.28,5.31,5.37,1909.0,5.33,5.31,5.5,90.0,5.32,-8.000000000000007,8.999999999999986,12.99999999999999,-7.000000000000028,,,,False,False,False,4,3390.794,3.390794,True
2024-05-25,3390794.0,5.4,,,,,,7299566.0,725376.0,6664.0,5.5,5.25,,,,,,,,,,,,,,,,,False,False,False,5,3390.794,3.390794,False
2024-05-26,3390794.0,5.4,,,,,,7299566.0,725376.0,6664.0,5.5,5.25,,,,,,,,,,,,,,,,,False,False,False,6,3390.794,3.390794,False
2024-05-27,3390794.0,5.4,,,,,,7299566.0,725376.0,6664.0,5.5,5.25,,,,,,,,,,,,,,,,,False,False,False,0,3390.794,3.390794,False
2024-05-28,3390794.0,5.4,5.32,5.43,2.999999999999936,0.0,417.836,7299566.0,725376.0,6664.0,5.5,5.25,5.28,5.31,5.39,2013.0,5.33,5.31,5.5,88.0,5.32,-8.000000000000007,10.999999999999943,14.999999999999947,-7.000000000000028,,,,False,False,False,1,3390.794,3.390794,True
2024-05-29,3409342.0,5.4,5.33,5.44,4.0000000000000036,0.005,459.314,7284319.0,704335.0,6574.0,5.5,5.25,5.28,5.32,5.4,1807.0,5.33,5.31,5.5,88.0,5.32,-7.000000000000028,11.000000000000032,16.000000000000014,-7.000000000000028,,,,False,False,False,2,3409.342,3.409342,True
2024-05-30,3409342.0,5.4,5.33,5.46,5.999999999999961,0.0,452.034,7284319.0,704335.0,6574.0,5.5,5.25,5.29,5.32,5.4,1824.0,5.33,5.31,5.46,96.0,5.32,-7.000000000000028,12.99999999999999,16.999999999999993,-7.000000000000028,,,,False,False,False,3,3409.342,3.409342,True
2024-05-31,3409342.0,5.4,5.34,5.48,8.000000000000007,0.0,439.806,7284319.0,704335.0,6574.0,5.5,5.25,5.3,5.33,5.43,2061.0,5.33,5.3,5.47,99.0,5.32,-6.00000000000005,14.000000000000057,18.00000000000006,-7.000000000000028,,,,True,False,False,4,3409.342,3.409342,True
2024-06-01,3409342.0,5.4,,,,,,7284319.0,704335.0,6574.0,5.5,5.25,,,,,,,,,,,,,,,,,False,False,False,5,3409.342,3.409342,False
2024-06-02,3409342.0,5.4,,,,,,7284319.0,704335.0,6574.0,5.5,5.25,,,,,,,,,,,,,,,,,False,False,False,6,3409.342,3.409342,False
2024-06-03,3409342.0,5.4,5.35,5.44,4.0000000000000036,0.0,387.069,7284319.0,704335.0,6574.0,5.5,5.25,5.29,5.32,5.4,1912.0,5.33,5.31,5.46,93.0,5.32,-5.000000000000071,9.000000000000075,15.000000000000036,-7.000000000000028,,,,False,False,False,0,3409.342,3.409342,True
2024-06-04,3409342.0,5.4,5.33,5.44,4.0000000000000036,0.002,377.825,7284319.0,704335.0,6574.0,5.5,5.25,5.29,5.32,5.4,2092.0,5.33,5.31,5.46,100.0,5.32,-7.000000000000028,11.000000000000032,15.000000000000036,-7.000000000000028,,,,False,False,False,1,3409.342,3.409342,True
2024-06-05,3408310.0,5.4,5.33,5.43,2.999999999999936,0.104,371.841,7255687.0,710309.0,6188.0,5.5,5.25,5.3,5.32,5.39,1989.0,5.33,5.31,5.46,105.0,5.32,-7.000000000000028,9.999999999999964,12.99999999999999,-7.000000000000028,,,,False,False,False,2,3408.31,3.40831,True
2024-06-06,3408310.0,5.4,5.33,5.44,4.0000000000000036,0.002,378.125,7255687.0,710309.0,6188.0,5.5,5.25,5.29,5.32,5.4,2008.0,5.33,5.31,5.45,105.0,5.32,-7.000000000000028,11.000000000000032,15.000000000000036,-7.000000000000028,,,,False,False,False,3,3408.31,3.40831,True
2024-06-07,3408310.0,5.4,5.33,5.44,4.0000000000000036,0.003,395.462,7255687.0,710309.0,6188.0,5.5,5.25,5.29,5.32,5.4,1934.0,5.33,5.31,5.45,100.0,5.32,-7.000000000000028,11.000000000000032,15.000000000000036,-7.000000000000028,,,,False,False,False,4,3408.31,3.40831,True
2024-06-08,3408310.0,5.4,,,,,,7255687.0,710309.0,6188.0,5.5,5.25,,,,,,,,,,,,,,,,,False,False,False,5,3408.31,3.40831,False
2024-06-09,3408310.0,5.4,,,,,,7255687.0,710309.0,6188.0,5.5,5.25,,,,,,,,,,,,,,,,,False,False,False,6,3408.31,3.40831,False
2024-06-10,3408310.0,5.4,5.32,5.43,2.999999999999936,0.001,416.481,7255687.0,710309.0,6188.0,5.5,5.25,5.27,5.32,5.38,1847.0,5.33,5.31,5.45,93.0,5.32,-8.000000000000007,10.999999999999943,16.000000000000014,-7.000000000000028,,,,False,False,False,0,3408.31,3.40831,True
2024-06-11,3408310.0,5.4,5.32,5.42,1.9999999999999574,0.001,410.449,7255687.0,710309.0,6188.0,5.5,5.25,5.28,5.31,5.37,1946.0,5.33,5.31,5.45,95.0,5.32,-8.000000000000007,9.999999999999964,13.999999999999968,-7.000000000000028,,,,False,False,False,1,3408.31,3.40831,True
2024-06-12,3455134.0,5.4,5.31,5.41,0.9999999999999787,0.0,447.574,7258974.0,673573.0,6461.0,5.5,5.25,5.28,5.3,5.35,1957.0,5.33,5.31,5.45,93.0,5.32,-9.000000000000075,10.000000000000053,12.99999999999999,-7.000000000000028,,,,False,False,False,2,3455.134,3.455134,True
2024-06-13,3455134.0,5.4,5.31,5.41,0.9999999999999787,0.1,429.864,7258974.0,673573.0,6461.0,5.5,5.25,5.29,5.3,5.36,2035.0,5.33,5.31,5.35,99.0,5.32,-9.000000000000075,10.000000000000053,12.00000000000001,-7.000000000000028,,,,False,False,False,3,3455.134,3.455134,True
2024-06-14,3455134.0,5.4,5.31,5.41,0.9999999999999787,0.0,386.885,7258974.0,673573.0,6461.0,5.5,5.25,5.28,5.31,5.37,1855.0,5.33,5.31,5.45,87.0,5.32,-9.000000000000075,10.000000000000053,12.99999999999999,-7.000000000000028,,,,False,False,False,4,3455.134,3.455134,True
2024-06-15,3455134.0,5.4,,,,,,7258974.0,673573.0,6461.0,5.5,5.25,,,,,,,,,,,,,,,,,False,False,False,5,3455.134,3.455134,False
2024-06-16,3455134.0,5.4,,,,,,7258974.0,673573.0,6461.0,5.5,5.25,,,,,,,,,,,,,,,,,False,False,False,6,3455.134,3.455134,False
2024-06-17,3455134.0,5.4,5.33,5.46,5.999999999999961,0.0,333.429,7258974.0,673573.0,6461.0,5.5,5.25,5.3,5.32,5.41,1975.0,5.33,5.31,5.45,83.0,5.32,-7.000000000000028,12.99999999999999,16.000000000000014,-7.000000000000028,,,,False,False,False,0,3455.134,3.455134,True
2024-06-18,3455134.0,5.4,5.33,5.45,4.999999999999982,0.0,375.542,7258974.0,673573.0,6461.0,5.5,5.25,5.29,5.32,5.4,2021.0,5.33,5.31,5.45,85.0,5.32,-7.000000000000028,12.00000000000001,16.000000000000014,-7.000000000000028,,,,False,False,False,1,3455.134,3.455134,True
2024-06-19,3434274.0,5.4,,,,,,7252542.0,723410.0,6683.0,5.5,5.25,,,,,,,,,,,,,,,,,False,False,False,2,3434.274,3.434274,False
2024-06-20,3434274.0,5.4,5.32,5.42,1.9999999999999574,0.003,388.841,7252542.0,723410.0,6683.0,5.5,5.25,5.27,5.31,5.37,2052.0,5.33,5.31,5.46,83.0,5.32,-8.000000000000007,9.999999999999964,15.000000000000036,-7.000000000000028,,,,False,False,False,3,3434.274,3.434274,True
2024-06-21,3434274.0,5.4,5.31,5.41,0.9999999999999787,0.001,421.04,7252542.0,723410.0,6683.0,5.5,5.25,5.28,5.3,5.35,1991.0,5.33,5.31,5.5,78.0,5.32,-9.000000000000075,10.000000000000053,12.99999999999999,-7.000000000000028,,,,False,False,False,4,3434.274,3.434274,True
2024-06-22,3434274.0,5.4,,,,,,7252542.0,723410.0,6683.0,5.5,5.25,,,,,,,,,,,,,,,,,False,False,False,5,3434.274,3.434274,False
2024-06-23,3434274.0,5.4,,,,,,7252542.0,723410.0,6683.0,5.5,5.25,,,,,,,,,,,,,,,,,False,False,False,6,3434.274,3.434274,False
2024-06-24,3434274.0,5.4,5.31,5.4,0.0,0.016,435.916,7252542.0,723410.0,6683.0,5.5,5.25,5.28,5.3,5.36,1992.0,5.33,5.31,5.46,76.0,5.32,-9.000000000000075,9.000000000000075,12.00000000000001,-7.000000000000028,,,,False,False,False,0,3434.274,3.434274,True
2024-06-25,3434274.0,5.4,5.33,5.46,5.999999999999961,0.0,466.31,7252542.0,723410.0,6683.0,5.5,5.25,5.3,5.32,5.41,1968.0,5.33,5.31,5.45,85.0,5.32,-7.000000000000028,12.99999999999999,16.000000000000014,-7.000000000000028,,,,False,False,False,1,3434.274,3.434274,True
2024-06-26,3302647.0,5.4,5.34,5.5,9.999999999999964,0.001,490.156,7231163.0,765417.0,7026.0,5.5,5.25,5.3,5.33,5.45,1897.0,5.33,5.31,5.45,82.0,5.32,-6.00000000000005,16.000000000000014,20.000000000000018,-7.000000000000028,,,,False,False,False,2,3302.647,3.302647,True
2024-06-27,3302647.0,5.4,5.34,5.48,8.000000000000007,0.0,531.692,7231163.0,765417.0,7026.0,5.5,5.25,5.29,5.32,5.41,1888.0,5.33,5.31,5.45,83.0,5.32,-6.00000000000005,14.000000000000057,19.00000000000004,-7.000000000000028,,,,False,False,False,3,3302.647,3.302647,True
2024-06-28,3302647.0,5.4,5.33,5.47,6.99999999999994,0.001,664.57,7231163.0,765417.0,7026.0,5.5,5.25,5.29,5.32,5.41,2024.0,5.33,5.31,5.55,67.0,5.32,-7.000000000000028,13.999999999999968,17.99999999999997,-7.000000000000028,,,,False,False,False,4,3302.647,3.302647,True
2024-06-29,3302647.0,5.4,,,,,,7231163.0,765417.0,7026.0,5.5,5.25,,,,,,,,,,,,,,,,,False,False,False,5,3302.647,3.302647,False
2024-06-30,3302647.0,5.4,,,,,,7231163.0,765417.0,7026.0,5.5,5.25,,,,,,,,,,,,,,,,,True,True,False,6,3302.647,3.302647,False
2024-07-01,3302647.0,5.4,5.4,5.51,10.999999999999943,0.0,451.783,7231163.0,765417.0,7026.0,5.5,5.25,5.29,5.33,5.47,1967.0,5.33,5.31,5.45,85.0,5.32,0.0,10.999999999999943,21.999999999999975,-7.000000000000028,,,,False,False,False,0,3302.647,3.302647,True
2024-07-02,3302647.0,5.4,5.35,5.5,9.999999999999964,0.01,443.369,7231163.0,765417.0,7026.0,5.5,5.25,5.3,5.33,5.46,2110.0,5.33,5.31,5.45,85.0,5.32,-5.000000000000071,15.000000000000036,20.000000000000018,-7.000000000000028,,,,False,False,False,1,3302.647,3.302647,True
2024-07-03,3184180.0,5.4,5.33,5.46,5.999999999999961,0.0,425.898,7221520.0,761373.0,6404.0,5.5,5.25,5.29,5.32,5.41,2007.0,5.33,5.31,5.45,88.0,5.32,-7.000000000000028,12.99999999999999,16.999999999999993,-7.000000000000028,,,,False,False,False,2,3184.18,3.18418,True
2024-07-04,3184180.0,5.4,,,,,,7221520.0,761373.0,6404.0,5.5,5.25,,,,,,,,,,,,,,,,,False,False,False,3,3184.18,3.18418,False
2024-07-05,3184180.0,5.4,5.32,5.44,4.0000000000000036,0.0,390.632,7221520.0,761373.0,6404.0,5.5,5.25,5.29,5.31,5.39,2126.0,5.33,5.31,5.45,89.0,5.32,-8.000000000000007,12.00000000000001,15.000000000000036,-7.000000000000028,,,,False,False,False,4,3184.18,3.18418,True
2024-07-06,3184180.0,5.4,,,,,,7221520.0,761373.0,6404.0,5.5,5.25,,,,,,,,,,,,,,,,,False,False,False,5,3184.18,3.18418,False
2024-07-07,3184180.0,5.4,,,,,,7221520.0,761373.0,6404.0,5.5,5.25,,,,,,,,,,,,,,,,,False,False,False,6,3184.18,3.18418,False
2024-07-08,3184180.0,5.4,5.32,5.43,2.999999999999936,0.0,415.257,7221520.0,761373.0,6404.0,5.5,5.25,5.29,5.31,5.39,2090.0,5.33,5.31,5.45,80.0,5.32,-8.000000000000007,10.999999999999943,13.999999999999968,-7.000000000000028,,,,False,False,False,0,3184.18,3.18418,True
2024-07-09,3184180.0,5.4,5.34,5.47,6.99999999999994,0.097,423.152,7221520.0,761373.0,6404.0,5.5,5.25,5.3,5.33,5.42,1913.0,5.33,5.31,5.45,84.0,5.32,-6.00000000000005,12.99999999999999,16.999999999999993,-7.000000000000028,,,,False,False,False,1,3184.18,3.18418,True
2024-07-10,3341977.0,5.4,5.34,5.46,5.999999999999961,0.0,422.147,7224079.0,736402.0,6803.0,5.5,5.25,5.3,5.33,5.42,1949.0,5.33,5.31,5.45,88.0,5.32,-6.00000000000005,12.00000000000001,16.000000000000014,-7.000000000000028,,,,False,False,False,2,3341.977,3.341977,True
2024-07-11,3341977.0,5.4,5.34,5.45,4.999999999999982,0.102,403.708,7224079.0,736402.0,6803.0,5.5,5.25,5.3,5.32,5.41,1920.0,5.33,5.31,5.45,90.0,5.32,-6.00000000000005,11.000000000000032,15.000000000000036,-7.000000000000028,,,,False,False,False,3,3341.977,3.341977,True
2024-07-12,3341977.0,5.4,5.34,5.45,4.999999999999982,0.0,406.59,7224079.0,736402.0,6803.0,5.5,5.25,5.3,5.32,5.41,1900.0,5.33,5.31,5.45,88.0,5.32,-6.00000000000005,11.000000000000032,15.000000000000036,-7.000000000000028,,,,False,False,False,4,3341.977,3.341977,True
2024-07-13,3341977.0,5.4,,,,,,7224079.0,736402.0,6803.0,5.5,5.25,,,,,,,,,,,,,,,,,False,False,False,5,3341.977,3.341977,False
2024-07-14,3341977.0,5.4,,,,,,7224079.0,736402.0,6803.0,5.5,5.25,,,,,,,,,,,,,,,,,False,False,False,6,3341.977,3.341977,False
2024-07-15,3341977.0,5.4,5.34,5.48,8.000000000000007,0.002,413.28,7224079.0,736402.0,6803.0,5.5,5.25,5.3,5.33,5.44,2175.0,5.33,5.31,5.45,88.0,5.32,-6.00000000000005,14.000000000000057,18.00000000000006,-7.000000000000028,,,,False,False,False,0,3341.977,3.341977,True
2024-07-16,3341977.0,5.4,5.35,5.49,8.999999999999986,0.0,409.594,7224079.0,736402.0,6803.0,5.5,5.25,5.3,5.34,5.45,2061.0,5.33,5.31,5.45,85.0,5.32,-5.000000000000071,14.000000000000057,19.00000000000004,-7.000000000000028,,,,False,False,False,1,3341.977,3.341977,True
2024-07-17,3331425.0,5.4,5.35,5.49,8.999999999999986,0.0,399.401,7208247.0,751593.0,6634.0,5.5,5.25,5.3,5.34,5.44,2025.0,5.33,5.31,5.45,80.0,5.32,-5.000000000000071,14.000000000000057,19.00000000000004,-7.000000000000028,,,,False,False,False,2,3331.425,3.331425,True
2024-07-18,3331425.0,5.4,5.34,5.46,5.999999999999961,0.0,391.652,7208247.0,751593.0,6634.0,5.5,5.25,5.3,5.32,5.41,2014.0,5.33,5.31,5.35,83.0,5.32,-6.00000000000005,12.00000000000001,16.000000000000014,-7.000000000000028,,,,False,False,False,3,3331.425,3.331425,True
2024-07-19,3331425.0,5.4,5.34,5.45,4.999999999999982,0.0,379.801,7208247.0,751593.0,6634.0,5.5,5.25,5.3,5.32,5.41,1992.0,5.33,5.31,5.45,79.0,5.32,-6.00000000000005,11.000000000000032,15.000000000000036,-7.000000000000028,,,,False,False,False,4,3331.425,3.331425,True
2024-07-20,3331425.0,5.4,,,,,,7208247.0,751593.0,6634.0,5.5,5.25,,,,,,,,,,,,,,,,,False,False,False,5,3331.425,3.331425,False
2024-07-21,3331425.0,5.4,,,,,,7208247.0,751593.0,6634.0,5.5,5.25,,,,,,,,,,,,,,,,,False,False,False,6,3331.425,3.331425,False
2024-07-22,3331425.0,5.4,5.33,5.44,4.0000000000000036,0.0,395.901,7208247.0,751593.0,6634.0,5.5,5.25,5.28,5.32,5.4,2120.0,5.33,5.31,5.45,84.0,5.32,-7.000000000000028,11.000000000000032,16.000000000000014,-7.000000000000028,,,,False,False,False,0,3331.425,3.331425,True
2024-07-23,3331425.0,5.4,5.34,5.45,4.999999999999982,0.001,389.837,7208247.0,751593.0,6634.0,5.5,5.25,5.3,5.32,5.41,2011.0,5.33,5.31,5.45,85.0,5.32,-6.00000000000005,11.000000000000032,15.000000000000036,-7.000000000000028,,,,False,False,False,1,3331.425,3.331425,True
2024-07-24,3308580.0,5.4,5.34,5.47,6.99999999999994,0.0,399.121,7205455.0,774315.0,6751.0,5.5,5.25,5.3,5.33,5.42,2083.0,5.33,5.31,5.45,86.0,5.32,-6.00000000000005,12.99999999999999,16.999999999999993,-7.000000000000028,,,,False,False,False,2,3308.58,3.30858,True
2024-07-25,3308580.0,5.4,5.35,5.49,8.999999999999986,0.001,377.433,7205455.0,774315.0,6751.0,5.5,5.25,5.3,5.34,5.45,2129.0,5.33,5.31,5.45,88.0,5.32,-5.000000000000071,14.000000000000057,19.00000000000004,-7.000000000000028,,,,False,False,False,3,3308.58,3.30858,True
2024-07-26,3308580.0,5.4,5.35,5.5,9.999999999999964,0.0,381.257,7205455.0,774315.0,6751.0,5.5,5.25,5.3,5.34,5.45,2027.0,5.33,5.31,5.44,85.0,5.32,-5.000000000000071,15.000000000000036,20.000000000000018,-7.000000000000028,,,,False,False,False,4,3308.58,3.30858,True
2024-07-27,3308580.0,5.4,,,,,,7205455.0,774315.0,6751.0,5.5,5.25,,,,,,,,,,,,,,,,,False,False,False,5,3308.58,3.30858,False
2024-07-28,3308580.0,5.4,,,,,,7205455.0,774315.0,6751.0,5.5,5.25,,,,,,,,,,,,,,,,,False,False,False,6,3308.58,3.30858,False
2024-07-29,3308580.0,5.4,5.33,5.46,5.999999999999961,0.0,385.281,7205455.0,774315.0,6751.0,5.5,5.25,5.3,5.33,5.41,1982.0,5.33,5.31,5.46,90.0,5.32,-7.000000000000028,12.99999999999999,16.000000000000014,-7.000000000000028,,,,False,False,False,0,3308.58,3.30858,True
2024-07-30,3308580.0,5.4,5.33,5.45,4.999999999999982,0.0,367.054,7205455.0,774315.0,6751.0,5.5,5.25,5.3,5.32,5.4,1978.0,5.33,5.31,5.35,87.0,5.32,-7.000000000000028,12.00000000000001,15.000000000000036,-7.000000000000028,,,,False,False,False,1,3308.58,3.30858,True
2024-07-31,3293519.0,5.4,5.38,5.51,10.999999999999943,0.005,413.2,7178391.0,786486.0,6925.0,5.5,5.25,5.3,5.34,5.47,2185.0,5.33,5.31,5.45,78.0,5.32,-2.000000000000046,12.99999999999999,20.999999999999996,-7.000000000000028,,,,True,False,False,2,3293.519,3.293519,True
2024-08-01,3293519.0,5.4,5.35,5.51,10.999999999999943,0.001,348.885,7178391.0,786486.0,6925.0,5.5,5.25,5.3,5.34,5.46,2211.0,5.33,5.31,5.35,83.0,5.32,-5.000000000000071,16.000000000000014,20.999999999999996,-7.000000000000028,,,,False,False,False,3,3293.519,3.293519,True
2024-08-02,3293519.0,5.4,5.35,5.48,8.000000000000007,0.0,338.473,7178391.0,786486.0,6925.0,5.5,5.25,5.3,5.33,5.43,2077.0,5.33,5.31,5.45,89.0,5.32,-5.000000000000071,13.000000000000078,18.00000000000006,-7.000000000000028,,,,False,False,False,4,3293.519,3.293519,True
2024-08-03,3293519.0,5.4,,,,,,7178391.0,786486.0,6925.0,5.5,5.25,,,,,,,,,,,,,,,,,False,False,False,5,3293.519,3.293519,False
2024-08-04,3293519.0,5.4,,,,,,7178391.0,786486.0,6925.0,5.5,5.25,,,,,,,,,,,,,,,,,False,False,False,6,3293.519,3.293519,False
2024-08-05,3293519.0,5.4,5.32,5.42,1.9999999999999574,0.0,316.246,7178391.0,786486.0,6925.0,5.5,5.25,5.29,5.31,5.38,2199.0,5.33,5.31,5.45,86.0,5.32,-8.000000000000007,9.999999999999964,12.99999999999999,-7.000000000000028,,,,False,False,False,0,3293.519,3.293519,True
2024-08-06,3293519.0,5.4,5.33,5.43,2.999999999999936,0.001,291.958,7178391.0,786486.0,6925.0,5.5,5.25,5.3,5.32,5.4,2086.0,5.33,5.31,5.45,89.0,5.32,-7.000000000000028,9.999999999999964,12.99999999999999,-7.000000000000028,,,,False,False,False,1,3293.519,3.293519,True
2024-08-07,3351662.0,5.4,5.33,5.44,4.0000000000000036,0.002,286.66,7175256.0,770931.0,2232.0,5.5,5.25,5.3,5.32,5.39,2042.0,5.33,5.31,5.35,96.0,5.32,-7.000000000000028,11.000000000000032,14.000000000000057,-7.000000000000028,,,,False,False,False,2,3351.662,3.351662,True
2024-08-08,3351662.0,5.4,5.34,5.47,6.99999999999994,0.101,303.159,7175256.0,770931.0,2232.0,5.5,5.25,5.3,5.33,5.43,2196.0,5.33,5.31,5.35,106.0,5.32,-6.00000000000005,12.99999999999999,16.999999999999993,-7.000000000000028,,,,False,False,False,3,3351.662,3.351662,True
2024-08-09,3351662.0,5.4,5.34,5.46,5.999999999999961,0.0,312.198,7175256.0,770931.0,2232.0,5.5,5.25,5.3,5.33,5.42,2170.0,5.33,5.31,5.35,104.0,5.32,-6.00000000000005,12.00000000000001,16.000000000000014,-7.000000000000028,,,,False,False,False,4,3351.662,3.351662,True
2024-08-10,3351662.0,5.4,,,,,,7175256.0,770931.0,2232.0,5.5,5.25,,,,,,,,,,,,,,,,,False,False,False,5,3351.662,3.351662,False
2024-08-11,3351662.0,5.4,,,,,,7175256.0,770931.0,2232.0,5.5,5.25,,,,,,,,,,,,,,,,,False,False,False,6,3351.662,3.351662,False
2024-08-12,3351662.0,5.4,5.34,5.46,5.999999999999961,0.0,328.641,7175256.0,770931.0,2232.0,5.5,5.25,5.3,5.33,5.41,2138.0,5.33,5.31,5.35,102.0,5.32,-6.00000000000005,12.00000000000001,16.000000000000014,-7.000000000000028,,,,False,False,False,0,3351.662,3.351662,True
2024-08-13,3351662.0,5.4,5.34,5.48,8.000000000000007,0.001,324.494,7175256.0,770931.0,2232.0,5.5,5.25,5.3,5.34,5.43,2082.0,5.33,5.31,5.35,100.0,5.33,-6.00000000000005,14.000000000000057,18.00000000000006,-7.000000000000028,,,,False,False,False,1,3351.662,3.351662,True
2024-08-14,3346138.0,5.4,5.33,5.44,4.0000000000000036,0.0,328.472,7177688.0,794120.0,2410.0,5.5,5.25,5.28,5.32,5.39,2108.0,5.33,5.31,5.35,99.0,5.32,-7.000000000000028,11.000000000000032,16.000000000000014,-7.000000000000028,,,,False,False,False,2,3346.138,3.346138,True
2024-08-15,3346138.0,5.4,5.35,5.45,4.999999999999982,0.0,307.141,7177688.0,794120.0,2410.0,5.5,5.25,5.3,5.32,5.42,2118.0,5.33,5.31,5.35,96.0,5.32,-5.000000000000071,10.000000000000053,15.000000000000036,-7.000000000000028,,,,False,False,False,3,3346.138,3.346138,True
2024-08-16,3346138.0,5.4,5.32,5.43,2.999999999999936,0.0,330.317,7177688.0,794120.0,2410.0,5.5,5.25,5.29,5.32,5.39,2131.0,5.33,5.31,5.35,93.0,5.33,-8.000000000000007,10.999999999999943,13.999999999999968,-7.000000000000028,,,,False,False,False,4,3346.138,3.346138,True
2024-08-17,3346138.0,5.4,,,,,,7177688.0,794120.0,2410.0,5.5,5.25,,,,,,,,,,,,,,,,,False,False,False,5,3346.138,3.346138,False
2024-08-18,3346138.0,5.4,,,,,,7177688.0,794120.0,2410.0,5.5,5.25,,,,,,,,,,,,,,,,,False,False,False,6,3346.138,3.346138,False
2024-08-19,3346138.0,5.4,5.32,5.42,1.9999999999999574,0.0,333.583,7177688.0,794120.0,2410.0,5.5,5.25,5.29,5.31,5.38,2118.0,5.33,5.31,5.35,95.0,5.33,-8.000000000000007,9.999999999999964,12.99999999999999,-7.000000000000028,,,,False,False,False,0,3346.138,3.346138,True
2024-08-20,3346138.0,5.4,5.32,5.43,2.999999999999936,0.001,310.819,7177688.0,794120.0,2410.0,5.5,5.25,5.29,5.31,5.38,2101.0,5.33,5.31,5.5,90.0,5.33,-8.000000000000007,10.999999999999943,13.999999999999968,-7.000000000000028,,,,False,False,False,1,3346.138,3.346138,True
2024-08-21,3355586.0,5.4,5.31,5.39,-1.0000000000000675,0.0,321.329,7139952.0,736494.0,2061.0,5.5,5.25,5.28,5.31,5.35,1975.0,5.33,5.31,5.45,93.0,5.33,-9.000000000000075,8.000000000000007,10.999999999999943,-7.000000000000028,,,,False,False,False,2,3355.586,3.355586,True
2024-08-22,3355586.0,5.4,5.31,5.41,0.9999999999999787,0.0,316.777,7139952.0,736494.0,2061.0,5.5,5.25,5.28,5.31,5.37,2037.0,5.33,5.31,5.35,91.0,5.32,-9.000000000000075,10.000000000000053,12.99999999999999,-7.000000000000028,,,,False,False,False,3,3355.586,3.355586,True
2024-08-23,3355586.0,5.4,5.33,5.44,4.0000000000000036,0.0,312.896,7139952.0,736494.0,2061.0,5.5,5.25,5.3,5.32,5.39,2152.0,5.33,5.31,5.38,93.0,5.32,-7.000000000000028,11.000000000000032,14.000000000000057,-7.000000000000028,,,,False,False,False,4,3355.586,3.355586,True
2024-08-24,3355586.0,5.4,,,,,,7139952.0,736494.0,2061.0,5.5,5.25,,,,,,,,,,,,,,,,,False,False,False,5,3355.586,3.355586,False
2024-08-25,3355586.0,5.4,,,,,,7139952.0,736494.0,2061.0,5.5,5.25,,,,,,,,,,,,,,,,,False,False,False,6,3355.586,3.355586,False
2024-08-26,3355586.0,5.4,5.34,5.44,4.0000000000000036,0.0,353.557,7139952.0,736494.0,2061.0,5.5,5.25,5.3,5.32,5.4,2039.0,5.33,5.31,5.45,94.0,5.33,-6.00000000000005,10.000000000000053,14.000000000000057,-7.000000000000028,,,,False,False,False,0,3355.586,3.355586,True
2024-08-27,3355586.0,5.4,5.35,5.5,9.999999999999964,0.002,344.045,7139952.0,736494.0,2061.0,5.5,5.25,5.3,5.34,5.46,2227.0,5.33,5.31,5.35,86.0,5.33,-5.000000000000071,15.000000000000036,20.000000000000018,-7.000000000000028,,,,False,False,False,1,3355.586,3.355586,True
2024-08-28,3313566.0,5.4,5.35,5.49,8.999999999999986,0.0,388.89,7123238.0,745851.0,1679.0,5.5,5.25,5.3,5.34,5.44,2030.0,5.33,5.31,5.35,95.0,5.33,-5.000000000000071,14.000000000000057,19.00000000000004,-7.000000000000028,,,,False,False,False,2,3313.566,3.313566,True
2024-08-29,3313566.0,5.4,5.33,5.46,5.999999999999961,0.0,383.434,7123238.0,745851.0,1679.0,5.5,5.25,5.29,5.32,5.39,2088.0,5.33,5.31,5.35,97.0,5.32,-7.000000000000028,12.99999999999999,16.999999999999993,-7.000000000000028,,,,False,False,False,3,3313.566,3.313566,True
2024-08-30,3313566.0,5.4,5.32,5.43,2.999999999999936,0.0,433.13,7123238.0,745851.0,1679.0,5.5,5.25,5.28,5.32,5.38,2011.0,5.33,5.31,5.35,89.0,5.32,-8.000000000000007,10.999999999999943,14.999999999999947,-7.000000000000028,,,,False,False,False,4,3313.566,3.313566,True
2024-08-31,3313566.0,5.4,,,,,,7123238.0,745851.0,1679.0,5.5,5.25,,,,,,,,,,,,,,,,,True,False,False,5,3313.566,3.313566,False
2024-09-01,3313566.0,5.4,,,,,,7123238.0,745851.0,1679.0,5.5,5.25,,,,,,,,,,,,,,,,,False,False,False,6,3313.566,3.313566,False
2024-09-02,3313566.0,5.4,,,,,,7123238.0,745851.0,1679.0,5.5,5.25,,,,,,,,,,,,,,,,,False,False,False,0,3313.566,3.313566,False
2024-09-03,3313566.0,5.4,5.34,5.5,9.999999999999964,0.001,349.808,7123238.0,745851.0,1679.0,5.5,5.25,5.3,5.33,5.45,2403.0,5.33,5.31,5.35,100.0,5.33,-6.00000000000005,16.000000000000014,20.000000000000018,-7.000000000000028,,,,False,False,False,1,3313.566,3.313566,True
2024-09-04,3243002.0,5.4,5.35,5.46,5.999999999999961,0.0,337.312,7112567.0,733959.0,1517.0,5.5,5.25,5.3,5.33,5.43,2169.0,5.33,5.31,5.35,103.0,5.33,-5.000000000000071,11.000000000000032,16.000000000000014,-7.000000000000028,,,,False,False,False,2,3243.002,3.243002,True
2024-09-05,3243002.0,5.4,5.35,5.46,5.999999999999961,0.0,291.091,7112567.0,733959.0,1517.0,5.5,5.25,5.3,5.33,5.43,2205.0,5.33,5.31,5.35,102.0,5.33,-5.000000000000071,11.000000000000032,16.000000000000014,-7.000000000000028,,,,False,False,False,3,3243.002,3.243002,True
2024-09-06,3243002.0,5.4,5.34,5.46,5.999999999999961,0.0,299.271,7112567.0,733959.0,1517.0,5.5,5.25,5.3,5.33,5.42,2119.0,5.33,5.31,5.35,100.0,5.33,-6.00000000000005,12.00000000000001,16.000000000000014,-7.000000000000028,,,,False,False,False,4,3243.002,3.243002,True
2024-09-07,3243002.0,5.4,,,,,,7112567.0,733959.0,1517.0,5.5,5.25,,,,,,,,,,,,,,,,,False,False,False,5,3243.002,3.243002,False
2024-09-08,3243002.0,5.4,,,,,,7112567.0,733959.0,1517.0,5.5,5.25,,,,,,,,,,,,,,,,,False,False,False,6,3243.002,3.243002,False
2024-09-09,3243002.0,5.4,5.34,5.45,4.999999999999982,0.001,292.158,7112567.0,733959.0,1517.0,5.5,5.25,5.29,5.32,5.41,2094.0,5.33,5.31,5.35,95.0,5.33,-6.00000000000005,11.000000000000032,16.000000000000014,-7.000000000000028,,,,False,False,False,0,3243.002,3.243002,True
2024-09-10,3243002.0,5.4,5.33,5.43,2.999999999999936,0.102,281.392,7112567.0,733959.0,1517.0,5.5,5.25,5.29,5.32,5.38,2161.0,5.33,5.31,5.35,101.0,5.33,-7.000000000000028,9.999999999999964,13.999999999999968,-7.000000000000028,,,,False,False,False,1,3243.002,3.243002,True
2024-09-11,3320818.0,5.4,5.32,5.41,0.9999999999999787,0.002,279.215,7115001.0,755958.0,1568.0,5.5,5.25,5.29,5.31,5.37,2308.0,5.33,5.31,5.35,105.0,5.33,-8.000000000000007,8.999999999999986,12.00000000000001,-7.000000000000028,,,,False,False,False,2,3320.818,3.320818,True
2024-09-12,3320818.0,5.4,5.33,5.42,1.9999999999999574,0.001,294.464,7115001.0,755958.0,1568.0,5.5,5.25,5.28,5.31,5.39,2087.0,5.33,5.31,5.35,111.0,5.33,-7.000000000000028,8.999999999999986,13.999999999999968,-7.000000000000028,,,,False,False,False,3,3320.818,3.320818,True
2024-09-13,3320818.0,5.4,5.33,5.43,2.999999999999936,0.001,284.951,7115001.0,755958.0,1568.0,5.5,5.25,5.3,5.32,5.39,2232.0,5.33,5.31,5.35,105.0,5.33,-7.000000000000028,9.999999999999964,12.99999999999999,-7.000000000000028,,,,False,False,False,4,3320.818,3.320818,True
2024-09-14,3320818.0,5.4,,,,,,7115001.0,755958.0,1568.0,5.5,5.25,,,,,,,,,,,,,,,,,False,False,False,5,3320.818,3.320818,False
2024-09-15,3320818.0,5.4,,,,,,7115001.0,755958.0,1568.0,5.5,5.25,,,,,,,,,,,,,,,,,False,False,False,6,3320.818,3.320818,False
2024-09-16,3320818.0,5.4,5.38,5.48,8.000000000000007,0.01,239.386,7115001.0,755958.0,1568.0,5.5,5.25,5.3,5.33,5.44,2212.0,5.33,5.31,5.35,96.0,5.33,-2.000000000000046,10.000000000000053,18.00000000000006,-7.000000000000028,,,,False,False,False,0,3320.818,3.320818,True
2024-09-17,3320818.0,5.4,5.38,5.47,6.99999999999994,0.002,256.337,7115001.0,755958.0,1568.0,5.5,5.25,5.3,5.33,5.43,2161.0,5.33,5.31,5.35,103.0,5.33,-2.000000000000046,8.999999999999986,16.999999999999993,-7.000000000000028,,,,False,False,False,1,3320.818,3.320818,True
2024-09-18,3313281.0,5.4,5.33,5.42,1.9999999999999574,0.0,305.831,7109137.0,771194.0,1376.0,5.5,5.25,5.28,5.32,5.38,2194.0,5.33,5.31,5.4,102.0,5.33,-7.000000000000028,8.999999999999986,13.999999999999968,-7.000000000000028,,,,False,False,False,2,3313.281,3.313281,True
2024-09-19,3313281.0,4.9,4.82,5.34,43.99999999999995,0.0,311.777,7109137.0,771194.0,1376.0,5.0,4.75,4.79,4.81,4.86,2378.0,4.83,4.81,4.95,90.0,4.83,-8.000000000000007,51.99999999999996,54.999999999999986,-7.000000000000028,,,,False,False,False,3,3313.281,3.313281,True
2024-09-20,3313281.0,4.9,4.83,4.92,1.9999999999999574,0.0,339.316,7109137.0,771194.0,1376.0,5.0,4.75,4.78,4.82,4.88,2147.0,4.83,4.81,4.95,93.0,4.83,-7.000000000000028,8.999999999999986,13.999999999999968,-7.000000000000028,,,,False,False,False,4,3313.281,3.313281,True
2024-09-21,3313281.0,4.9,,,,,,7109137.0,771194.0,1376.0,5.0,4.75,,,,,,,,,,,,,,,,,False,False,False,5,3313.281,3.313281,False
2024-09-22,3313281.0,4.9,,,,,,7109137.0,771194.0,1376.0,5.0,4.75,,,,,,,,,,,,,,,,,False,False,False,6,3313.281,3.313281,False
2024-09-23,3313281.0,4.9,4.83,4.93,2.999999999999936,0.005,380.372,7109137.0,771194.0,1376.0,5.0,4.75,4.78,4.82,4.89,2198.0,4.83,4.81,4.92,95.0,4.83,-7.000000000000028,9.999999999999964,14.999999999999947,-7.000000000000028,,,,False,False,False,0,3313.281,3.313281,True
2024-09-24,3313281.0,4.9,4.84,4.95,4.999999999999982,0.002,388.977,7109137.0,771194.0,1376.0,5.0,4.75,4.79,4.83,4.91,2171.0,4.83,4.81,4.85,94.0,4.83,-6.00000000000005,11.000000000000032,16.000000000000014,-7.000000000000028,,,,False,False,False,1,3313.281,3.313281,True
2024-09-25,3169149.0,4.9,4.84,4.95,4.999999999999982,0.002,416.193,7080059.0,806771.0,1365.0,5.0,4.75,4.79,4.83,4.91,2133.0,4.83,4.81,4.85,103.0,4.83,-6.00000000000005,11.000000000000032,16.000000000000014,-7.000000000000028,,,,False,False,False,2,3169.149,3.169149,True
2024-09-26,3169149.0,4.9,4.83,4.95,4.999999999999982,0.0,424.916,7080059.0,806771.0,1365.0,5.0,4.75,4.8,4.82,4.89,2329.0,4.83,4.81,4.85,100.0,4.83,-7.000000000000028,12.00000000000001,15.000000000000036,-7.000000000000028,,,,False,False,False,3,3169.149,3.169149,True
2024-09-27,3169149.0,4.9,4.84,4.95,4.999999999999982,0.0,436.518,7080059.0,806771.0,1365.0,5.0,4.75,4.8,4.83,4.9,2077.0,4.83,4.81,4.86,94.0,4.83,-6.00000000000005,11.000000000000032,15.000000000000036,-7.000000000000028,,,,False,False,False,4,3169.149,3.169149,True
2024-09-28,3169149.0,4.9,,,,,,7080059.0,806771.0,1365.0,5.0,4.75,,,,,,,,,,,,,,,,,False,False,False,5,3169.149,3.169149,False
2024-09-29,3169149.0,4.9,,,,,,7080059.0,806771.0,1365.0,5.0,4.75,,,,,,,,,,,,,,,,,False,False,False,6,3169.149,3.169149,False
2024-09-30,3169149.0,4.9,4.96,5.45,54.999999999999986,2.35,465.638,7080059.0,806771.0,1365.0,5.0,4.75,4.83,4.88,5.02,2523.0,4.83,4.8,4.95,73.0,4.83,5.999999999999961,49.00000000000002,62.000000000000014,-7.000000000000028,4589.0,0.5228910761958572,0.06183493636870137,True,True,False,0,3169.149,3.169149,True
2024-10-01,3169149.0,4.9,5.05,5.28,37.999999999999986,0.0,375.221,7080059.0,806771.0,1365.0,5.0,4.75,4.85,4.92,5.14,2395.0,4.83,4.81,4.85,85.0,4.83,14.999999999999947,23.000000000000043,43.00000000000006,-7.000000000000028,4589.0,0.5228910761958572,0.06183493636870137,False,False,False,1,3169.149,3.169149,True
2024-10-02,3089598.0,4.9,4.92,5.09,18.99999999999995,0.002,383.398,7046925.0,798277.0,1660.0,5.0,4.75,4.83,4.87,5.01,2426.0,4.83,4.81,4.85,81.0,4.83,1.9999999999999574,16.999999999999993,25.99999999999998,-7.000000000000028,4589.0,0.5228910761958572,0.06183493636870137,False,False,False,2,3089.598,3.089598,True
2024-10-03,3089598.0,4.9,4.85,4.96,5.999999999999961,0.102,341.248,7046925.0,798277.0,1660.0,5.0,4.75,4.8,4.83,4.91,2182.0,4.83,4.81,4.85,81.0,4.83,-5.000000000000071,11.000000000000032,16.000000000000014,-7.000000000000028,4589.0,0.5228910761958572,0.06183493636870137,False,False,False,3,3089.598,3.089598,True
2024-10-04,3089598.0,4.9,4.83,4.93,2.999999999999936,0.0,330.012,7046925.0,798277.0,1660.0,5.0,4.75,4.8,4.82,4.89,2377.0,4.83,4.81,4.85,84.0,4.83,-7.000000000000028,9.999999999999964,12.99999999999999,-7.000000000000028,4589.0,0.5228910761958572,0.06183493636870137,False,False,False,4,3089.598,3.089598,True
2024-10-05,3089598.0,4.9,,,,,,7046925.0,798277.0,1660.0,5.0,4.75,,,,,,,,,,,,,,4589.0,0.5228910761958572,0.06183493636870137,False,False,False,5,3089.598,3.089598,False
2024-10-06,3089598.0,4.9,,,,,,7046925.0,798277.0,1660.0,5.0,4.75,,,,,,,,,,,,,,4589.0,0.5228910761958572,0.06183493636870137,False,False,False,6,3089.598,3.089598,False
2024-10-07,3089598.0,4.9,4.83,4.93,2.999999999999936,0.0,322.948,7046925.0,798277.0,1660.0,5.0,4.75,4.8,4.82,4.88,2350.0,4.83,4.81,4.85,86.0,4.83,-7.000000000000028,9.999999999999964,12.99999999999999,-7.000000000000028,4589.0,0.5228910761958572,0.06183493636870137,False,False,False,0,3089.598,3.089598,True
2024-10-08,3089598.0,4.9,4.84,4.94,4.0000000000000036,0.0,325.355,7046925.0,798277.0,1660.0,5.0,4.75,4.8,4.83,4.9,2166.0,4.83,4.81,4.85,90.0,4.83,-6.00000000000005,10.000000000000053,14.000000000000057,-7.000000000000028,4589.0,0.5228910761958572,0.06183493636870137,False,False,False,1,3089.598,3.089598,True
2024-10-09,3186207.0,4.9,4.83,4.93,2.999999999999936,0.001,343.448,7046840.0,802115.0,1745.0,5.0,4.75,4.8,4.82,4.88,2220.0,4.83,4.81,4.85,94.0,4.83,-7.000000000000028,9.999999999999964,12.99999999999999,-7.000000000000028,4589.0,0.5228910761958572,0.06183493636870137,False,False,False,2,3186.207,3.186207,True
2024-10-10,3186207.0,4.9,4.82,4.91,0.9999999999999787,0.0,322.587,7046840.0,802115.0,1745.0,5.0,4.75,4.79,4.81,4.86,2198.0,4.83,4.81,4.85,98.0,4.83,-8.000000000000007,8.999999999999986,12.00000000000001,-7.000000000000028,4589.0,0.5228910761958572,0.06183493636870137,False,False,False,3,3186.207,3.186207,True
2024-10-11,3186207.0,4.9,4.81,4.89,-1.0000000000000675,0.0,331.735,7046840.0,802115.0,1745.0,5.0,4.75,4.79,4.81,4.85,2058.0,4.83,4.81,4.85,94.0,4.83,-9.000000000000075,8.000000000000007,9.999999999999964,-7.000000000000028,4589.0,0.5228910761958572,0.06183493636870137,False,False,False,4,3186.207,3.186207,True
2024-10-12,3186207.0,4.9,,,,,,7046840.0,802115.0,1745.0,5.0,4.75,,,,,,,,,,,,,,4589.0,0.5228910761958572,0.06183493636870137,False,False,False,5,3186.207,3.186207,False
2024-10-13,3186207.0,4.9,,,,,,7046840.0,802115.0,1745.0,5.0,4.75,,,,,,,,,,,,,,4589.0,0.5228910761958572,0.06183493636870137,False,False,False,6,3186.207,3.186207,False
2024-10-14,3186207.0,4.9,,,,,,7046840.0,802115.0,1745.0,5.0,4.75,,,,,,,,,,,,,,4589.0,0.5228910761958572,0.06183493636870137,False,False,False,0,3186.207,3.186207,False
2024-10-15,3186207.0,4.9,4.86,5.0,9.999999999999964,0.001,286.398,7046840.0,802115.0,1745.0,5.0,4.75,4.81,4.84,4.94,2272.0,4.83,4.81,4.85,91.0,4.83,-4.0000000000000036,13.999999999999968,19.00000000000004,-7.000000000000028,4589.0,0.5228910761958572,0.06183493636870137,False,False,False,1,3186.207,3.186207,True
2024-10-16,3209877.0,4.9,4.86,4.97,6.99999999999994,0.001,272.028,7039284.0,791792.0,1879.0,5.0,4.75,4.81,4.84,4.94,2317.0,4.83,4.81,4.85,97.0,4.83,-4.0000000000000036,10.999999999999943,16.000000000000014,-7.000000000000028,4589.0,0.5228910761958572,0.06183493636870137,False,False,False,2,3209.877,3.209877,True
2024-10-17,3209877.0,4.9,4.85,4.98,8.000000000000007,0.01,262.21,7039284.0,791792.0,1879.0,5.0,4.75,4.81,4.84,4.94,2334.0,4.83,4.81,4.85,96.0,4.83,-5.000000000000071,13.000000000000078,17.00000000000008,-7.000000000000028,4589.0,0.5228910761958572,0.06183493636870137,False,False,False,3,3209.877,3.209877,True
2024-10-18,3209877.0,4.9,4.84,4.94,4.0000000000000036,0.0,259.892,7039284.0,791792.0,1879.0,5.0,4.75,4.8,4.82,4.9,2168.0,4.83,4.81,4.85,98.0,4.83,-6.00000000000005,10.000000000000053,14.000000000000057,-7.000000000000028,4589.0,0.5228910761958572,0.06183493636870137,False,False,False,4,3209.877,3.209877,True
2024-10-19,3209877.0,4.9,,,,,,7039284.0,791792.0,1879.0,5.0,4.75,,,,,,,,,,,,,,4589.0,0.5228910761958572,0.06183493636870137,False,False,False,5,3209.877,3.209877,False
2024-10-20,3209877.0,4.9,,,,,,7039284.0,791792.0,1879.0,5.0,4.75,,,,,,,,,,,,,,4589.0,0.5228910761958572,0.06183493636870137,False,False,False,6,3209.877,3.209877,False
2024-10-21,3209877.0,4.9,4.82,4.91,0.9999999999999787,0.0,261.044,7039284.0,791792.0,1879.0,5.0,4.75,4.8,4.81,4.87,2322.0,4.83,4.81,4.85,96.0,4.83,-8.000000000000007,8.999999999999986,11.000000000000032,-7.000000000000028,4589.0,0.5228910761958572,0.06183493636870137,False,False,False,0,3209.877,3.209877,True
2024-10-22,3209877.0,4.9,4.83,4.92,1.9999999999999574,0.001,237.76,7039284.0,791792.0,1879.0,5.0,4.75,4.79,4.82,4.89,2226.0,4.83,4.81,4.85,98.0,4.83,-7.000000000000028,8.999999999999986,12.99999999999999,-7.000000000000028,4589.0,0.5228910761958572,0.06183493636870137,False,False,False,1,3209.877,3.209877,True
2024-10-23,3230145.0,4.9,4.83,4.92,1.9999999999999574,0.0,270.839,7029408.0,829991.0,1768.0,5.0,4.75,4.79,4.82,4.89,2129.0,4.83,4.81,4.85,99.0,4.83,-7.000000000000028,8.999999999999986,12.99999999999999,-7.000000000000028,4589.0,0.5228910761958572,0.06183493636870137,False,False,False,2,3230.145,3.230145,True
2024-10-24,3230145.0,4.9,4.83,4.94,4.0000000000000036,0.001,202.798,7029408.0,829991.0,1768.0,5.0,4.75,4.77,4.83,4.89,2246.0,4.83,4.81,4.85,98.0,4.83,-7.000000000000028,11.000000000000032,17.00000000000008,-7.000000000000028,4589.0,0.5228910761958572,0.06183493636870137,False,False,False,3,3230.145,3.230145,True
2024-10-25,3230145.0,4.9,4.83,4.94,4.0000000000000036,0.001,227.0,7029408.0,829991.0,1768.0,5.0,4.75,4.79,4.82,4.89,2188.0,4.83,4.81,4.9,104.0,4.83,-7.000000000000028,11.000000000000032,15.000000000000036,-7.000000000000028,4589.0,0.5228910761958572,0.06183493636870137,False,False,False,4,3230.145,3.230145,True
2024-10-26,3230145.0,4.9,,,,,,7029408.0,829991.0,1768.0,5.0,4.75,,,,,,,,,,,,,,4589.0,0.5228910761958572,0.06183493636870137,False,False,False,5,3230.145,3.230145,False
2024-10-27,3230145.0,4.9,,,,,,7029408.0,829991.0,1768.0,5.0,4.75,,,,,,,,,,,,,,4589.0,0.5228910761958572,0.06183493636870137,False,False,False,6,3230.145,3.230145,False
2024-10-28,3230145.0,4.9,4.82,4.92,1.9999999999999574,0.01,251.032,7029408.0,829991.0,1768.0,5.0,4.75,4.79,4.81,4.88,2194.0,4.83,4.81,4.92,99.0,4.83,-8.000000000000007,9.999999999999964,12.99999999999999,-7.000000000000028,4589.0,0.5228910761958572,0.06183493636870137,False,False,False,0,3230.145,3.230145,True
2024-10-29,3230145.0,4.9,4.82,4.9,0.0,0.005,244.841,7029408.0,829991.0,1768.0,5.0,4.75,4.78,4.81,4.86,2116.0,4.83,4.81,4.9,100.0,4.83,-8.000000000000007,8.000000000000007,12.00000000000001,-7.000000000000028,4589.0,0.5228910761958572,0.06183493636870137,False,False,False,1,3230.145,3.230145,True
2024-10-30,3236958.0,4.9,4.81,4.89,-1.0000000000000675,0.011,228.946,7013490.0,835237.0,1505.0,5.0,4.75,4.78,4.81,4.85,2045.0,4.83,4.81,4.85,104.0,4.83,-9.000000000000075,8.000000000000007,10.999999999999943,-7.000000000000028,4589.0,0.5228910761958572,0.06183493636870137,False,False,False,2,3236.958,3.236958,True
2024-10-31,3236958.0,4.9,4.9,5.03,12.99999999999999,0.0,201.278,7013490.0,835237.0,1505.0,5.0,4.75,4.8,4.86,4.98,2244.0,4.83,4.81,4.92,96.0,4.83,0.0,12.99999999999999,23.000000000000043,-7.000000000000028,4589.0,0.5228910761958572,0.06183493636870137,True,False,False,3,3236.958,3.236958,True
2024-11-01,3236958.0,4.9,4.86,4.97,6.99999999999994,0.001,155.476,7013490.0,835237.0,1505.0,5.0,4.75,4.8,4.84,4.93,2164.0,4.83,4.81,4.89,99.0,4.83,-4.0000000000000036,10.999999999999943,16.999999999999993,-7.000000000000028,4589.0,0.5228910761958572,0.06183493636870137,False,False,False,4,3236.958,3.236958,True
2024-11-02,3236958.0,4.9,,,,,,7013490.0,835237.0,1505.0,5.0,4.75,,,,,,,,,,,,,,4589.0,0.5228910761958572,0.06183493636870137,False,False,False,5,3236.958,3.236958,False
2024-11-03,3236958.0,4.9,,,,,,7013490.0,835237.0,1505.0,5.0,4.75,,,,,,,,,,,,,,4589.0,0.5228910761958572,0.06183493636870137,False,False,False,6,3236.958,3.236958,False
2024-11-04,3236958.0,4.9,4.82,4.91,0.9999999999999787,0.001,171.885,7013490.0,835237.0,1505.0,5.0,4.75,4.79,4.82,4.87,2308.0,4.83,4.81,4.9,98.0,4.83,-8.000000000000007,8.999999999999986,12.00000000000001,-7.000000000000028,4589.0,0.5228910761958572,0.06183493636870137,False,False,False,0,3236.958,3.236958,True
2024-11-05,3236958.0,4.9,4.82,4.89,-1.0000000000000675,0.003,144.243,7013490.0,835237.0,1505.0,5.0,4.75,4.79,4.81,4.85,2235.0,4.83,4.81,4.9,104.0,4.83,-8.000000000000007,6.99999999999994,9.999999999999964,-7.000000000000028,4589.0,0.5228910761958572,0.06183493636870137,False,False,False,1,3236.958,3.236958,True
2024-11-06,3274120.0,4.9,4.81,4.88,-2.000000000000046,0.101,177.871,6994299.0,842051.0,1600.0,5.0,4.75,4.78,4.81,4.85,2128.0,4.83,4.81,4.9,102.0,4.83,-9.000000000000075,7.000000000000028,9.999999999999964,-7.000000000000028,4589.0,0.5228910761958572,0.06183493636870137,False,False,False,2,3274.12,3.27412,True
2024-11-07,3274120.0,4.9,4.82,4.91,0.9999999999999787,0.0,159.002,6994299.0,842051.0,1600.0,5.0,4.75,4.79,4.81,4.87,2266.0,4.83,4.81,4.9,100.0,4.83,-8.000000000000007,8.999999999999986,12.00000000000001,-7.000000000000028,4589.0,0.5228910761958572,0.06183493636870137,False,False,False,3,3274.12,3.27412,True
2024-11-08,3274120.0,4.65,4.6,4.83,17.99999999999997,0.0,163.621,6994299.0,842051.0,1600.0,4.75,4.5,4.55,4.58,4.66,2184.0,4.58,4.56,4.6,103.0,4.58,-5.000000000000071,23.000000000000043,28.000000000000025,-7.000000000000028,4589.0,0.5228910761958572,0.06183493636870137,False,False,False,4,3274.12,3.27412,True
2024-11-09,3274120.0,4.65,,,,,,6994299.0,842051.0,1600.0,4.75,4.5,,,,,,,,,,,,,,4589.0,0.5228910761958572,0.06183493636870137,False,False,False,5,3274.12,3.27412,False
2024-11-10,3274120.0,4.65,,,,,,6994299.0,842051.0,1600.0,4.75,4.5,,,,,,,,,,,,,,4589.0,0.5228910761958572,0.06183493636870137,False,False,False,6,3274.12,3.27412,False
2024-11-11,3274120.0,4.65,,,,,,6994299.0,842051.0,1600.0,4.75,4.5,,,,,,,,,,,,,,4589.0,0.5228910761958572,0.06183493636870137,False,False,False,0,3274.12,3.27412,False
2024-11-12,3274120.0,4.65,4.6,4.7,4.999999999999982,0.001,178.814,6994299.0,842051.0,1600.0,4.75,4.5,4.55,4.58,4.66,2298.0,4.58,4.56,4.6,101.0,4.58,-5.000000000000071,10.000000000000053,15.000000000000036,-7.000000000000028,4589.0,0.5228910761958572,0.06183493636870137,False,False,False,1,3274.12,3.27412,True
2024-11-13,3244149.0,4.65,4.59,4.69,4.0000000000000036,0.002,238.106,6967108.0,832186.0,2830.0,4.75,4.5,4.55,4.58,4.64,2233.0,4.58,4.56,4.65,105.0,4.58,-6.00000000000005,10.000000000000053,14.000000000000057,-7.000000000000028,4589.0,0.5228910761958572,0.06183493636870137,False,False,False,2,3244.149,3.244149,True
2024-11-14,3244149.0,4.65,4.58,4.66,0.9999999999999787,0.002,214.509,6967108.0,832186.0,2830.0,4.75,4.5,4.55,4.57,4.62,2177.0,4.58,4.56,4.64,107.0,4.58,-7.000000000000028,8.000000000000007,11.000000000000032,-7.000000000000028,4589.0,0.5228910761958572,0.06183493636870137,False,False,False,3,3244.149,3.244149,True
2024-11-15,3244149.0,4.65,4.57,4.65,0.0,0.0,172.4,6967108.0,832186.0,2830.0,4.75,4.5,4.55,4.56,4.62,2425.0,4.58,4.56,4.65,104.0,4.58,-8.000000000000007,8.000000000000007,10.000000000000053,-7.000000000000028,4589.0,0.5228910761958572,0.06183493636870137,False,False,False,4,3244.149,3.244149,True
2024-11-16,3244149.0,4.65,,,,,,6967108.0,832186.0,2830.0,4.75,4.5,,,,,,,,,,,,,,4589.0,0.5228910761958572,0.06183493636870137,False,False,False,5,3244.149,3.244149,False
2024-11-17,3244149.0,4.65,,,,,,6967108.0,832186.0,2830.0,4.75,4.5,,,,,,,,,,,,,,4589.0,0.5228910761958572,0.06183493636870137,False,False,False,6,3244.149,3.244149,False
2024-11-18,3244149.0,4.65,4.57,4.65,0.0,0.0,200.03,6967108.0,832186.0,2830.0,4.75,4.5,4.54,4.56,4.62,2297.0,4.58,4.56,4.6,103.0,4.58,-8.000000000000007,8.000000000000007,11.000000000000032,-7.000000000000028,4589.0,0.5228910761958572,0.06183493636870137,False,False,False,0,3244.149,3.244149,True
2024-11-19,3244149.0,4.65,4.57,4.66,0.9999999999999787,0.001,200.664,6967108.0,832186.0,2830.0,4.75,4.5,4.55,4.56,4.62,2275.0,4.58,4.56,4.6,99.0,4.58,-8.000000000000007,8.999999999999986,11.000000000000032,-7.000000000000028,4589.0,0.5228910761958572,0.06183493636870137,False,False,False,1,3244.149,3.244149,True
2024-11-20,3286885.0,4.65,4.56,4.65,0.0,0.001,217.793,6923731.0,751873.0,2747.0,4.75,4.5,4.54,4.56,4.61,2155.0,4.58,4.56,4.6,102.0,4.58,-9.000000000000075,9.000000000000075,11.000000000000032,-7.000000000000028,4589.0,0.5228910761958572,0.06183493636870137,False,False,False,2,3286.885,3.286885,True
2024-11-21,3286885.0,4.65,4.57,4.66,0.9999999999999787,0.002,188.567,6923731.0,751873.0,2747.0,4.75,4.5,4.55,4.56,4.62,2291.0,4.58,4.56,4.6,101.0,4.58,-8.000000000000007,8.999999999999986,11.000000000000032,-7.000000000000028,4589.0,0.5228910761958572,0.06183493636870137,False,False,False,3,3286.885,3.286885,True
2024-11-22,3286885.0,4.65,4.57,4.66,0.9999999999999787,0.0,204.254,6923731.0,751873.0,2747.0,4.75,4.5,4.53,4.56,4.62,2188.0,4.58,4.56,4.7,100.0,4.58,-8.000000000000007,8.999999999999986,12.99999999999999,-7.000000000000028,4589.0,0.5228910761958572,0.06183493636870137,False,False,False,4,3286.885,3.286885,True
2024-11-23,3286885.0,4.65,,,,,,6923731.0,751873.0,2747.0,4.75,4.5,,,,,,,,,,,,,,4589.0,0.5228910761958572,0.06183493636870137,False,False,False,5,3286.885,3.286885,False
2024-11-24,3286885.0,4.65,,,,,,6923731.0,751873.0,2747.0,4.75,4.5,,,,,,,,,,,,,,4589.0,0.5228910761958572,0.06183493636870137,False,False,False,6,3286.885,3.286885,False
2024-11-25,3286885.0,4.65,4.58,4.69,4.0000000000000036,0.0,186.749,6923731.0,751873.0,2747.0,4.75,4.5,4.55,4.57,4.64,2206.0,4.58,4.56,4.6,103.0,4.58,-7.000000000000028,11.000000000000032,14.000000000000057,-7.000000000000028,4589.0,0.5228910761958572,0.06183493636870137,False,False,False,0,3286.885,3.286885,True
2024-11-26,3286885.0,4.65,4.58,4.69,4.0000000000000036,0.005,148.823,6923731.0,751873.0,2747.0,4.75,4.5,4.54,4.57,4.64,2214.0,4.58,4.56,4.6,101.0,4.58,-7.000000000000028,11.000000000000032,15.000000000000036,-7.000000000000028,4589.0,0.5228910761958572,0.06183493636870137,False,False,False,1,3286.885,3.286885,True
2024-11-27,3227674.0,4.65,4.57,4.66,0.9999999999999787,0.0,169.815,6905140.0,775250.0,2498.0,4.75,4.5,4.54,4.56,4.63,2136.0,4.58,4.56,4.6,103.0,4.58,-8.000000000000007,8.999999999999986,12.00000000000001,-7.000000000000028,4589.0,0.5228910761958572,0.06183493636870137,False,False,False,2,3227.674,3.227674,True
2024-11-28,3227674.0,4.65,,,,,,6905140.0,775250.0,2498.0,4.75,4.5,,,,,,,,,,,,,,4589.0,0.5228910761958572,0.06183493636870137,False,False,False,3,3227.674,3.227674,False
2024-11-29,3227674.0,4.65,4.59,4.7,4.999999999999982,0.001,197.627,6905140.0,775250.0,2498.0,4.75,4.5,4.55,4.58,4.66,2209.0,4.58,4.55,4.6,95.0,4.58,-6.00000000000005,11.000000000000032,15.000000000000036,-7.000000000000028,4589.0,0.5228910761958572,0.06183493636870137,False,False,False,4,3227.674,3.227674,True
2024-11-30,3227674.0,4.65,,,,,,6905140.0,775250.0,2498.0,4.75,4.5,,,,,,,,,,,,,,4589.0,0.5228910761958572,0.06183493636870137,True,False,False,5,3227.674,3.227674,False
2024-12-01,3227674.0,4.65,,,,,,6905140.0,775250.0,2498.0,4.75,4.5,,,,,,,,,,,,,,4589.0,0.5228910761958572,0.06183493636870137,False,False,False,6,3227.674,3.227674,False
2024-12-02,3227674.0,4.65,4.64,4.75,9.999999999999964,0.001,135.858,6905140.0,775250.0,2498.0,4.75,4.5,4.57,4.6,4.72,2440.0,4.58,4.56,4.64,92.0,4.58,-1.0000000000000675,11.000000000000032,17.99999999999997,-7.000000000000028,4589.0,0.5228910761958572,0.06183493636870137,False,False,False,0,3227.674,3.227674,True
2024-12-03,3227674.0,4.65,4.64,4.75,9.999999999999964,0.001,161.572,6905140.0,775250.0,2498.0,4.75,4.5,4.55,4.6,4.7,2329.0,4.58,4.56,4.6,94.0,4.58,-1.0000000000000675,11.000000000000032,20.000000000000018,-7.000000000000028,4589.0,0.5228910761958572,0.06183493636870137,False,False,False,1,3227.674,3.227674,True
2024-12-04,3225075.0,4.65,4.59,4.69,4.0000000000000036,0.003,162.866,6895827.0,789516.0,2430.0,4.75,4.5,4.55,4.58,4.66,2265.0,4.58,4.56,4.6,99.0,4.58,-6.00000000000005,10.000000000000053,14.000000000000057,-7.000000000000028,4589.0,0.5228910761958572,0.06183493636870137,False,False,False,2,3225.075,3.225075,True
2024-12-05,3225075.0,4.65,4.59,4.68,2.999999999999936,0.001,131.964,6895827.0,789516.0,2430.0,4.75,4.5,4.55,4.57,4.65,2325.0,4.58,4.56,4.6,109.0,4.58,-6.00000000000005,8.999999999999986,12.99999999999999,-7.000000000000028,4589.0,0.5228910761958572,0.06183493636870137,False,False,False,3,3225.075,3.225075,True
2024-12-06,3225075.0,4.65,4.6,4.7,4.999999999999982,0.001,130.014,6895827.0,789516.0,2430.0,4.75,4.5,4.55,4.58,4.68,2277.0,4.58,4.56,4.6,107.0,4.58,-5.000000000000071,10.000000000000053,15.000000000000036,-7.000000000000028,4589.0,0.5228910761958572,0.06183493636870137,False,False,False,4,3225.075,3.225075,True
2024-12-07,3225075.0,4.65,,,,,,6895827.0,789516.0,2430.0,4.75,4.5,,,,,,,,,,,,,,4589.0,0.5228910761958572,0.06183493636870137,False,False,False,5,3225.075,3.225075,False
2024-12-08,3225075.0,4.65,,,,,,6895827.0,789516.0,2430.0,4.75,4.5,,,,,,,,,,,,,,4589.0,0.5228910761958572,0.06183493636870137,False,False,False,6,3225.075,3.225075,False
2024-12-09,3225075.0,4.65,4.63,4.74,8.999999999999986,0.01,153.029,6895827.0,789516.0,2430.0,4.75,4.5,4.56,4.6,4.69,2305.0,4.58,4.56,4.6,100.0,4.58,-2.000000000000046,11.000000000000032,18.00000000000006,-7.000000000000028,4589.0,0.5228910761958572,0.06183493636870137,False,False,False,0,3225.075,3.225075,True
2024-12-10,3225075.0,4.65,4.64,4.76,10.999999999999943,0.1,174.842,6895827.0,789516.0,2430.0,4.75,4.5,4.56,4.61,4.72,2308.0,4.58,4.56,4.7,102.0,4.58,-1.0000000000000675,12.00000000000001,20.000000000000018,-7.000000000000028,4589.0,0.5228910761958572,0.06183493636870137,False,False,False,1,3225.075,3.225075,True
2024-12-11,3264559.0,4.65,4.62,4.72,6.99999999999994,0.004,180.12,6897485.0,775067.0,2607.0,4.75,4.5,4.56,4.6,4.68,2287.0,4.58,4.56,4.6,106.0,4.58,-3.000000000000025,9.999999999999964,16.000000000000014,-7.000000000000028,4589.0,0.5228910761958572,0.06183493636870137,False,False,False,2,3264.559,3.264559,True
2024-12-12,3264559.0,4.65,4.62,4.72,6.99999999999994,0.002,165.025,6897485.0,775067.0,2607.0,4.75,4.5,4.55,4.6,4.68,2262.0,4.58,4.56,4.6,111.0,4.58,-3.000000000000025,9.999999999999964,16.999999999999993,-7.000000000000028,4589.0,0.5228910761958572,0.06183493636870137,False,False,False,3,3264.559,3.264559,True
2024-12-13,3264559.0,4.65,4.6,4.7,4.999999999999982,0.0,135.777,6897485.0,775067.0,2607.0,4.75,4.5,4.55,4.59,4.66,2255.0,4.58,4.56,4.6,102.0,4.58,-5.000000000000071,10.000000000000053,15.000000000000036,-7.000000000000028,4589.0,0.5228910761958572,0.06183493636870137,False,False,False,4,3264.559,3.264559,True
2024-12-14,3264559.0,4.65,,,,,,6897485.0,775067.0,2607.0,4.75,4.5,,,,,,,,,,,,,,4589.0,0.5228910761958572,0.06183493636870137,False,False,False,5,3264.559,3.264559,False
2024-12-15,3264559.0,4.65,,,,,,6897485.0,775067.0,2607.0,4.75,4.5,,,,,,,,,,,,,,4589.0,0.5228910761958572,0.06183493636870137,False,False,False,6,3264.559,3.264559,False
2024-12-16,3264559.0,4.65,4.65,4.75,9.999999999999964,0.004,110.753,6897485.0,775067.0,2607.0,4.75,4.5,4.56,4.61,4.71,2360.0,4.58,4.56,4.6,99.0,4.58,0.0,9.999999999999964,19.00000000000004,-7.000000000000028,4589.0,0.5228910761958572,0.06183493636870137,False,False,False,0,3264.559,3.264559,True
2024-12-17,3264559.0,4.65,4.62,4.71,5.999999999999961,0.001,118.093,6897485.0,775067.0,2607.0,4.75,4.5,4.55,4.59,4.68,2341.0,4.58,4.56,4.6,103.0,4.58,-3.000000000000025,8.999999999999986,16.000000000000014,-7.000000000000028,4589.0,0.5228910761958572,0.06183493636870137,False,False,False,1,3264.559,3.264559,True
2024-12-18,3282229.0,4.65,4.57,4.66,0.9999999999999787,0.0,131.651,6889332.0,767932.0,2076.0,4.75,4.5,4.55,4.56,4.62,2291.0,4.58,4.56,4.6,112.0,4.58,-8.000000000000007,8.999999999999986,11.000000000000032,-7.000000000000028,4589.0,0.5228910761958572,0.06183493636870137,False,False,False,2,3282.229,3.282229,True
2024-12-19,3282229.0,4.4,4.3,4.58,17.99999999999997,0.001,112.417,6889332.0,767932.0,2076.0,4.5,4.25,4.25,4.27,4.35,2390.0,4.33,4.31,4.35,104.0,4.33,-10.000000000000053,28.000000000000025,33.00000000000001,-7.000000000000028,4589.0,0.5228910761958572,0.06183493636870137,False,False,False,3,3282.229,3.282229,True
2024-12-20,3282229.0,4.4,4.3,4.4,0.0,0.0,98.356,6889332.0,767932.0,2076.0,4.5,4.25,4.25,4.28,4.37,2330.0,4.33,4.31,4.35,113.0,4.33,-10.000000000000053,10.000000000000053,15.000000000000036,-7.000000000000028,4589.0,0.5228910761958572,0.06183493636870137,False,False,False,4,3282.229,3.282229,True
2024-12-21,3282229.0,4.4,,,,,,6889332.0,767932.0,2076.0,4.5,4.25,,,,,,,,,,,,,,4589.0,0.5228910761958572,0.06183493636870137,False,False,False,5,3282.229,3.282229,False
2024-12-22,3282229.0,4.4,,,,,,6889332.0,767932.0,2076.0,4.5,4.25,,,,,,,,,,,,,,4589.0,0.5228910761958572,0.06183493636870137,False,False,False,6,3282.229,3.282229,False
2024-12-23,3282229.0,4.4,4.31,4.43,2.999999999999936,0.025,116.004,6889332.0,767932.0,2076.0,4.5,4.25,4.25,4.3,4.38,2337.0,4.33,4.31,4.35,119.0,4.33,-9.000000000000075,12.00000000000001,17.99999999999997,-7.000000000000028,4589.0,0.5228910761958572,0.06183493636870137,False,False,False,0,3282.229,3.282229,True
2024-12-24,3282229.0,4.4,4.4,4.58,17.99999999999997,0.001,180.989,6889332.0,767932.0,2076.0,4.5,4.25,4.31,4.39,4.5,2282.0,4.33,4.31,4.35,118.0,4.33,0.0,17.99999999999997,27.000000000000046,-7.000000000000028,4589.0,0.5228910761958572,0.06183493636870137,False,False,False,1,3282.229,3.282229,True
2024-12-25,3247382.0,4.4,,,,,,6885963.0,764770.0,2056.0,4.5,4.25,,,,,,,,,,,,,,4589.0,0.5228910761958572,0.06183493636870137,False,False,False,2,3247.382,3.247382,False
2024-12-26,3247382.0,4.4,4.53,4.8,39.99999999999994,0.002,196.818,6885963.0,764770.0,2056.0,4.5,4.25,4.35,4.5,4.7,2320.0,4.33,4.31,4.35,128.0,4.33,12.99999999999999,26.999999999999957,45.000000000000014,-7.000000000000028,4589.0,0.5228910761958572,0.06183493636870137,False,False,False,3,3247.382,3.247382,True
2024-12-27,3247382.0,4.4,4.46,4.73,33.00000000000001,0.0,268.739,6885963.0,764770.0,2056.0,4.5,4.25,4.3,4.45,4.62,2275.0,4.33,4.31,4.35,119.0,4.33,5.999999999999961,27.000000000000046,43.00000000000006,-7.000000000000028,4589.0,0.5228910761958572,0.06183493636870137,False,False,False,4,3247.382,3.247382,True
2024-12-28,3247382.0,4.4,,,,,,6885963.0,764770.0,2056.0,4.5,4.25,,,,,,,,,,,,,,4589.0,0.5228910761958572,0.06183493636870137,False,False,False,5,3247.382,3.247382,False
2024-12-29,3247382.0,4.4,,,,,,6885963.0,764770.0,2056.0,4.5,4.25,,,,,,,,,,,,,,4589.0,0.5228910761958572,0.06183493636870137,False,False,False,6,3247.382,3.247382,False
2024-12-30,3247382.0,4.4,4.37,4.55,14.999999999999947,0.0,260.743,6885963.0,764770.0,2056.0,4.5,4.25,4.3,4.35,4.48,2290.0,4.33,4.31,4.35,108.0,4.33,-3.000000000000025,17.99999999999997,25.0,-7.000000000000028,4589.0,0.5228910761958572,0.06183493636870137,False,False,False,0,3247.382,3.247382,True
2024-12-31,3247382.0,4.4,4.49,4.75,34.999999999999964,0.0,473.46,6885963.0,764770.0,2056.0,4.5,4.25,4.36,4.45,4.65,2474.0,4.33,4.31,4.45,53.0,4.33,8.999999999999986,25.99999999999998,38.99999999999997,-7.000000000000028,4560.0,0.5177739755295584,0.060604198924091954,True,True,True,1,3247.382,3.247382,True
2025-01-01,3095997.0,4.4,,,,,,6852491.0,719873.0,3227.0,4.5,4.25,,,,,,,,,,,,,,4560.0,0.5177739755295584,0.060604198924091954,False,False,False,2,3095.997,3.095997,False
2025-01-02,3095997.0,4.4,4.4,4.56,15.999999999999925,0.002,239.858,6852491.0,719873.0,3227.0,4.5,4.25,4.28,4.36,4.48,2501.0,4.33,4.31,4.35,106.0,4.33,0.0,15.999999999999925,27.999999999999936,-7.000000000000028,4560.0,0.5177739755295584,0.060604198924091954,False,False,False,3,3095.997,3.095997,True
2025-01-03,3095997.0,4.4,4.31,4.43,2.999999999999936,0.0,237.377,6852491.0,719873.0,3227.0,4.5,4.25,4.26,4.3,4.38,2398.0,4.33,4.31,4.4,102.0,4.33,-9.000000000000075,12.00000000000001,16.999999999999993,-7.000000000000028,4560.0,0.5177739755295584,0.060604198924091954,False,False,False,4,3095.997,3.095997,True
2025-01-04,3095997.0,4.4,,,,,,6852491.0,719873.0,3227.0,4.5,4.25,,,,,,,,,,,,,,4560.0,0.5177739755295584,0.060604198924091954,False,False,False,5,3095.997,3.095997,False
2025-01-05,3095997.0,4.4,,,,,,6852491.0,719873.0,3227.0,4.5,4.25,,,,,,,,,,,,,,4560.0,0.5177739755295584,0.060604198924091954,False,False,False,6,3095.997,3.095997,False
2025-01-06,3095997.0,4.4,4.27,4.35,-5.000000000000071,0.0,231.926,6852491.0,719873.0,3227.0,4.5,4.25,4.25,4.26,4.31,2349.0,4.33,4.31,4.4,98.0,4.33,-13.000000000000078,8.000000000000007,9.999999999999964,-7.000000000000028,4560.0,0.5177739755295584,0.060604198924091954,False,False,False,0,3095.997,3.095997,True
2025-01-07,3095997.0,4.4,4.27,4.36,-4.0000000000000036,0.001,208.296,6852491.0,719873.0,3227.0,4.5,4.25,4.25,4.26,4.32,2322.0,4.33,4.31,4.4,99.0,4.33,-13.000000000000078,9.000000000000075,11.000000000000032,-7.000000000000028,4560.0,0.5177739755295584,0.060604198924091954,False,False,False,1,3095.997,3.095997,True
2025-01-08,3254743.0,4.4,4.29,4.39,-1.0000000000000675,0.0,185.144,6853554.0,652636.0,2405.0,4.5,4.25,4.25,4.27,4.35,2213.0,4.33,4.31,4.35,105.0,4.33,-11.000000000000032,9.999999999999964,13.999999999999968,-7.000000000000028,4560.0,0.5177739755295584,0.060604198924091954,False,False,False,2,3254.743,3.254743,True
2025-01-09,3254743.0,4.4,4.3,4.4,0.0,0.0,168.225,6853554.0,652636.0,2405.0,4.5,4.25,4.26,4.28,4.36,2211.0,4.33,4.31,4.35,104.0,4.33,-10.000000000000053,10.000000000000053,14.000000000000057,-7.000000000000028,4560.0,0.5177739755295584,0.060604198924091954,False,False,False,3,3254.743,3.254743,True
2025-01-10,3254743.0,4.4,4.3,4.41,0.9999999999999787,0.0,178.8,6853554.0,652636.0,2405.0,4.5,4.25,4.26,4.29,4.37,2204.0,4.33,4.31,4.35,102.0,4.33,-10.000000000000053,11.000000000000032,15.000000000000036,-7.000000000000028,4560.0,0.5177739755295584,0.060604198924091954,False,False,False,4,3254.743,3.254743,True
2025-01-11,3254743.0,4.4,,,,,,6853554.0,652636.0,2405.0,4.5,4.25,,,,,,,,,,,,,,4560.0,0.5177739755295584,0.060604198924091954,False,False,False,5,3254.743,3.254743,False
2025-01-12,3254743.0,4.4,,,,,,6853554.0,652636.0,2405.0,4.5,4.25,,,,,,,,,,,,,,4560.0,0.5177739755295584,0.060604198924091954,False,False,False,6,3254.743,3.254743,False
2025-01-13,3254743.0,4.4,4.29,4.39,-1.0000000000000675,0.0,183.669,6853554.0,652636.0,2405.0,4.5,4.25,4.25,4.28,4.34,2211.0,4.33,4.31,4.35,104.0,4.33,-11.000000000000032,9.999999999999964,13.999999999999968,-7.000000000000028,4560.0,0.5177739755295584,0.060604198924091954,False,False,False,0,3254.743,3.254743,True
2025-01-14,3254743.0,4.4,4.28,4.37,-3.000000000000025,0.001,160.219,6853554.0,652636.0,2405.0,4.5,4.25,4.24,4.27,4.33,2179.0,4.33,4.31,4.35,112.0,4.33,-12.00000000000001,8.999999999999986,12.99999999999999,-7.000000000000028,4560.0,0.5177739755295584,0.060604198924091954,False,False,False,1,3254.743,3.254743,True
2025-01-15,3340816.0,4.4,4.28,4.37,-3.000000000000025,0.0,119.977,6834070.0,641225.0,2665.0,4.5,4.25,4.25,4.27,4.34,2280.0,4.33,4.31,4.35,108.0,4.33,-12.00000000000001,8.999999999999986,12.00000000000001,-7.000000000000028,4560.0,0.5177739755295584,0.060604198924091954,False,False,False,2,3340.816,3.340816,True
2025-01-16,3340816.0,4.4,4.29,4.38,-2.000000000000046,0.002,94.489,6834070.0,641225.0,2665.0,4.5,4.25,4.25,4.27,4.35,2318.0,4.33,4.31,4.35,105.0,4.33,-11.000000000000032,8.999999999999986,12.99999999999999,-7.000000000000028,4560.0,0.5177739755295584,0.060604198924091954,False,False,False,3,3340.816,3.340816,True
2025-01-17,3340816.0,4.4,4.29,4.38,-2.000000000000046,0.001,118.327,6834070.0,641225.0,2665.0,4.5,4.25,4.25,4.27,4.34,2326.0,4.33,4.31,4.38,102.0,4.33,-11.000000000000032,8.999999999999986,12.99999999999999,-7.000000000000028,4560.0,0.5177739755295584,0.060604198924091954,False,False,False,4,3340.816,3.340816,True
2025-01-18,3340816.0,4.4,,,,,,6834070.0,641225.0,2665.0,4.5,4.25,,,,,,,,,,,,,,4560.0,0.5177739755295584,0.060604198924091954,False,False,False,5,3340.816,3.340816,False
2025-01-19,3340816.0,4.4,,,,,,6834070.0,641225.0,2665.0,4.5,4.25,,,,,,,,,,,,,,4560.0,0.5177739755295584,0.060604198924091954,False,False,False,6,3340.816,3.340816,False
2025-01-20,3340816.0,4.4,,,,,,6834070.0,641225.0,2665.0,4.5,4.25,,,,,,,,,,,,,,4560.0,0.5177739755295584,0.060604198924091954,False,False,False,0,3340.816,3.340816,False
2025-01-21,3340816.0,4.4,4.29,4.38,-2.000000000000046,0.0,96.015,6834070.0,641225.0,2665.0,4.5,4.25,4.25,4.27,4.35,2361.0,4.33,4.31,4.4,100.0,4.33,-11.000000000000032,8.999999999999986,12.99999999999999,-7.000000000000028,4560.0,0.5177739755295584,0.060604198924091954,False,False,False,1,3340.816,3.340816,True
2025-01-22,3332278.0,4.4,4.3,4.4,0.0,0.0,123.981,6831760.0,677282.0,3092.0,4.5,4.25,4.26,4.29,4.37,2269.0,4.33,4.31,4.43,101.0,4.33,-10.000000000000053,10.000000000000053,14.000000000000057,-7.000000000000028,4560.0,0.5177739755295584,0.060604198924091954,False,False,False,2,3332.278,3.332278,True
2025-01-23,3332278.0,4.4,4.35,4.48,8.000000000000007,0.0,132.031,6831760.0,677282.0,3092.0,4.5,4.25,4.29,4.34,4.43,2269.0,4.33,4.31,4.4,93.0,4.33,-5.000000000000071,13.000000000000078,19.00000000000004,-7.000000000000028,4560.0,0.5177739755295584,0.060604198924091954,False,False,False,3,3332.278,3.332278,True
2025-01-24,3332278.0,4.4,4.34,4.45,4.999999999999982,0.038,104.972,6831760.0,677282.0,3092.0,4.5,4.25,4.28,4.33,4.4,2289.0,4.33,4.31,4.4,97.0,4.33,-6.00000000000005,11.000000000000032,16.999999999999993,-7.000000000000028,4560.0,0.5177739755295584,0.060604198924091954,False,False,False,4,3332.278,3.332278,True
2025-01-25,3332278.0,4.4,,,,,,6831760.0,677282.0,3092.0,4.5,4.25,,,,,,,,,,,,,,4560.0,0.5177739755295584,0.060604198924091954,False,False,False,5,3332.278,3.332278,False
2025-01-26,3332278.0,4.4,,,,,,6831760.0,677282.0,3092.0,4.5,4.25,,,,,,,,,,,,,,4560.0,0.5177739755295584,0.060604198924091954,False,False,False,6,3332.278,3.332278,False
2025-01-27,3332278.0,4.4,4.34,4.45,4.999999999999982,0.0,92.863,6831760.0,677282.0,3092.0,4.5,4.25,4.28,4.33,4.4,2338.0,4.33,4.31,4.4,97.0,4.33,-6.00000000000005,11.000000000000032,16.999999999999993,-7.000000000000028,4560.0,0.5177739755295584,0.060604198924091954,False,False,False,0,3332.278,3.332278,True
2025-01-28,3332278.0,4.4,4.35,4.47,6.99999999999994,0.0,112.76,6831760.0,677282.0,3092.0,4.5,4.25,4.3,4.34,4.43,2283.0,4.33,4.31,4.4,95.0,4.33,-5.000000000000071,12.00000000000001,16.999999999999993,-7.000000000000028,4560.0,0.5177739755295584,0.060604198924091954,False,False,False,1,3332.278,3.332278,True
2025-01-29,3224785.0,4.4,4.35,4.45,4.999999999999982,0.001,121.842,6818186.0,784206.0,3200.0,4.5,4.25,4.28,4.33,4.41,2323.0,4.33,4.31,4.4,92.0,4.33,-5.000000000000071,10.000000000000053,16.999999999999993,-7.000000000000028,4560.0,0.5177739755295584,0.060604198924091954,False,False,False,2,3224.785,3.224785,True
2025-01-30,3224785.0,4.4,4.36,4.48,8.000000000000007,0.0,125.965,6818186.0,784206.0,3200.0,4.5,4.25,4.3,4.35,4.43,2369.0,4.33,4.31,4.4,103.0,4.33,-4.0000000000000036,12.00000000000001,18.00000000000006,-7.000000000000028,4560.0,0.5177739755295584,0.060604198924091954,False,False,False,3,3224.785,3.224785,True
2025-01-31,3224785.0,4.4,4.38,4.47,6.99999999999994,0.0,187.913,6818186.0,784206.0,3200.0,4.5,4.25,4.3,4.34,4.44,2533.0,4.33,4.32,4.42,83.0,4.33,-2.000000000000046,8.999999999999986,16.999999999999993,-7.000000000000028,4560.0,0.5177739755295584,0.060604198924091954,True,False,False,4,3224.785,3.224785,True
2025-02-01,3224785.0,4.4,,,,,,6818186.0,784206.0,3200.0,4.5,4.25,,,,,,,,,,,,,,4560.0,0.5177739755295584,0.060604198924091954,False,False,False,5,3224.785,3.224785,False
2025-02-02,3224785.0,4.4,,,,,,6818186.0,784206.0,3200.0,4.5,4.25,,,,,,,,,,,,,,4560.0,0.5177739755295584,0.060604198924091954,False,False,False,6,3224.785,3.224785,False
2025-02-03,3224785.0,4.4,4.35,4.45,4.999999999999982,0.0,97.781,6818186.0,784206.0,3200.0,4.5,4.25,4.28,4.33,4.41,2413.0,4.33,4.31,4.4,94.0,4.33,-5.000000000000071,10.000000000000053,16.999999999999993,-7.000000000000028,4560.0,0.5177739755295584,0.060604198924091954,False,False,False,0,3224.785,3.224785,True
2025-02-04,3224785.0,4.4,4.33,4.42,1.9999999999999574,0.0,85.654,6818186.0,784206.0,3200.0,4.5,4.25,4.28,4.32,4.38,2344.0,4.33,4.31,4.4,104.0,4.33,-7.000000000000028,8.999999999999986,13.999999999999968,-7.000000000000028,4560.0,0.5177739755295584,0.060604198924091954,False,False,False,1,3224.785,3.224785,True
2025-02-05,3177065.0,4.4,4.33,4.42,1.9999999999999574,0.0,78.788,6810935.0,805593.0,3095.0,4.5,4.25,4.28,4.31,4.38,2343.0,4.33,4.31,4.4,105.0,4.33,-7.000000000000028,8.999999999999986,13.999999999999968,-7.000000000000028,4560.0,0.5177739755295584,0.060604198924091954,False,False,False,2,3177.065,3.177065,True
2025-02-06,3177065.0,4.4,4.36,4.46,5.999999999999961,0.001,79.983,6810935.0,805593.0,3095.0,4.5,4.25,4.3,4.34,4.43,2365.0,4.33,4.31,4.4,105.0,4.33,-4.0000000000000036,9.999999999999964,16.000000000000014,-7.000000000000028,4560.0,0.5177739755295584,0.060604198924091954,False,False,False,3,3177.065,3.177065,True
2025-02-07,3177065.0,4.4,4.35,4.46,5.999999999999961,0.0,95.248,6810935.0,805593.0,3095.0,4.5,4.25,4.29,4.34,4.41,2336.0,4.33,4.31,4.4,107.0,4.33,-5.000000000000071,11.000000000000032,16.999999999999993,-7.000000000000028,4560.0,0.5177739755295584,0.060604198924091954,False,False,False,4,3177.065,3.177065,True
2025-02-08,3177065.0,4.4,,,,,,6810935.0,805593.0,3095.0,4.5,4.25,,,,,,,,,,,,,,4560.0,0.5177739755295584,0.060604198924091954,False,False,False,5,3177.065,3.177065,False
2025-02-09,3177065.0,4.4,,,,,,6810935.0,805593.0,3095.0,4.5,4.25,,,,,,,,,,,,,,4560.0,0.5177739755295584,0.060604198924091954,False,False,False,6,3177.065,3.177065,False
2025-02-10,3177065.0,4.4,4.35,4.45,4.999999999999982,0.0,99.653,6810935.0,805593.0,3095.0,4.5,4.25,4.29,4.34,4.41,2316.0,4.33,4.31,4.4,96.0,4.33,-5.000000000000071,10.000000000000053,16.000000000000014,-7.000000000000028,4560.0,0.5177739755295584,0.060604198924091954,False,False,False,0,3177.065,3.177065,True
2025-02-11,3177065.0,4.4,4.34,4.44,4.0000000000000036,0.1,76.446,6810935.0,805593.0,3095.0,4.5,4.25,4.28,4.32,4.4,2321.0,4.33,4.31,4.4,92.0,4.33,-6.00000000000005,10.000000000000053,16.000000000000014,-7.000000000000028,4560.0,0.5177739755295584,0.060604198924091954,False,False,False,1,3177.065,3.177065,True
2025-02-12,3220027.0,4.4,4.32,4.42,1.9999999999999574,0.1,67.67,6813513.0,828102.0,3033.0,4.5,4.25,4.28,4.31,4.38,2313.0,4.33,4.31,4.4,94.0,4.33,-8.000000000000007,9.999999999999964,13.999999999999968,-7.000000000000028,4560.0,0.5177739755295584,0.060604198924091954,False,False,False,2,3220.027,3.220027,True
2025-02-13,3220027.0,4.4,4.33,4.43,2.999999999999936,0.0,67.82,6813513.0,828102.0,3033.0,4.5,4.25,4.28,4.32,4.39,2329.0,4.33,4.31,4.4,94.0,4.33,-7.000000000000028,9.999999999999964,14.999999999999947,-7.000000000000028,4560.0,0.5177739755295584,0.060604198924091954,False,False,False,3,3220.027,3.220027,True
2025-02-14,3220027.0,4.4,4.33,4.43,2.999999999999936,0.0,58.77,6813513.0,828102.0,3033.0,4.5,4.25,4.29,4.31,4.39,2319.0,4.33,4.31,4.4,91.0,4.33,-7.000000000000028,9.999999999999964,13.999999999999968,-7.000000000000028,4560.0,0.5177739755295584,0.060604198924091954,False,False,False,4,3220.027,3.220027,True
2025-02-15,3220027.0,4.4,,,,,,6813513.0,828102.0,3033.0,4.5,4.25,,,,,,,,,,,,,,4560.0,0.5177739755295584,0.060604198924091954,False,False,False,5,3220.027,3.220027,False
2025-02-16,3220027.0,4.4,,,,,,6813513.0,828102.0,3033.0,4.5,4.25,,,,,,,,,,,,,,4560.0,0.5177739755295584,0.060604198924091954,False,False,False,6,3220.027,3.220027,False
2025-02-17,3220027.0,4.4,,,,,,6813513.0,828102.0,3033.0,4.5,4.25,,,,,,,,,,,,,,4560.0,0.5177739755295584,0.060604198924091954,False,False,False,0,3220.027,3.220027,False
2025-02-18,3220027.0,4.4,4.37,4.47,6.99999999999994,0.0,77.817,6813513.0,828102.0,3033.0,4.5,4.25,4.3,4.35,4.43,2452.0,4.33,4.31,4.45,89.0,4.33,-3.000000000000025,9.999999999999964,16.999999999999993,-7.000000000000028,4560.0,0.5177739755295584,0.060604198924091954,False,False,False,1,3220.027,3.220027,True
2025-02-19,3270082.0,4.4,4.35,4.46,5.999999999999961,0.0,73.196,6782332.0,790062.0,3234.0,4.5,4.25,4.29,4.33,4.41,2394.0,4.33,4.31,4.45,95.0,4.33,-5.000000000000071,11.000000000000032,16.999999999999993,-7.000000000000028,4560.0,0.5177739755295584,0.060604198924091954,False,False,False,2,3270.082,3.270082,True
2025-02-20,3270082.0,4.4,4.33,4.42,1.9999999999999574,0.0,63.207,6782332.0,790062.0,3234.0,4.5,4.25,4.28,4.31,4.39,2403.0,4.33,4.31,4.4,98.0,4.33,-7.000000000000028,8.999999999999986,13.999999999999968,-7.000000000000028,4560.0,0.5177739755295584,0.060604198924091954,False,False,False,3,3270.082,3.270082,True
2025-02-21,3270082.0,4.4,4.34,4.42,1.9999999999999574,0.0,68.983,6782332.0,790062.0,3234.0,4.5,4.25,4.28,4.32,4.39,2400.0,4.33,4.31,4.4,103.0,4.33,-6.00000000000005,8.000000000000007,13.999999999999968,-7.000000000000028,4560.0,0.5177739755295584,0.060604198924091954,False,False,False,4,3270.082,3.270082,True
2025-02-22,3270082.0,4.4,,,,,,6782332.0,790062.0,3234.0,4.5,4.25,,,,,,,,,,,,,,4560.0,0.5177739755295584,0.060604198924091954,False,False,False,5,3270.082,3.270082,False
2025-02-23,3270082.0,4.4,,,,,,6782332.0,790062.0,3234.0,4.5,4.25,,,,,,,,,,,,,,4560.0,0.5177739755295584,0.060604198924091954,False,False,False,6,3270.082,3.270082,False
2025-02-24,3270082.0,4.4,4.34,4.43,2.999999999999936,0.0,76.818,6782332.0,790062.0,3234.0,4.5,4.25,4.29,4.32,4.39,2425.0,4.33,4.31,4.4,99.0,4.33,-6.00000000000005,8.999999999999986,13.999999999999968,-7.000000000000028,4560.0,0.5177739755295584,0.060604198924091954,False,False,False,0,3270.082,3.270082,True
2025-02-25,3270082.0,4.4,4.33,4.42,1.9999999999999574,0.001,96.0,6782332.0,790062.0,3234.0,4.5,4.25,4.27,4.31,4.38,2467.0,4.33,4.31,4.45,108.0,4.33,-7.000000000000028,8.999999999999986,15.000000000000036,-7.000000000000028,4560.0,0.5177739755295584,0.060604198924091954,False,False,False,1,3270.082,3.270082,True
2025-02-26,3327249.0,4.4,4.33,4.42,1.9999999999999574,0.049,126.058,6766101.0,681161.0,3342.0,4.5,4.25,4.28,4.32,4.39,2487.0,4.33,4.31,4.4,108.0,4.33,-7.000000000000028,8.999999999999986,13.999999999999968,-7.000000000000028,4560.0,0.5177739755295584,0.060604198924091954,False,False,False,2,3327.249,3.327249,True
2025-02-27,3327249.0,4.4,4.36,4.45,4.999999999999982,0.0,182.148,6766101.0,681161.0,3342.0,4.5,4.25,4.29,4.34,4.41,2557.0,4.33,4.31,4.4,110.0,4.33,-4.0000000000000036,8.999999999999986,16.000000000000014,-7.000000000000028,4560.0,0.5177739755295584,0.060604198924091954,False,False,False,3,3327.249,3.327249,True
2025-02-28,3327249.0,4.4,4.39,4.49,8.999999999999986,0.0,234.422,6766101.0,681161.0,3342.0,4.5,4.25,4.3,4.36,4.46,2684.0,4.33,4.31,4.4,95.0,4.33,-1.0000000000000675,10.000000000000053,19.00000000000004,-7.000000000000028,4560.0,0.5177739755295584,0.060604198924091954,True,False,False,4,3327.249,3.327249,True
2025-03-01,3327249.0,4.4,,,,,,6766101.0,681161.0,3342.0,4.5,4.25,,,,,,,,,,,,,,4560.0,0.5177739755295584,0.060604198924091954,False,False,False,5,3327.249,3.327249,False
2025-03-02,3327249.0,4.4,,,,,,6766101.0,681161.0,3342.0,4.5,4.25,,,,,,,,,,,,,,4560.0,0.5177739755295584,0.060604198924091954,False,False,False,6,3327.249,3.327249,False
2025-03-03,3327249.0,4.4,4.33,4.42,1.9999999999999574,0.0,119.987,6766101.0,681161.0,3342.0,4.5,4.25,4.29,4.31,4.39,2636.0,4.33,4.31,4.4,110.0,4.33,-7.000000000000028,8.999999999999986,12.99999999999999,-7.000000000000028,4560.0,0.5177739755295584,0.060604198924091954,False,False,False,0,3327.249,3.327249,True
2025-03-04,3327249.0,4.4,4.33,4.44,4.0000000000000036,0.0,135.257,6766101.0,681161.0,3342.0,4.5,4.25,4.29,4.32,4.39,2562.0,4.33,4.31,4.4,104.0,4.33,-7.000000000000028,11.000000000000032,15.000000000000036,-7.000000000000028,4560.0,0.5177739755295584,0.060604198924091954,False,False,False,1,3327.249,3.327249,True
2025-03-05,3312625.0,4.4,4.34,4.43,2.999999999999936,0.036,139.493,6756764.0,548331.0,3092.0,4.5,4.25,4.3,4.33,4.39,2525.0,4.33,4.31,4.4,112.0,4.33,-6.00000000000005,8.999999999999986,12.99999999999999,-7.000000000000028,4560.0,0.5177739755295584,0.060604198924091954,False,False,False,2,3312.625,3.312625,True
2025-03-06,3312625.0,4.4,4.35,4.45,4.999999999999982,0.0,129.269,6756764.0,548331.0,3092.0,4.5,4.25,4.29,4.34,4.4,2558.0,4.33,4.31,4.4,115.0,4.33,-5.000000000000071,10.000000000000053,16.000000000000014,-7.000000000000028,4560.0,0.5177739755295584,0.060604198924091954,False,False,False,3,3312.625,3.312625,True
2025-03-07,3312625.0,4.4,4.34,4.44,4.0000000000000036,0.0,136.305,6756764.0,548331.0,3092.0,4.5,4.25,4.29,4.33,4.4,2477.0,4.33,4.31,4.4,110.0,4.33,-6.00000000000005,10.000000000000053,15.000000000000036,-7.000000000000028,4560.0,0.5177739755295584,0.060604198924091954,False,False,False,4,3312.625,3.312625,True
2025-03-08,3312625.0,4.4,,,,,,6756764.0,548331.0,3092.0,4.5,4.25,,,,,,,,,,,,,,4560.0,0.5177739755295584,0.060604198924091954,False,False,False,5,3312.625,3.312625,False
2025-03-09,3312625.0,4.4,,,,,,6756764.0,548331.0,3092.0,4.5,4.25,,,,,,,,,,,,,,4560.0,0.5177739755295584,0.060604198924091954,False,False,False,6,3312.625,3.312625,False
2025-03-10,3312625.0,4.4,4.33,4.42,1.9999999999999574,0.001,129.054,6756764.0,548331.0,3092.0,4.5,4.25,4.28,4.32,4.38,2505.0,4.33,4.31,4.4,105.0,4.33,-7.000000000000028,8.999999999999986,13.999999999999968,-7.000000000000028,4560.0,0.5177739755295584,0.060604198924091954,False,False,False,0,3312.625,3.312625,True
2025-03-11,3312625.0,4.4,4.32,4.41,0.9999999999999787,0.1,137.31,6756764.0,548331.0,3092.0,4.5,4.25,4.28,4.31,4.37,2502.0,4.33,4.31,4.4,97.0,4.33,-8.000000000000007,8.999999999999986,12.99999999999999,-7.000000000000028,4560.0,0.5177739755295584,0.060604198924091954,False,False,False,1,3312.625,3.312625,True
2025-03-12,3400235.0,4.4,4.31,4.4,0.0,0.0,131.055,6759571.0,512581.0,2417.0,4.5,4.25,4.27,4.3,4.36,2489.0,4.33,4.31,4.4,98.0,4.33,-9.000000000000075,9.000000000000075,13.000000000000078,-7.000000000000028,4560.0,0.5177739755295584,0.060604198924091954,False,False,False,2,3400.235,3.400235,True
2025-03-13,3400235.0,4.4,4.3,4.38,-2.000000000000046,0.001,113.435,6759571.0,512581.0,2417.0,4.5,4.25,4.26,4.29,4.35,2462.0,4.33,4.31,4.4,105.0,4.33,-10.000000000000053,8.000000000000007,12.00000000000001,-7.000000000000028,4560.0,0.5177739755295584,0.060604198924091954,False,False,False,3,3400.235,3.400235,True
2025-03-14,3400235.0,4.4,4.3,4.39,-1.0000000000000675,0.0,126.234,6759571.0,512581.0,2417.0,4.5,4.25,4.27,4.29,4.35,2441.0,4.33,4.31,4.4,104.0,4.33,-10.000000000000053,8.999999999999986,12.00000000000001,-7.000000000000028,4560.0,0.5177739755295584,0.060604198924091954,False,False,False,4,3400.235,3.400235,True
2025-03-15,3400235.0,4.4,,,,,,6759571.0,512581.0,2417.0,4.5,4.25,,,,,,,,,,,,,,4560.0,0.5177739755295584,0.060604198924091954,False,False,False,5,3400.235,3.400235,False
2025-03-16,3400235.0,4.4,,,,,,6759571.0,512581.0,2417.0,4.5,4.25,,,,,,,,,,,,,,4560.0,0.5177739755295584,0.060604198924091954,False,False,False,6,3400.235,3.400235,False
2025-03-17,3400235.0,4.4,4.32,4.44,4.0000000000000036,0.0,89.496,6759571.0,512581.0,2417.0,4.5,4.25,4.29,4.31,4.39,2473.0,4.33,4.31,4.4,106.0,4.33,-8.000000000000007,12.00000000000001,15.000000000000036,-7.000000000000028,4560.0,0.5177739755295584,0.060604198924091954,False,False,False,0,3400.235,3.400235,True
2025-03-18,3400235.0,4.4,4.31,4.4,0.0,0.0,149.503,6759571.0,512581.0,2417.0,4.5,4.25,4.27,4.3,4.37,2465.0,4.33,4.31,4.35,113.0,4.33,-9.000000000000075,9.000000000000075,13.000000000000078,-7.000000000000028,4560.0,0.5177739755295584,0.060604198924091954,False,False,False,1,3400.235,3.400235,True
2025-03-19,3467789.0,4.4,4.29,4.38,-2.000000000000046,0.0,193.378,6755982.0,435936.0,2136.0,4.5,4.25,4.26,4.28,4.34,2376.0,4.33,4.31,4.4,106.0,4.33,-11.000000000000032,8.999999999999986,12.00000000000001,-7.000000000000028,4560.0,0.5177739755295584,0.060604198924091954,False,False,False,2,3467.789,3.467789,True
2025-03-20,3467789.0,4.4,4.29,4.37,-3.000000000000025,0.0,192.64,6755982.0,435936.0,2136.0,4.5,4.25,4.25,4.28,4.34,2438.0,4.33,4.31,4.4,109.0,4.33,-11.000000000000032,8.000000000000007,12.00000000000001,-7.000000000000028,4560.0,0.5177739755295584,0.060604198924091954,False,False,False,3,3467.789,3.467789,True
2025-03-21,3467789.0,4.4,4.3,4.39,-1.0000000000000675,0.0,200.85,6755982.0,435936.0,2136.0,4.5,4.25,4.26,4.29,4.35,2444.0,4.33,4.31,4.4,106.0,4.33,-10.000000000000053,8.999999999999986,12.99999999999999,-7.000000000000028,4560.0,0.5177739755295584,0.060604198924091954,False,False,False,4,3467.789,3.467789,True
2025-03-22,3467789.0,4.4,,,,,,6755982.0,435936.0,2136.0,4.5,4.25,,,,,,,,,,,,,,4560.0,0.5177739755295584,0.060604198924091954,False,False,False,5,3467.789,3.467789,False
2025-03-23,3467789.0,4.4,,,,,,6755982.0,435936.0,2136.0,4.5,4.25,,,,,,,,,,,,,,4560.0,0.5177739755295584,0.060604198924091954,False,False,False,6,3467.789,3.467789,False
2025-03-24,3467789.0,4.4,4.31,4.4,0.0,0.0,196.565,6755982.0,435936.0,2136.0,4.5,4.25,4.26,4.3,4.35,2457.0,4.33,4.31,4.4,107.0,4.33,-9.000000000000075,9.000000000000075,14.000000000000057,-7.000000000000028,4560.0,0.5177739755295584,0.060604198924091954,False,False,False,0,3467.789,3.467789,True
2025-03-25,3467789.0,4.4,4.33,4.42,1.9999999999999574,0.01,214.786,6755982.0,435936.0,2136.0,4.5,4.25,4.28,4.31,4.39,2460.0,4.33,4.31,4.4,105.0,4.33,-7.000000000000028,8.999999999999986,13.999999999999968,-7.000000000000028,4560.0,0.5177739755295584,0.060604198924091954,False,False,False,1,3467.789,3.467789,True
2025-03-26,3450933.0,4.4,4.35,4.47,6.99999999999994,0.0,241.371,6740253.0,360177.0,2234.0,4.5,4.25,4.31,4.34,4.42,2472.0,4.33,4.31,4.4,104.0,4.33,-5.000000000000071,12.00000000000001,16.000000000000014,-7.000000000000028,4560.0,0.5177739755295584,0.060604198924091954,False,False,False,2,3450.933,3.450933,True
2025-03-27,3450933.0,4.4,4.36,4.46,5.999999999999961,0.002,291.785,6740253.0,360177.0,2234.0,4.5,4.25,4.3,4.34,4.41,2468.0,4.33,4.31,4.35,109.0,4.33,-4.0000000000000036,9.999999999999964,16.000000000000014,-7.000000000000028,4560.0,0.5177739755295584,0.060604198924091954,False,False,False,3,3450.933,3.450933,True
2025-03-28,3450933.0,4.4,4.34,4.44,4.0000000000000036,0.001,286.575,6740253.0,360177.0,2234.0,4.5,4.25,4.28,4.33,4.4,2440.0,4.33,4.31,4.35,112.0,4.33,-6.00000000000005,10.000000000000053,16.000000000000014,-7.000000000000028,4560.0,0.5177739755295584,0.060604198924091954,False,False,False,4,3450.933,3.450933,True
2025-03-29,3450933.0,4.4,,,,,,6740253.0,360177.0,2234.0,4.5,4.25,,,,,,,,,,,,,,4560.0,0.5177739755295584,0.060604198924091954,False,False,False,5,3450.933,3.450933,False
2025-03-30,3450933.0,4.4,,,,,,6740253.0,360177.0,2234.0,4.5,4.25,,,,,,,,,,,,,,4560.0,0.5177739755295584,0.060604198924091954,False,False,False,6,3450.933,3.450933,False
2025-03-31,3450933.0,4.4,4.41,4.57,16.999999999999993,0.0,399.167,6740253.0,360177.0,2234.0,4.5,4.25,4.34,4.37,4.47,2636.0,4.33,4.3,4.45,78.0,4.33,0.9999999999999787,16.000000000000014,23.000000000000043,-7.000000000000028,4536.0,0.5215896014990867,0.06894029810084687,True,True,False,0,3450.933,3.450933,True
2025-04-01,3450933.0,4.4,4.39,4.47,6.99999999999994,0.0,230.063,6740253.0,360177.0,2234.0,4.5,4.25,4.3,4.35,4.44,2589.0,4.33,4.31,4.4,112.0,4.33,-1.0000000000000675,8.000000000000007,16.999999999999993,-7.000000000000028,4536.0,0.5215896014990867,0.06894029810084687,False,False,False,1,3450.933,3.450933,True
2025-04-02,3379339.0,4.4,4.37,4.45,4.999999999999982,0.0,233.488,6723452.0,313326.0,2154.0,4.5,4.25,4.31,4.34,4.43,2555.0,4.33,4.31,4.4,104.0,4.33,-3.000000000000025,8.000000000000007,14.000000000000057,-7.000000000000028,4536.0,0.5215896014990867,0.06894029810084687,False,False,False,2,3379.339,3.379339,True
2025-04-03,3379339.0,4.4,4.39,4.5,9.999999999999964,0.0,196.265,6723452.0,313326.0,2154.0,4.5,4.25,4.31,4.37,4.46,2577.0,4.33,4.31,4.4,103.0,4.33,-1.0000000000000675,11.000000000000032,19.00000000000004,-7.000000000000028,4536.0,0.5215896014990867,0.06894029810084687,False,False,False,3,3379.339,3.379339,True
2025-04-04,3379339.0,4.4,4.35,4.44,4.0000000000000036,0.0,184.499,6723452.0,313326.0,2154.0,4.5,4.25,4.29,4.33,4.41,2587.0,4.33,4.31,4.4,95.0,4.33,-5.000000000000071,9.000000000000075,15.000000000000036,-7.000000000000028,4536.0,0.5215896014990867,0.06894029810084687,False,False,False,4,3379.339,3.379339,True
2025-04-05,3379339.0,4.4,,,,,,6723452.0,313326.0,2154.0,4.5,4.25,,,,,,,,,,,,,,4536.0,0.5215896014990867,0.06894029810084687,False,False,False,5,3379.339,3.379339,False
2025-04-06,3379339.0,4.4,,,,,,6723452.0,313326.0,2154.0,4.5,4.25,,,,,,,,,,,,,,4536.0,0.5215896014990867,0.06894029810084687,False,False,False,6,3379.339,3.379339,False
2025-04-07,3379339.0,4.4,4.33,4.45,4.999999999999982,0.0,148.146,6723452.0,313326.0,2154.0,4.5,4.25,4.28,4.31,4.38,2630.0,4.33,4.31,4.4,93.0,4.33,-7.000000000000028,12.00000000000001,16.999999999999993,-7.000000000000028,4536.0,0.5215896014990867,0.06894029810084687,False,False,False,0,3379.339,3.379339,True
2025-04-08,3379339.0,4.4,4.4,4.51,10.999999999999943,0.1,156.911,6723452.0,313326.0,2154.0,4.5,4.25,4.31,4.38,4.47,2658.0,4.33,4.31,4.4,93.0,4.33,0.0,10.999999999999943,20.000000000000018,-7.000000000000028,4536.0,0.5215896014990867,0.06894029810084687,False,False,False,1,3379.339,3.379339,True
2025-04-09,3474682.0,4.4,4.42,4.58,17.99999999999997,0.0,168.115,6727416.0,306049.0,2726.0,4.5,4.25,4.32,4.4,4.5,2663.0,4.33,4.31,4.4,92.0,4.33,1.9999999999999574,16.000000000000014,25.99999999999998,-7.000000000000028,4536.0,0.5215896014990867,0.06894029810084687,False,False,False,2,3474.682,3.474682,True
2025-04-10,3474682.0,4.4,4.37,4.49,8.999999999999986,0.001,129.95,6727416.0,306049.0,2726.0,4.5,4.25,4.28,4.36,4.43,2657.0,4.33,4.31,4.35,98.0,4.33,-3.000000000000025,12.00000000000001,20.999999999999996,-7.000000000000028,4536.0,0.5215896014990867,0.06894029810084687,False,False,False,3,3474.682,3.474682,True
2025-04-11,3474682.0,4.4,4.33,4.44,4.0000000000000036,0.0,98.531,6727416.0,306049.0,2726.0,4.5,4.25,4.28,4.32,4.38,2584.0,4.33,4.31,4.4,105.0,4.33,-7.000000000000028,11.000000000000032,16.000000000000014,-7.000000000000028,4536.0,0.5215896014990867,0.06894029810084687,False,False,False,4,3474.682,3.474682,True
2025-04-12,3474682.0,4.4,,,,,,6727416.0,306049.0,2726.0,4.5,4.25,,,,,,,,,,,,,,4536.0,0.5215896014990867,0.06894029810084687,False,False,False,5,3474.682,3.474682,False
2025-04-13,3474682.0,4.4,,,,,,6727416.0,306049.0,2726.0,4.5,4.25,,,,,,,,,,,,,,4536.0,0.5215896014990867,0.06894029810084687,False,False,False,6,3474.682,3.474682,False
2025-04-14,3474682.0,4.4,4.33,4.44,4.0000000000000036,0.0,102.838,6727416.0,306049.0,2726.0,4.5,4.25,4.26,4.33,4.39,2561.0,4.33,4.31,4.4,99.0,4.33,-7.000000000000028,11.000000000000032,18.00000000000006,-7.000000000000028,4536.0,0.5215896014990867,0.06894029810084687,False,False,False,0,3474.682,3.474682,True
2025-04-15,3474682.0,4.4,4.36,4.48,8.000000000000007,0.0,88.878,6727416.0,306049.0,2726.0,4.5,4.25,4.3,4.35,4.44,2526.0,4.33,4.31,4.4,96.0,4.33,-4.0000000000000036,12.00000000000001,18.00000000000006,-7.000000000000028,4536.0,0.5215896014990867,0.06894029810084687,False,False,False,1,3474.682,3.474682,True
2025-04-16,3452030.0,4.4,4.31,4.41,0.9999999999999787,0.001,54.772,6727113.0,422983.0,2713.0,4.5,4.25,4.28,4.3,4.37,2513.0,4.33,4.31,4.4,88.0,4.33,-9.000000000000075,10.000000000000053,12.99999999999999,-7.000000000000028,4536.0,0.5215896014990867,0.06894029810084687,False,False,False,2,3452.03,3.45203,True
2025-04-17,3452030.0,4.4,4.32,4.42,1.9999999999999574,0.0,58.6,6727113.0,422983.0,2713.0,4.5,4.25,4.29,4.31,4.38,2505.0,4.33,4.31,4.4,99.0,4.33,-8.000000000000007,9.999999999999964,12.99999999999999,-7.000000000000028,4536.0,0.5215896014990867,0.06894029810084687,False,False,False,3,3452.03,3.45203,True
2025-04-18,3452030.0,4.4,,,,,,6727113.0,422983.0,2713.0,4.5,4.25,,,,,4.33,4.31,4.4,94.0,4.33,,,,-7.000000000000028,4536.0,0.5215896014990867,0.06894029810084687,False,False,False,4,3452.03,3.45203,False
2025-04-19,3452030.0,4.4,,,,,,6727113.0,422983.0,2713.0,4.5,4.25,,,,,,,,,,,,,,4536.0,0.5215896014990867,0.06894029810084687,False,False,False,5,3452.03,3.45203,False
2025-04-20,3452030.0,4.4,,,,,,6727113.0,422983.0,2713.0,4.5,4.25,,,,,,,,,,,,,,4536.0,0.5215896014990867,0.06894029810084687,False,False,False,6,3452.03,3.45203,False
2025-04-21,3452030.0,4.4,4.32,4.42,1.9999999999999574,0.003,114.114,6727113.0,422983.0,2713.0,4.5,4.25,4.28,4.32,4.38,2469.0,4.33,4.31,4.44,96.0,4.33,-8.000000000000007,9.999999999999964,13.999999999999968,-7.000000000000028,4536.0,0.5215896014990867,0.06894029810084687,False,False,False,0,3452.03,3.45203,True
2025-04-22,3452030.0,4.4,4.3,4.4,0.0,0.001,137.951,6727113.0,422983.0,2713.0,4.5,4.25,4.27,4.29,4.36,2527.0,4.33,4.31,4.45,99.0,4.33,-10.000000000000053,10.000000000000053,13.000000000000078,-7.000000000000028,4536.0,0.5215896014990867,0.06894029810084687,False,False,False,1,3452.03,3.45203,True
2025-04-23,3256734.0,4.4,4.28,4.37,-3.000000000000025,0.0,171.78,6726930.0,606632.0,3112.0,4.5,4.25,4.25,4.27,4.33,2475.0,4.33,4.31,4.45,107.0,4.33,-12.00000000000001,8.999999999999986,12.00000000000001,-7.000000000000028,4536.0,0.5215896014990867,0.06894029810084687,False,False,False,2,3256.734,3.256734,True
2025-04-24,3256734.0,4.4,4.29,4.38,-2.000000000000046,0.001,130.004,6726930.0,606632.0,3112.0,4.5,4.25,4.25,4.28,4.34,2542.0,4.33,4.31,4.45,103.0,4.33,-11.000000000000032,8.999999999999986,12.99999999999999,-7.000000000000028,4536.0,0.5215896014990867,0.06894029810084687,False,False,False,3,3256.734,3.256734,True
2025-04-25,3256734.0,4.4,4.33,4.44,4.0000000000000036,0.0,94.021,6726930.0,606632.0,3112.0,4.5,4.25,4.28,4.32,4.39,2565.0,4.33,4.31,4.46,112.0,4.33,-7.000000000000028,11.000000000000032,16.000000000000014,-7.000000000000028,4536.0,0.5215896014990867,0.06894029810084687,False,False,False,4,3256.734,3.256734,True
2025-04-26,3256734.0,4.4,,,,,,6726930.0,606632.0,3112.0,4.5,4.25,,,,,,,,,,,,,,4536.0,0.5215896014990867,0.06894029810084687,False,False,False,5,3256.734,3.256734,False
2025-04-27,3256734.0,4.4,,,,,,6726930.0,606632.0,3112.0,4.5,4.25,,,,,,,,,,,,,,4536.0,0.5215896014990867,0.06894029810084687,False,False,False,6,3256.734,3.256734,False
2025-04-28,3256734.0,4.4,4.36,4.48,8.000000000000007,0.0,148.649,6726930.0,606632.0,3112.0,4.5,4.25,4.3,4.35,4.43,2567.0,4.33,4.31,4.45,105.0,4.33,-4.0000000000000036,12.00000000000001,18.00000000000006,-7.000000000000028,4536.0,0.5215896014990867,0.06894029810084687,False,False,False,0,3256.734,3.256734,True
2025-04-29,3256734.0,4.4,4.36,4.49,8.999999999999986,0.0,157.537,6726930.0,606632.0,3112.0,4.5,4.25,4.3,4.35,4.44,2623.0,4.33,4.31,4.46,104.0,4.33,-4.0000000000000036,12.99999999999999,19.00000000000004,-7.000000000000028,4536.0,0.5215896014990867,0.06894029810084687,False,False,False,1,3256.734,3.256734,True
2025-04-30,3219214.0,4.4,4.41,4.52,11.999999999999922,0.01,250.601,6709277.0,595741.0,3485.0,4.5,4.25,4.33,4.37,4.48,2830.0,4.33,4.31,4.46,92.0,4.33,0.9999999999999787,10.999999999999943,18.99999999999995,-7.000000000000028,4536.0,0.5215896014990867,0.06894029810084687,True,False,False,2,3219.214,3.219214,True
2025-05-01,3219214.0,4.4,4.39,4.48,8.000000000000007,0.0,157.353,6709277.0,595741.0,3485.0,4.5,4.25,4.31,4.35,4.45,2789.0,4.33,4.31,4.46,107.0,4.33,-1.0000000000000675,9.000000000000075,17.00000000000008,-7.000000000000028,4536.0,0.5215896014990867,0.06894029810084687,False,False,False,3,3219.214,3.219214,True
2025-05-02,3219214.0,4.4,4.36,4.46,5.999999999999961,0.0,147.882,6709277.0,595741.0,3485.0,4.5,4.25,4.3,4.33,4.42,2694.0,4.33,4.31,4.45,111.0,4.33,-4.0000000000000036,9.999999999999964,16.000000000000014,-7.000000000000028,4536.0,0.5215896014990867,0.06894029810084687,False,False,False,4,3219.214,3.219214,True
2025-05-03,3219214.0,4.4,,,,,,6709277.0,595741.0,3485.0,4.5,4.25,,,,,,,,,,,,,,4536.0,0.5215896014990867,0.06894029810084687,False,False,False,5,3219.214,3.219214,False
2025-05-04,3219214.0,4.4,,,,,,6709277.0,595741.0,3485.0,4.5,4.25,,,,,,,,,,,,,,4536.0,0.5215896014990867,0.06894029810084687,False,False,False,6,3219.214,3.219214,False
2025-05-05,3219214.0,4.4,4.33,4.42,1.9999999999999574,0.0,124.69,6709277.0,595741.0,3485.0,4.5,4.25,4.29,4.31,4.38,2632.0,4.33,4.31,4.45,117.0,4.33,-7.000000000000028,8.999999999999986,12.99999999999999,-7.000000000000028,4536.0,0.5215896014990867,0.06894029810084687,False,False,False,0,3219.214,3.219214,True
2025-05-06,3219214.0,4.4,4.32,4.42,1.9999999999999574,0.1,129.858,6709277.0,595741.0,3485.0,4.5,4.25,4.28,4.31,4.38,2620.0,4.33,4.31,4.45,120.0,4.33,-8.000000000000007,9.999999999999964,13.999999999999968,-7.000000000000028,4536.0,0.5215896014990867,0.06894029810084687,False,False,False,1,3219.214,3.219214,True
2025-05-07,3218636.0,4.4,4.3,4.4,0.0,0.002,154.859,6710889.0,583727.0,2462.0,4.5,4.25,4.26,4.29,4.36,2535.0,4.33,4.31,4.45,111.0,4.33,-10.000000000000053,10.000000000000053,14.000000000000057,-7.000000000000028,4536.0,0.5215896014990867,0.06894029810084687,False,False,False,2,3218.636,3.218636,True
2025-05-08,3218636.0,4.4,4.29,4.39,-1.0000000000000675,0.001,139.768,6710889.0,583727.0,2462.0,4.5,4.25,4.26,4.28,4.34,2545.0,4.33,4.31,4.45,113.0,4.33,-11.000000000000032,9.999999999999964,12.99999999999999,-7.000000000000028,4536.0,0.5215896014990867,0.06894029810084687,False,False,False,3,3218.636,3.218636,True
2025-05-09,3218636.0,4.4,4.28,4.38,-2.000000000000046,0.0,142.272,6710889.0,583727.0,2462.0,4.5,4.25,4.25,4.27,4.33,2479.0,4.33,4.31,4.45,107.0,4.33,-12.00000000000001,9.999999999999964,12.99999999999999,-7.000000000000028,4536.0,0.5215896014990867,0.06894029810084687,False,False,False,4,3218.636,3.218636,True
2025-05-10,3218636.0,4.4,,,,,,6710889.0,583727.0,2462.0,4.5,4.25,,,,,,,,,,,,,,4536.0,0.5215896014990867,0.06894029810084687,False,False,False,5,3218.636,3.218636,False
2025-05-11,3218636.0,4.4,,,,,,6710889.0,583727.0,2462.0,4.5,4.25,,,,,,,,,,,,,,4536.0,0.5215896014990867,0.06894029810084687,False,False,False,6,3218.636,3.218636,False
2025-05-12,3218636.0,4.4,4.28,4.38,-2.000000000000046,0.0,147.505,6710889.0,583727.0,2462.0,4.5,4.25,4.25,4.27,4.34,2535.0,4.33,4.31,4.45,105.0,4.33,-12.00000000000001,9.999999999999964,12.99999999999999,-7.000000000000028,4536.0,0.5215896014990867,0.06894029810084687,False,False,False,0,3218.636,3.218636,True
2025-05-13,3218636.0,4.4,4.3,4.41,0.9999999999999787,0.003,144.214,6710889.0,583727.0,2462.0,4.5,4.25,4.27,4.29,4.36,2565.0,4.33,4.31,4.45,113.0,4.33,-10.000000000000053,11.000000000000032,14.000000000000057,-7.000000000000028,4536.0,0.5215896014990867,0.06894029810084687,False,False,False,1,3218.636,3.218636,True
2025-05-14,3235723.0,4.4,4.29,4.39,-1.0000000000000675,0.001,165.024,6713270.0,575846.0,2194.0,4.5,4.25,4.26,4.28,4.34,2543.0,4.33,4.31,4.45,112.0,4.33,-11.000000000000032,9.999999999999964,12.99999999999999,-7.000000000000028,4536.0,0.5215896014990867,0.06894029810084687,False,False,False,2,3235.723,3.235723,True
2025-05-15,3235723.0,4.4,4.31,4.42,1.9999999999999574,0.002,109.436,6713270.0,575846.0,2194.0,4.5,4.25,4.27,4.3,4.38,2686.0,4.33,4.31,4.45,120.0,4.33,-9.000000000000075,11.000000000000032,15.000000000000036,-7.000000000000028,4536.0,0.5215896014990867,0.06894029810084687,False,False,False,3,3235.723,3.235723,True
2025-05-16,3235723.0,4.4,4.3,4.4,0.0,0.0,136.799,6713270.0,575846.0,2194.0,4.5,4.25,4.27,4.29,4.36,2617.0,4.33,4.31,4.45,117.0,4.33,-10.000000000000053,10.000000000000053,13.000000000000078,-7.000000000000028,4536.0,0.5215896014990867,0.06894029810084687,False,False,False,4,3235.723,3.235723,True
2025-05-17,3235723.0,4.4,,,,,,6713270.0,575846.0,2194.0,4.5,4.25,,,,,,,,,,,,,,4536.0,0.5215896014990867,0.06894029810084687,False,False,False,5,3235.723,3.235723,False
2025-05-18,3235723.0,4.4,,,,,,6713270.0,575846.0,2194.0,4.5,4.25,,,,,,,,,,,,,,4536.0,0.5215896014990867,0.06894029810084687,False,False,False,6,3235.723,3.235723,False
2025-05-19,3235723.0,4.4,4.29,4.38,-2.000000000000046,0.001,180.417,6713270.0,575846.0,2194.0,4.5,4.25,4.25,4.28,4.34,2570.0,4.33,4.31,4.45,116.0,4.33,-11.000000000000032,8.999999999999986,12.99999999999999,-7.000000000000028,4536.0,0.5215896014990867,0.06894029810084687,False,False,False,0,3235.723,3.235723,True
2025-05-20,3235723.0,4.4,4.27,4.36,-4.0000000000000036,0.0,136.033,6713270.0,575846.0,2194.0,4.5,4.25,4.25,4.26,4.32,2554.0,4.33,4.31,4.45,111.0,4.33,-13.000000000000078,9.000000000000075,11.000000000000032,-7.000000000000028,4536.0,0.5215896014990867,0.06894029810084687,False,False,False,1,3235.723,3.235723,True
2025-05-21,3289469.0,4.4,4.26,4.34,-6.00000000000005,0.001,162.802,6688726.0,503055.0,1853.0,4.5,4.25,4.25,4.26,4.3,2517.0,4.33,4.31,4.4,118.0,4.33,-14.000000000000057,8.000000000000007,8.999999999999986,-7.000000000000028,4536.0,0.5215896014990867,0.06894029810084687,False,False,False,2,3289.469,3.289469,True
2025-05-22,3289469.0,4.4,4.26,4.34,-6.00000000000005,0.001,173.018,6688726.0,503055.0,1853.0,4.5,4.25,4.25,4.26,4.29,2540.0,4.33,4.25,4.4,118.0,4.33,-14.000000000000057,8.000000000000007,8.999999999999986,-7.000000000000028,4536.0,0.5215896014990867,0.06894029810084687,False,False,False,3,3289.469,3.289469,True
2025-05-23,3289469.0,4.4,4.26,4.35,-5.000000000000071,0.0,154.841,6688726.0,503055.0,1853.0,4.5,4.25,4.25,4.26,4.31,2542.0,4.33,4.31,4.45,123.0,4.33,-14.000000000000057,8.999999999999986,9.999999999999964,-7.000000000000028,4536.0,0.5215896014990867,0.06894029810084687,False,False,False,4,3289.469,3.289469,True
2025-05-24,3289469.0,4.4,,,,,,6688726.0,503055.0,1853.0,4.5,4.25,,,,,,,,,,,,,,4536.0,0.5215896014990867,0.06894029810084687,False,False,False,5,3289.469,3.289469,False
2025-05-25,3289469.0,4.4,,,,,,6688726.0,503055.0,1853.0,4.5,4.25,,,,,,,,,,,,,,4536.0,0.5215896014990867,0.06894029810084687,False,False,False,6,3289.469,3.289469,False
2025-05-26,3289469.0,4.4,,,,,,6688726.0,503055.0,1853.0,4.5,4.25,,,,,,,,,,,,,,4536.0,0.5215896014990867,0.06894029810084687,False,False,False,0,3289.469,3.289469,False
2025-05-27,3289469.0,4.4,4.31,4.41,0.9999999999999787,0.0,138.066,6688726.0,503055.0,1853.0,4.5,4.25,4.26,4.3,4.38,2655.0,4.33,4.31,4.45,115.0,4.33,-9.000000000000075,10.000000000000053,15.000000000000036,-7.000000000000028,4536.0,0.5215896014990867,0.06894029810084687,False,False,False,1,3289.469,3.289469,True
2025-05-28,3270661.0,4.4,4.33,4.44,4.0000000000000036,0.001,173.641,6673244.0,467204.0,2014.0,4.5,4.25,4.29,4.32,4.39,2605.0,4.33,4.31,4.45,108.0,4.33,-7.000000000000028,11.000000000000032,15.000000000000036,-7.000000000000028,4536.0,0.5215896014990867,0.06894029810084687,False,False,False,2,3270.661,3.270661,True
2025-05-29,3270661.0,4.4,4.33,4.43,2.999999999999936,0.0,165.66,6673244.0,467204.0,2014.0,4.5,4.25,4.28,4.32,4.39,2652.0,4.33,4.31,4.45,114.0,4.33,-7.000000000000028,9.999999999999964,14.999999999999947,-7.000000000000028,4536.0,0.5215896014990867,0.06894029810084687,False,False,False,3,3270.661,3.270661,True
2025-05-30,3270661.0,4.4,4.35,4.46,5.999999999999961,0.0,315.657,6673244.0,467204.0,2014.0,4.5,4.25,4.29,4.34,4.42,2641.0,4.33,4.31,4.45,105.0,4.33,-5.000000000000071,11.000000000000032,16.999999999999993,-7.000000000000028,4536.0,0.5215896014990867,0.06894029810084687,False,False,False,4,3270.661,3.270661,True
2025-05-31,3270661.0,4.4,,,,,,6673244.0,467204.0,2014.0,4.5,4.25,,,,,,,,,,,,,,4536.0,0.5215896014990867,0.06894029810084687,True,False,False,5,3270.661,3.270661,False
2025-06-01,3270661.0,4.4,,,,,,6673244.0,467204.0,2014.0,4.5,4.25,,,,,,,,,,,,,,4536.0,0.5215896014990867,0.06894029810084687,False,False,False,6,3270.661,3.270661,False
2025-06-02,3270661.0,4.4,4.35,4.43,2.999999999999936,0.005,135.841,6673244.0,467204.0,2014.0,4.5,4.25,4.29,4.32,4.4,2771.0,4.33,4.31,4.45,113.0,4.33,-5.000000000000071,8.000000000000007,13.999999999999968,-7.000000000000028,4536.0,0.5215896014990867,0.06894029810084687,False,False,False,0,3270.661,3.270661,True
2025-06-03,3270661.0,4.4,4.32,4.4,0.0,0.001,153.177,6673244.0,467204.0,2014.0,4.5,4.25,4.28,4.3,4.37,2711.0,4.33,4.31,4.4,120.0,4.33,-8.000000000000007,8.000000000000007,12.00000000000001,-7.000000000000028,4536.0,0.5215896014990867,0.06894029810084687,False,False,False,1,3270.661,3.270661,True
2025-06-04,3294381.0,4.4,4.28,4.37,-3.000000000000025,0.0,168.882,6672885.0,378947.0,2885.0,4.5,4.25,4.25,4.27,4.34,2625.0,4.33,4.31,4.45,114.0,4.33,-12.00000000000001,8.999999999999986,12.00000000000001,-7.000000000000028,4536.0,0.5215896014990867,0.06894029810084687,False,False,False,2,3294.381,3.294381,True
2025-06-05,3294381.0,4.4,4.29,4.37,-3.000000000000025,0.002,152.727,6672885.0,378947.0,2885.0,4.5,4.25,4.25,4.27,4.34,2685.0,4.33,4.31,4.4,118.0,4.33,-11.000000000000032,8.000000000000007,12.00000000000001,-7.000000000000028,4536.0,0.5215896014990867,0.06894029810084687,False,False,False,3,3294.381,3.294381,True
2025-06-06,3294381.0,4.4,4.29,4.38,-2.000000000000046,0.0,149.284,6672885.0,378947.0,2885.0,4.5,4.25,4.26,4.27,4.34,2667.0,4.33,4.31,4.4,118.0,4.33,-11.000000000000032,8.999999999999986,12.00000000000001,-7.000000000000028,4536.0,0.5215896014990867,0.06894029810084687,False,False,False,4,3294.381,3.294381,True
2025-06-07,3294381.0,4.4,,,,,,6672885.0,378947.0,2885.0,4.5,4.25,,,,,,,,,,,,,,4536.0,0.5215896014990867,0.06894029810084687,False,False,False,5,3294.381,3.294381,False
2025-06-08,3294381.0,4.4,,,,,,6672885.0,378947.0,2885.0,4.5,4.25,,,,,,,,,,,,,,4536.0,0.5215896014990867,0.06894029810084687,False,False,False,6,3294.381,3.294381,False
2025-06-09,3294381.0,4.4,4.29,4.38,-2.000000000000046,0.003,179.315,6672885.0,378947.0,2885.0,4.5,4.25,4.26,4.27,4.34,2643.0,4.33,4.31,4.45,114.0,4.33,-11.000000000000032,8.999999999999986,12.00000000000001,-7.000000000000028,4536.0,0.5215896014990867,0.06894029810084687,False,False,False,0,3294.381,3.294381,True
2025-06-10,3294381.0,4.4,4.28,4.37,-3.000000000000025,0.102,182.725,6672885.0,378947.0,2885.0,4.5,4.25,4.25,4.27,4.33,2634.0,4.33,4.31,4.45,112.0,4.33,-12.00000000000001,8.999999999999986,12.00000000000001,-7.000000000000028,4536.0,0.5215896014990867,0.06894029810084687,False,False,False,1,3294.381,3.294381,True
2025-06-11,3407108.0,4.4,4.28,4.37,-3.000000000000025,0.0,204.625,6677155.0,332907.0,3989.0,4.5,4.25,4.25,4.27,4.33,2600.0,4.33,4.31,4.45,111.0,4.33,-12.00000000000001,8.999999999999986,12.00000000000001,-7.000000000000028,4536.0,0.5215896014990867,0.06894029810084687,False,False,False,2,3407.108,3.407108,True
2025-06-12,3407108.0,4.4,4.28,4.38,-2.000000000000046,0.001,181.417,6677155.0,332907.0,3989.0,4.5,4.25,4.25,4.27,4.33,2663.0,4.33,4.31,4.45,114.0,4.33,-12.00000000000001,9.999999999999964,12.99999999999999,-7.000000000000028,4536.0,0.5215896014990867,0.06894029810084687,False,False,False,3,3407.108,3.407108,True
2025-06-13,3407108.0,4.4,4.28,4.38,-2.000000000000046,0.0,168.645,6677155.0,332907.0,3989.0,4.5,4.25,4.25,4.27,4.34,2644.0,4.33,4.31,4.45,110.0,4.33,-12.00000000000001,9.999999999999964,12.99999999999999,-7.000000000000028,4536.0,0.5215896014990867,0.06894029810084687,False,False,False,4,3407.108,3.407108,True
2025-06-14,3407108.0,4.4,,,,,,6677155.0,332907.0,3989.0,4.5,4.25,,,,,,,,,,,,,,4536.0,0.5215896014990867,0.06894029810084687,False,False,False,5,3407.108,3.407108,False
2025-06-15,3407108.0,4.4,,,,,,6677155.0,332907.0,3989.0,4.5,4.25,,,,,,,,,,,,,,4536.0,0.5215896014990867,0.06894029810084687,False,False,False,6,3407.108,3.407108,False
2025-06-16,3407108.0,4.4,4.32,4.41,0.9999999999999787,0.0,140.759,6677155.0,332907.0,3989.0,4.5,4.25,4.28,4.3,4.38,2697.0,4.33,4.31,4.45,101.0,4.33,-8.000000000000007,8.999999999999986,12.99999999999999,-7.000000000000028,4536.0,0.5215896014990867,0.06894029810084687,False,False,False,0,3407.108,3.407108,True
2025-06-17,3407108.0,4.4,4.31,4.39,-1.0000000000000675,0.0,168.939,6677155.0,332907.0,3989.0,4.5,4.25,4.27,4.29,4.36,2692.0,4.33,4.31,4.45,104.0,4.33,-9.000000000000075,8.000000000000007,12.00000000000001,-7.000000000000028,4536.0,0.5215896014990867,0.06894029810084687,False,False,False,1,3407.108,3.407108,True
2025-06-18,3406366.0,4.4,4.28,4.37,-3.000000000000025,0.0,205.05,6681056.0,337762.0,5383.0,4.5,4.25,4.25,4.27,4.34,2639.0,4.33,4.31,4.45,109.0,4.33,-12.00000000000001,8.999999999999986,12.00000000000001,-7.000000000000028,4536.0,0.5215896014990867,0.06894029810084687,False,False,False,2,3406.366,3.406366,True
2025-06-19,3406366.0,4.4,,,,,,6681056.0,337762.0,5383.0,4.5,4.25,,,,,,,,,,,,,,4536.0,0.5215896014990867,0.06894029810084687,False,False,False,3,3406.366,3.406366,False
2025-06-20,3406366.0,4.4,4.29,4.37,-3.000000000000025,0.0,138.283,6681056.0,337762.0,5383.0,4.5,4.25,4.25,4.27,4.34,2700.0,4.33,4.31,4.45,118.0,4.33,-11.000000000000032,8.000000000000007,12.00000000000001,-7.000000000000028,4536.0,0.5215896014990867,0.06894029810084687,False,False,False,4,3406.366,3.406366,True
2025-06-21,3406366.0,4.4,,,,,,6681056.0,337762.0,5383.0,4.5,4.25,,,,,,,,,,,,,,4536.0,0.5215896014990867,0.06894029810084687,False,False,False,5,3406.366,3.406366,False
2025-06-22,3406366.0,4.4,,,,,,6681056.0,337762.0,5383.0,4.5,4.25,,,,,,,,,,,,,,4536.0,0.5215896014990867,0.06894029810084687,False,False,False,6,3406.366,3.406366,False
2025-06-23,3406366.0,4.4,4.29,4.38,-2.000000000000046,0.0,165.319,6681056.0,337762.0,5383.0,4.5,4.25,4.25,4.27,4.34,2740.0,4.33,4.31,4.45,115.0,4.33,-11.000000000000032,8.999999999999986,12.99999999999999,-7.000000000000028,4536.0,0.5215896014990867,0.06894029810084687,False,False,False,0,3406.366,3.406366,True
2025-06-24,3406366.0,4.4,4.3,4.4,0.0,0.0,187.367,6681056.0,337762.0,5383.0,4.5,4.25,4.26,4.28,4.36,2733.0,4.33,4.31,4.45,115.0,4.33,-10.000000000000053,10.000000000000053,14.000000000000057,-7.000000000000028,4536.0,0.5215896014990867,0.06894029810084687,False,False,False,1,3406.366,3.406366,True
2025-06-25,3369328.0,4.4,4.36,4.46,5.999999999999961,0.005,210.879,6662200.0,364375.0,6308.0,4.5,4.25,4.3,4.33,4.43,2772.0,4.33,4.31,4.45,128.0,4.33,-4.0000000000000036,9.999999999999964,16.000000000000014,-7.000000000000028,4536.0,0.5215896014990867,0.06894029810084687,False,False,False,2,3369.328,3.369328,True
2025-06-26,3369328.0,4.4,4.4,4.52,11.999999999999922,0.002,252.432,6662200.0,364375.0,6308.0,4.5,4.25,4.3,4.38,4.48,2802.0,4.33,4.31,4.45,124.0,4.33,0.0,11.999999999999922,21.999999999999975,-7.000000000000028,4536.0,0.5215896014990867,0.06894029810084687,False,False,False,3,3369.328,3.369328,True
2025-06-27,3369328.0,4.4,4.39,4.5,9.999999999999964,0.0,285.742,6662200.0,364375.0,6308.0,4.5,4.25,4.31,4.37,4.46,2775.0,4.33,4.31,4.45,122.0,4.33,-1.0000000000000675,11.000000000000032,19.00000000000004,-7.000000000000028,4536.0,0.5215896014990867,0.06894029810084687,False,False,False,4,3369.328,3.369328,True
2025-06-28,3369328.0,4.4,,,,,,6662200.0,364375.0,6308.0,4.5,4.25,,,,,,,,,,,,,,4536.0,0.5215896014990867,0.06894029810084687,False,False,False,5,3369.328,3.369328,False
2025-06-29,3369328.0,4.4,,,,,,6662200.0,364375.0,6308.0,4.5,4.25,,,,,,,,,,,,,,4536.0,0.5215896014990867,0.06894029810084687,False,False,False,6,3369.328,3.369328,False
2025-06-30,3369328.0,4.4,4.45,4.65,25.0,11.025,460.731,6662200.0,364375.0,6308.0,4.5,4.25,4.35,4.39,4.51,2946.0,4.33,4.3,4.45,79.0,4.33,4.999999999999982,20.000000000000018,30.00000000000007,-7.000000000000028,4494.0,0.5338310363843145,0.06168833883848309,True,True,False,0,3369.328,3.369328,True
2025-07-01,3369328.0,4.4,4.44,4.54,13.999999999999968,0.0,245.53,6662200.0,364375.0,6308.0,4.5,4.25,4.32,4.39,4.51,2920.0,4.33,4.31,4.45,133.0,4.33,4.0000000000000036,9.999999999999964,21.999999999999975,-7.000000000000028,4494.0,0.5338310363843145,0.06168833883848309,False,False,False,1,3369.328,3.369328,True
2025-07-02,3225980.0,4.4,4.4,4.5,9.999999999999964,0.0,237.307,6659598.0,359516.0,6354.0,4.5,4.25,4.3,4.37,4.47,2882.0,4.33,4.31,4.43,129.0,4.33,0.0,9.999999999999964,20.000000000000018,-7.000000000000028,4494.0,0.5338310363843145,0.06168833883848309,False,False,False,2,3225.98,3.22598,True
2025-07-03,3225980.0,4.4,4.35,4.44,4.0000000000000036,0.0,214.665,6659598.0,359516.0,6354.0,4.5,4.25,4.27,4.32,4.41,2846.0,4.33,4.31,4.43,129.0,4.33,-5.000000000000071,9.000000000000075,17.00000000000008,-7.000000000000028,4494.0,0.5338310363843145,0.06168833883848309,False,False,False,3,3225.98,3.22598,True
2025-07-04,3225980.0,4.4,,,,,,6659598.0,359516.0,6354.0,4.5,4.25,,,,,,,,,,,,,,4494.0,0.5338310363843145,0.06168833883848309,False,False,False,4,3225.98,3.22598,False
2025-07-05,3225980.0,4.4,,,,,,6659598.0,359516.0,6354.0,4.5,4.25,,,,,,,,,,,,,,4494.0,0.5338310363843145,0.06168833883848309,False,False,False,5,3225.98,3.22598,False
2025-07-06,3225980.0,4.4,,,,,,6659598.0,359516.0,6354.0,4.5,4.25,,,,,,,,,,,,,,4494.0,0.5338310363843145,0.06168833883848309,False,False,False,6,3225.98,3.22598,False
2025-07-07,3225980.0,4.4,4.33,4.42,1.9999999999999574,0.001,218.03,6659598.0,359516.0,6354.0,4.5,4.25,4.27,4.31,4.39,2814.0,4.33,4.31,4.43,118.0,4.33,-7.000000000000028,8.999999999999986,15.000000000000036,-7.000000000000028,4494.0,0.5338310363843145,0.06168833883848309,False,False,False,0,3225.98,3.22598,True
2025-07-08,3225980.0,4.4,4.34,4.44,4.0000000000000036,0.1,219.415,6659598.0,359516.0,6354.0,4.5,4.25,4.28,4.32,4.39,2765.0,4.33,4.31,4.45,117.0,4.33,-6.00000000000005,10.000000000000053,16.000000000000014,-7.000000000000028,4494.0,0.5338310363843145,0.06168833883848309,False,False,False,1,3225.98,3.22598,True
2025-07-09,3330249.0,4.4,4.32,4.42,1.9999999999999574,0.0,227.273,6661912.0,319889.0,6131.0,4.5,4.25,4.27,4.31,4.38,2752.0,4.33,4.31,4.45,105.0,4.33,-8.000000000000007,9.999999999999964,15.000000000000036,-7.000000000000028,4494.0,0.5338310363843145,0.06168833883848309,False,False,False,2,3330.249,3.330249,True
2025-07-10,3330249.0,4.4,4.31,4.4,0.0,0.0,183.339,6661912.0,319889.0,6131.0,4.5,4.25,4.27,4.3,4.37,2735.0,4.33,4.31,4.4,106.0,4.33,-9.000000000000075,9.000000000000075,13.000000000000078,-7.000000000000028,4494.0,0.5338310363843145,0.06168833883848309,False,False,False,3,3330.249,3.330249,True
2025-07-11,3330249.0,4.4,4.31,4.41,0.9999999999999787,0.0,181.637,6661912.0,319889.0,6131.0,4.5,4.25,4.27,4.3,4.38,2754.0,4.33,4.31,4.4,103.0,4.33,-9.000000000000075,10.000000000000053,14.000000000000057,-7.000000000000028,4494.0,0.5338310363843145,0.06168833883848309,False,False,False,4,3330.249,3.330249,True
2025-07-12,3330249.0,4.4,,,,,,6661912.0,319889.0,6131.0,4.5,4.25,,,,,,,,,,,,,,4494.0,0.5338310363843145,0.06168833883848309,False,False,False,5,3330.249,3.330249,False
2025-07-13,3330249.0,4.4,,,,,,6661912.0,319889.0,6131.0,4.5,4.25,,,,,,,,,,,,,,4494.0,0.5338310363843145,0.06168833883848309,False,False,False,6,3330.249,3.330249,False
2025-07-14,3330249.0,4.4,4.33,4.43,2.999999999999936,0.012,217.841,6661912.0,319889.0,6131.0,4.5,4.25,4.29,4.32,4.39,2759.0,4.33,4.31,4.43,104.0,4.33,-7.000000000000028,9.999999999999964,13.999999999999968,-7.000000000000028,4494.0,0.5338310363843145,0.06168833883848309,False,False,False,0,3330.249,3.330249,True
2025-07-15,3330249.0,4.4,4.37,4.48,8.000000000000007,0.001,198.277,6661912.0,319889.0,6131.0,4.5,4.25,4.32,4.36,4.44,2784.0,4.33,4.31,4.43,101.0,4.33,-3.000000000000025,11.000000000000032,16.000000000000014,-7.000000000000028,4494.0,0.5338310363843145,0.06168833883848309,False,False,False,1,3330.249,3.330249,True
2025-07-16,3398822.0,4.4,4.34,4.44,4.0000000000000036,0.0,197.086,6659273.0,296247.0,5230.0,4.5,4.25,4.29,4.33,4.4,2771.0,4.33,4.31,4.4,115.0,4.33,-6.00000000000005,10.000000000000053,15.000000000000036,-7.000000000000028,4494.0,0.5338310363843145,0.06168833883848309,False,False,False,2,3398.822,3.398822,True
2025-07-17,3398822.0,4.4,4.34,4.43,2.999999999999936,0.0,193.66,6659273.0,296247.0,5230.0,4.5,4.25,4.28,4.33,4.39,2743.0,4.33,4.31,4.4,113.0,4.33,-6.00000000000005,8.999999999999986,14.999999999999947,-7.000000000000028,4494.0,0.5338310363843145,0.06168833883848309,False,False,False,3,3398.822,3.398822,True
2025-07-18,3398822.0,4.4,4.3,4.39,-1.0000000000000675,0.0,199.298,6659273.0,296247.0,5230.0,4.5,4.25,4.27,4.29,4.36,2775.0,4.33,4.31,4.4,110.0,4.33,-10.000000000000053,8.999999999999986,12.00000000000001,-7.000000000000028,4494.0,0.5338310363843145,0.06168833883848309,False,False,False,4,3398.822,3.398822,True
2025-07-19,3398822.0,4.4,,,,,,6659273.0,296247.0,5230.0,4.5,4.25,,,,,,,,,,,,,,4494.0,0.5338310363843145,0.06168833883848309,False,False,False,5,3398.822,3.398822,False
2025-07-20,3398822.0,4.4,,,,,,6659273.0,296247.0,5230.0,4.5,4.25,,,,,,,,,,,,,,4494.0,0.5338310363843145,0.06168833883848309,False,False,False,6,3398.822,3.398822,False
2025-07-21,3398822.0,4.4,4.28,4.36,-4.0000000000000036,0.0,213.666,6659273.0,296247.0,5230.0,4.5,4.25,4.25,4.27,4.33,2688.0,4.33,4.31,4.44,108.0,4.33,-12.00000000000001,8.000000000000007,11.000000000000032,-7.000000000000028,4494.0,0.5338310363843145,0.06168833883848309,False,False,False,0,3398.822,3.398822,True
2025-07-22,3398822.0,4.4,4.28,4.36,-4.0000000000000036,0.001,196.374,6659273.0,296247.0,5230.0,4.5,4.25,4.25,4.27,4.33,2692.0,4.33,4.31,4.35,107.0,4.33,-12.00000000000001,8.000000000000007,11.000000000000032,-7.000000000000028,4494.0,0.5338310363843145,0.06168833883848309,False,False,False,1,3398.822,3.398822,True
2025-07-23,3362277.0,4.4,4.28,4.36,-4.0000000000000036,0.001,189.632,6657715.0,323176.0,5242.0,4.5,4.25,4.25,4.27,4.33,2659.0,4.33,4.31,4.35,115.0,4.33,-12.00000000000001,8.000000000000007,11.000000000000032,-7.000000000000028,4494.0,0.5338310363843145,0.06168833883848309,False,False,False,2,3362.277,3.362277,True
2025-07-24,3362277.0,4.4,4.3,4.39,-1.0000000000000675,0.0,132.186,6657715.0,323176.0,5242.0,4.5,4.25,4.27,4.29,4.36,2725.0,4.33,4.31,4.4,109.0,4.33,-10.000000000000053,8.999999999999986,12.00000000000001,-7.000000000000028,4494.0,0.5338310363843145,0.06168833883848309,False,False,False,3,3362.277,3.362277,True
2025-07-25,3362277.0,4.4,4.36,4.47,6.99999999999994,0.0,150.509,6657715.0,323176.0,5242.0,4.5,4.25,4.3,4.35,4.43,2766.0,4.33,4.31,4.4,114.0,4.33,-4.0000000000000036,10.999999999999943,16.999999999999993,-7.000000000000028,4494.0,0.5338310363843145,0.06168833883848309,False,False,False,4,3362.277,3.362277,True
2025-07-26,3362277.0,4.4,,,,,,6657715.0,323176.0,5242.0,4.5,4.25,,,,,,,,,,,,,,4494.0,0.5338310363843145,0.06168833883848309,False,False,False,5,3362.277,3.362277,False
2025-07-27,3362277.0,4.4,,,,,,6657715.0,323176.0,5242.0,4.5,4.25,,,,,,,,,,,,,,4494.0,0.5338310363843145,0.06168833883848309,False,False,False,6,3362.277,3.362277,False
2025-07-28,3362277.0,4.4,4.36,4.47,6.99999999999994,0.001,170.463,6657715.0,323176.0,5242.0,4.5,4.25,4.31,4.35,4.43,2783.0,4.33,4.31,4.4,112.0,4.33,-4.0000000000000036,10.999999999999943,16.000000000000014,-7.000000000000028,4494.0,0.5338310363843145,0.06168833883848309,False,False,False,0,3362.277,3.362277,True
2025-07-29,3362277.0,4.4,4.36,4.46,5.999999999999961,0.003,171.018,6657715.0,323176.0,5242.0,4.5,4.25,4.3,4.34,4.42,2754.0,4.33,4.31,4.4,112.0,4.33,-4.0000000000000036,9.999999999999964,16.000000000000014,-7.000000000000028,4494.0,0.5338310363843145,0.06168833883848309,False,False,False,1,3362.277,3.362277,True
2025-07-30,3347414.0,4.4,4.32,4.42,1.9999999999999574,0.0,155.481,6642578.0,370507.0,5595.0,4.5,4.25,4.28,4.31,4.38,2727.0,4.33,4.31,4.35,105.0,4.33,-8.000000000000007,9.999999999999964,13.999999999999968,-7.000000000000028,4494.0,0.5338310363843145,0.06168833883848309,False,False,False,2,3347.414,3.347414,True
2025-07-31,3347414.0,4.4,4.39,4.48,8.000000000000007,0.0,214.445,6642578.0,370507.0,5595.0,4.5,4.25,4.3,4.36,4.45,2933.0,4.33,4.32,4.4,92.0,4.33,-1.0000000000000675,9.000000000000075,18.00000000000006,-7.000000000000028,4494.0,0.5338310363843145,0.06168833883848309,True,False,False,3,3347.414,3.347414,True
2025-08-01,3347414.0,4.4,4.34,4.42,1.9999999999999574,0.0,97.426,6642578.0,370507.0,5595.0,4.5,4.25,4.28,4.32,4.39,2885.0,4.33,4.31,4.35,129.0,4.33,-6.00000000000005,8.000000000000007,13.999999999999968,-7.000000000000028,4494.0,0.5338310363843145,0.06168833883848309,False,False,False,4,3347.414,3.347414,True
2025-08-02,3347414.0,4.4,,,,,,6642578.0,370507.0,5595.0,4.5,4.25,,,,,,,,,,,,,,4494.0,0.5338310363843145,0.06168833883848309,False,False,False,5,3347.414,3.347414,False
2025-08-03,3347414.0,4.4,,,,,,6642578.0,370507.0,5595.0,4.5,4.25,,,,,,,,,,,,,,4494.0,0.5338310363843145,0.06168833883848309,False,False,False,6,3347.414,3.347414,False
2025-08-04,3347414.0,4.4,4.33,4.42,1.9999999999999574,0.001,125.73,6642578.0,370507.0,5595.0,4.5,4.25,4.28,4.31,4.38,2828.0,4.33,4.31,4.4,117.0,4.33,-7.000000000000028,8.999999999999986,13.999999999999968,-7.000000000000028,4494.0,0.5338310363843145,0.06168833883848309,False,False,False,0,3347.414,3.347414,True
2025-08-05,3347414.0,4.4,4.34,4.43,2.999999999999936,0.001,84.356,6642578.0,370507.0,5595.0,4.5,4.25,4.29,4.33,4.4,2863.0,4.33,4.31,4.35,115.0,4.33,-6.00000000000005,8.999999999999986,13.999999999999968,-7.000000000000028,4494.0,0.5338310363843145,0.06168833883848309,False,False,False,1,3347.414,3.347414,True
2025-08-06,3332492.0,4.4,4.34,4.43,2.999999999999936,0.002,91.966,6640843.0,421043.0,4856.0,4.5,4.25,4.28,4.32,4.39,2866.0,4.33,4.31,4.35,112.0,4.33,-6.00000000000005,8.999999999999986,14.999999999999947,-7.000000000000028,4494.0,0.5338310363843145,0.06168833883848309,False,False,False,2,3332.492,3.332492,True
2025-08-07,3332492.0,4.4,4.35,4.44,4.0000000000000036,0.041,77.961,6640843.0,421043.0,4856.0,4.5,4.25,4.31,4.33,4.41,2855.0,4.33,4.31,4.35,108.0,4.33,-5.000000000000071,9.000000000000075,13.000000000000078,-7.000000000000028,4494.0,0.5338310363843145,0.06168833883848309,False,False,False,3,3332.492,3.332492,True
2025-08-08,3332492.0,4.4,4.35,4.43,2.999999999999936,0.0,80.303,6640843.0,421043.0,4856.0,4.5,4.25,4.3,4.33,4.4,2817.0,4.33,4.31,4.35,115.0,4.33,-5.000000000000071,8.000000000000007,12.99999999999999,-7.000000000000028,4494.0,0.5338310363843145,0.06168833883848309,False,False,False,4,3332.492,3.332492,True
2025-08-09,3332492.0,4.4,,,,,,6640843.0,421043.0,4856.0,4.5,4.25,,,,,,,,,,,,,,4494.0,0.5338310363843145,0.06168833883848309,False,False,False,5,3332.492,3.332492,False
2025-08-10,3332492.0,4.4,,,,,,6640843.0,421043.0,4856.0,4.5,4.25,,,,,,,,,,,,,,4494.0,0.5338310363843145,0.06168833883848309,False,False,False,6,3332.492,3.332492,False
2025-08-11,3332492.0,4.4,4.34,4.44,4.0000000000000036,0.0,82.214,6640843.0,421043.0,4856.0,4.5,4.25,4.29,4.33,4.4,2796.0,4.33,4.31,4.35,115.0,4.33,-6.00000000000005,10.000000000000053,15.000000000000036,-7.000000000000028,4494.0,0.5338310363843145,0.06168833883848309,False,False,False,0,3332.492,3.332492,True
2025-08-12,3332492.0,4.4,4.36,4.46,5.999999999999961,0.101,57.492,6640843.0,421043.0,4856.0,4.5,4.25,4.3,4.34,4.41,2804.0,4.33,4.31,4.4,114.0,4.33,-4.0000000000000036,9.999999999999964,16.000000000000014,-7.000000000000028,4494.0,0.5338310363843145,0.06168833883848309,False,False,False,1,3332.492,3.332492,True
2025-08-13,3320050.0,4.4,4.33,4.43,2.999999999999936,0.001,57.202,6643615.0,504304.0,4623.0,4.5,4.25,4.29,4.32,4.39,2796.0,4.33,4.31,4.4,116.0,4.33,-7.000000000000028,9.999999999999964,13.999999999999968,-7.000000000000028,4494.0,0.5338310363843145,0.06168833883848309,False,False,False,2,3320.05,3.32005,True
2025-08-14,3320050.0,4.4,4.34,4.43,2.999999999999936,0.0,28.818,6643615.0,504304.0,4623.0,4.5,4.25,4.3,4.32,4.4,2767.0,4.33,4.31,4.4,114.0,4.33,-6.00000000000005,8.999999999999986,12.99999999999999,-7.000000000000028,4494.0,0.5338310363843145,0.06168833883848309,False,False,False,3,3320.05,3.32005,True
2025-08-15,3320050.0,4.4,4.36,4.46,5.999999999999961,0.0,33.757,6643615.0,504304.0,4623.0,4.5,4.25,4.32,4.34,4.42,2821.0,4.33,4.31,4.4,112.0,4.33,-4.0000000000000036,9.999999999999964,13.999999999999968,-7.000000000000028,4494.0,0.5338310363843145,0.06168833883848309,False,False,False,4,3320.05,3.32005,True
2025-08-16,3320050.0,4.4,,,,,,6643615.0,504304.0,4623.0,4.5,4.25,,,,,,,,,,,,,,4494.0,0.5338310363843145,0.06168833883848309,False,False,False,5,3320.05,3.32005,False
2025-08-17,3320050.0,4.4,,,,,,6643615.0,504304.0,4623.0,4.5,4.25,,,,,,,,,,,,,,4494.0,0.5338310363843145,0.06168833883848309,False,False,False,6,3320.05,3.32005,False
2025-08-18,3320050.0,4.4,4.34,4.44,4.0000000000000036,0.0,38.24,6643615.0,504304.0,4623.0,4.5,4.25,4.3,4.33,4.4,2810.0,4.33,4.31,4.43,112.0,4.33,-6.00000000000005,10.000000000000053,14.000000000000057,-7.000000000000028,4494.0,0.5338310363843145,0.06168833883848309,False,False,False,0,3320.05,3.32005,True
2025-08-19,3320050.0,4.4,4.33,4.42,1.9999999999999574,0.0,22.344,6643615.0,504304.0,4623.0,4.5,4.25,4.29,4.31,4.38,2760.0,4.33,4.31,4.43,109.0,4.33,-7.000000000000028,8.999999999999986,12.99999999999999,-7.000000000000028,4494.0,0.5338310363843145,0.06168833883848309,False,False,False,1,3320.05,3.32005,True
2025-08-20,3317292.0,4.4,4.31,4.4,0.0,0.101,34.999,6618415.0,519534.0,4414.0,4.5,4.25,4.28,4.3,4.37,2704.0,4.33,4.31,4.4,115.0,4.33,-9.000000000000075,9.000000000000075,12.00000000000001,-7.000000000000028,4494.0,0.5338310363843145,0.06168833883848309,False,False,False,2,3317.292,3.317292,True
2025-08-21,3317292.0,4.4,4.32,4.42,1.9999999999999574,0.0,25.358,6618415.0,519534.0,4414.0,4.5,4.25,4.28,4.31,4.39,2702.0,4.33,4.31,4.4,117.0,4.33,-8.000000000000007,9.999999999999964,13.999999999999968,-7.000000000000028,4494.0,0.5338310363843145,0.06168833883848309,False,False,False,3,3317.292,3.317292,True
2025-08-22,3317292.0,4.4,4.36,4.46,5.999999999999961,0.0,36.275,6618415.0,519534.0,4414.0,4.5,4.25,4.3,4.35,4.42,2738.0,4.33,4.31,4.4,114.0,4.33,-4.0000000000000036,9.999999999999964,16.000000000000014,-7.000000000000028,4494.0,0.5338310363843145,0.06168833883848309,False,False,False,4,3317.292,3.317292,True
2025-08-23,3317292.0,4.4,,,,,,6618415.0,519534.0,4414.0,4.5,4.25,,,,,,,,,,,,,,4494.0,0.5338310363843145,0.06168833883848309,False,False,False,5,3317.292,3.317292,False
2025-08-24,3317292.0,4.4,,,,,,6618415.0,519534.0,4414.0,4.5,4.25,,,,,,,,,,,,,,4494.0,0.5338310363843145,0.06168833883848309,False,False,False,6,3317.292,3.317292,False
2025-08-25,3317292.0,4.4,4.37,4.47,6.99999999999994,0.011,47.567,6618415.0,519534.0,4414.0,4.5,4.25,4.3,4.36,4.43,2825.0,4.33,4.31,4.4,113.0,4.33,-3.000000000000025,9.999999999999964,16.999999999999993,-7.000000000000028,4494.0,0.5338310363843145,0.06168833883848309,False,False,False,0,3317.292,3.317292,True
2025-08-26,3317292.0,4.4,4.38,4.49,8.999999999999986,0.0,28.574,6618415.0,519534.0,4414.0,4.5,4.25,4.32,4.37,4.44,2820.0,4.33,4.31,4.35,113.0,4.33,-2.000000000000046,11.000000000000032,16.999999999999993,-7.000000000000028,4494.0,0.5338310363843145,0.06168833883848309,False,False,False,1,3317.292,3.317292,True
2025-08-27,3224967.0,4.4,4.36,4.47,6.99999999999994,0.01,34.744,6603384.0,589998.0,4191.0,4.5,4.25,4.32,4.35,4.42,2889.0,4.33,4.31,4.35,114.0,4.33,-4.0000000000000036,10.999999999999943,14.999999999999947,-7.000000000000028,4494.0,0.5338310363843145,0.06168833883848309,False,False,False,2,3224.967,3.224967,True
2025-08-28,3224967.0,4.4,4.34,4.44,4.0000000000000036,0.0,31.966,6603384.0,589998.0,4191.0,4.5,4.25,4.3,4.33,4.4,2870.0,4.33,4.31,4.35,115.0,4.33,-6.00000000000005,10.000000000000053,14.000000000000057,-7.000000000000028,4494.0,0.5338310363843145,0.06168833883848309,False,False,False,3,3224.967,3.224967,True
2025-08-29,3224967.0,4.4,4.34,4.44,4.0000000000000036,0.0,77.898,6603384.0,589998.0,4191.0,4.5,4.25,4.3,4.33,4.4,2880.0,4.33,4.31,4.4,115.0,4.33,-6.00000000000005,10.000000000000053,14.000000000000057,-7.000000000000028,4494.0,0.5338310363843145,0.06168833883848309,False,False,False,4,3224.967,3.224967,True
2025-08-30,3224967.0,4.4,,,,,,6603384.0,589998.0,4191.0,4.5,4.25,,,,,,,,,,,,,,4494.0,0.5338310363843145,0.06168833883848309,False,False,False,5,3224.967,3.224967,False
2025-08-31,3224967.0,4.4,,,,,,6603384.0,589998.0,4191.0,4.5,4.25,,,,,,,,,,,,,,4494.0,0.5338310363843145,0.06168833883848309,True,False,False,6,3224.967,3.224967,False
2025-09-01,3224967.0,4.4,,,,,,6603384.0,589998.0,4191.0,4.5,4.25,,,,,,,,,,,,,,4494.0,0.5338310363843145,0.06168833883848309,False,False,False,0,3224.967,3.224967,False
2025-09-02,3224967.0,4.4,4.39,4.5,9.999999999999964,0.0,21.066,6603384.0,589998.0,4191.0,4.5,4.25,4.34,4.36,4.46,2947.0,4.33,4.31,4.4,120.0,4.33,-1.0000000000000675,11.000000000000032,16.000000000000014,-7.000000000000028,4494.0,0.5338310363843145,0.06168833883848309,False,False,False,1,3224.967,3.224967,True
2025-09-03,3181701.0,4.4,4.39,4.48,8.000000000000007,0.001,17.923,6602071.0,597513.0,4374.0,4.5,4.25,4.34,4.36,4.45,2880.0,4.33,4.31,4.4,119.0,4.33,-1.0000000000000675,9.000000000000075,14.000000000000057,-7.000000000000028,4494.0,0.5338310363843145,0.06168833883848309,False,False,False,2,3181.701,3.181701,True
2025-09-04,3181701.0,4.4,4.41,4.5,9.999999999999964,0.0,20.128,6602071.0,597513.0,4374.0,4.5,4.25,4.35,4.38,4.47,2834.0,4.33,4.31,4.35,118.0,4.33,0.9999999999999787,8.999999999999986,15.000000000000036,-7.000000000000028,4494.0,0.5338310363843145,0.06168833883848309,False,False,False,3,3181.701,3.181701,True
2025-09-05,3181701.0,4.4,4.42,4.52,11.999999999999922,0.0,20.997,6602071.0,597513.0,4374.0,4.5,4.25,4.35,4.4,4.49,2847.0,4.33,4.31,4.35,116.0,4.33,1.9999999999999574,9.999999999999964,16.999999999999993,-7.000000000000028,4494.0,0.5338310363843145,0.06168833883848309,False,False,False,4,3181.701,3.181701,True
2025-09-06,3181701.0,4.4,,,,,,6602071.0,597513.0,4374.0,4.5,4.25,,,,,,,,,,,,,,4494.0,0.5338310363843145,0.06168833883848309,False,False,False,5,3181.701,3.181701,False
2025-09-07,3181701.0,4.4,,,,,,6602071.0,597513.0,4374.0,4.5,4.25,,,,,,,,,,,,,,4494.0,0.5338310363843145,0.06168833883848309,False,False,False,6,3181.701,3.181701,False
2025-09-08,3181701.0,4.4,4.4,4.5,9.999999999999964,0.001,19.416,6602071.0,597513.0,4374.0,4.5,4.25,4.35,4.39,4.47,2872.0,4.33,4.31,4.4,110.0,4.33,0.0,9.999999999999964,15.000000000000036,-7.000000000000028,4494.0,0.5338310363843145,0.06168833883848309,False,False,False,0,3181.701,3.181701,True
2025-09-09,3181701.0,4.4,4.4,4.49,8.999999999999986,0.1,22.915,6602071.0,597513.0,4374.0,4.5,4.25,4.35,4.38,4.46,2863.0,4.33,4.31,4.4,112.0,4.33,0.0,8.999999999999986,14.000000000000057,-7.000000000000028,4494.0,0.5338310363843145,0.06168833883848309,False,False,False,1,3181.701,3.181701,True
2025-09-10,3160774.0,4.4,4.39,4.48,8.000000000000007,0.007,29.4,6605962.0,672274.0,5374.0,4.5,4.25,4.34,4.37,4.45,2800.0,4.33,4.31,4.4,111.0,4.33,-1.0000000000000675,9.000000000000075,14.000000000000057,-7.000000000000028,4494.0,0.5338310363843145,0.06168833883848309,False,False,False,2,3160.774,3.160774,True
2025-09-11,3160774.0,4.4,4.41,4.5,9.999999999999964,0.0,26.897,6605962.0,672274.0,5374.0,4.5,4.25,4.35,4.38,4.46,2828.0,4.33,4.31,4.4,117.0,4.33,0.9999999999999787,8.999999999999986,15.000000000000036,-7.000000000000028,4494.0,0.5338310363843145,0.06168833883848309,False,False,False,3,3160.774,3.160774,True
2025-09-12,3160774.0,4.4,4.42,4.53,12.99999999999999,0.0,17.331,6605962.0,672274.0,5374.0,4.5,4.25,4.36,4.4,4.48,2830.0,4.33,4.31,4.4,106.0,4.33,1.9999999999999574,11.000000000000032,16.999999999999993,-7.000000000000028,4494.0,0.5338310363843145,0.06168833883848309,False,False,False,4,3160.774,3.160774,True
2025-09-13,3160774.0,4.4,,,,,,6605962.0,672274.0,5374.0,4.5,4.25,,,,,,,,,,,,,,4494.0,0.5338310363843145,0.06168833883848309,False,False,False,5,3160.774,3.160774,False
2025-09-14,3160774.0,4.4,,,,,,6605962.0,672274.0,5374.0,4.5,4.25,,,,,,,,,,,,,,4494.0,0.5338310363843145,0.06168833883848309,False,False,False,6,3160.774,3.160774,False
2025-09-15,3160774.0,4.4,4.51,4.68,27.999999999999936,1.5,16.954,6605962.0,672274.0,5374.0,4.5,4.25,4.38,4.5,4.62,2877.0,4.33,4.32,4.4,91.0,4.33,10.999999999999943,16.999999999999993,29.999999999999982,-7.000000000000028,4494.0,0.5338310363843145,0.06168833883848309,False,False,False,0,3160.774,3.160774,True
2025-09-16,3160774.0,4.4,4.39,4.51,10.999999999999943,0.001,18.817,6605962.0,672274.0,5374.0,4.5,4.25,4.34,4.36,4.45,2857.0,4.33,4.32,4.4,98.0,4.33,-1.0000000000000675,12.00000000000001,16.999999999999993,-7.000000000000028,4494.0,0.5338310363843145,0.06168833883848309,False,False,False,1,3160.774,3.160774,True
2025-09-17,3073355.0,4.4,4.38,4.46,5.999999999999961,0.001,13.963,6608597.0,756376.0,5533.0,4.5,4.25,4.33,4.35,4.43,2853.0,4.33,4.32,4.45,96.0,4.33,-2.000000000000046,8.000000000000007,12.99999999999999,-7.000000000000028,4494.0,0.5338310363843145,0.06168833883848309,False,False,False,2,3073.355,3.073355,True
2025-09-18,3073355.0,4.15,4.14,4.39,23.999999999999932,0.0,13.707,6608597.0,756376.0,5533.0,4.25,4.0,4.08,4.11,4.2,2894.0,4.08,4.07,4.18,92.0,4.08,-1.0000000000000675,25.0,30.99999999999996,-7.000000000000028,4494.0,0.5338310363843145,0.06168833883848309,False,False,False,3,3073.355,3.073355,True
2025-09-19,3073355.0,4.15,4.14,4.23,8.000000000000007,0.0,11.363,6608597.0,756376.0,5533.0,4.25,4.0,4.08,4.12,4.21,2881.0,4.08,4.07,4.18,95.0,4.08,-1.0000000000000675,9.000000000000075,15.000000000000036,-7.000000000000028,4494.0,0.5338310363843145,0.06168833883848309,False,False,False,4,3073.355,3.073355,True
2025-09-20,3073355.0,4.15,,,,,,6608597.0,756376.0,5533.0,4.25,4.0,,,,,,,,,,,,,,4494.0,0.5338310363843145,0.06168833883848309,False,False,False,5,3073.355,3.073355,False
2025-09-21,3073355.0,4.15,,,,,,6608597.0,756376.0,5533.0,4.25,4.0,,,,,,,,,,,,,,4494.0,0.5338310363843145,0.06168833883848309,False,False,False,6,3073.355,3.073355,False
2025-09-22,3073355.0,4.15,4.14,4.23,8.000000000000007,0.01,14.173,6608597.0,756376.0,5533.0,4.25,4.0,4.09,4.12,4.2,2906.0,4.09,4.07,4.15,93.0,4.09,-1.0000000000000675,9.000000000000075,14.000000000000057,-6.00000000000005,4494.0,0.5338310363843145,0.06168833883848309,False,False,False,0,3073.355,3.073355,True
2025-09-23,3073355.0,4.15,4.12,4.2,4.999999999999982,0.0,14.402,6608597.0,756376.0,5533.0,4.25,4.0,4.05,4.09,4.18,2877.0,4.09,4.07,4.15,95.0,4.09,-3.000000000000025,8.000000000000007,15.000000000000036,-6.00000000000005,4494.0,0.5338310363843145,0.06168833883848309,False,False,False,1,3073.355,3.073355,True
2025-09-24,3002218.0,4.15,4.13,4.23,8.000000000000007,0.001,29.172,6608395.0,804856.0,7821.0,4.25,4.0,4.08,4.12,4.2,2852.0,4.09,4.08,4.12,88.0,4.09,-2.000000000000046,10.000000000000053,15.000000000000036,-6.00000000000005,4494.0,0.5338310363843145,0.06168833883848309,False,False,False,2,3002.218,3.002218,True
2025-09-25,3002218.0,4.15,4.18,4.28,12.99999999999999,0.001,25.369,6608395.0,804856.0,7821.0,4.25,4.0,4.1,4.17,4.26,2965.0,4.09,4.08,4.15,92.0,4.09,2.999999999999936,10.000000000000053,18.00000000000006,-6.00000000000005,4494.0,0.5338310363843145,0.06168833883848309,False,False,False,3,3002.218,3.002218,True
2025-09-26,3002218.0,4.15,4.16,4.26,10.999999999999943,0.0,48.073,6608395.0,804856.0,7821.0,4.25,4.0,4.1,4.14,4.22,2917.0,4.09,4.08,4.15,95.0,4.09,0.9999999999999787,9.999999999999964,16.000000000000014,-6.00000000000005,4494.0,0.5338310363843145,0.06168833883848309,False,False,False,4,3002.218,3.002218,True
2025-09-27,3002218.0,4.15,,,,,,6608395.0,804856.0,7821.0,4.25,4.0,,,,,,,,,,,,,,4494.0,0.5338310363843145,0.06168833883848309,False,False,False,5,3002.218,3.002218,False
2025-09-28,3002218.0,4.15,,,,,,6608395.0,804856.0,7821.0,4.25,4.0,,,,,,,,,,,,,,4494.0,0.5338310363843145,0.06168833883848309,False,False,False,6,3002.218,3.002218,False
2025-09-29,3002218.0,4.15,4.13,4.24,8.999999999999986,0.0,56.22,6608395.0,804856.0,7821.0,4.25,4.0,4.08,4.12,4.21,2893.0,4.09,4.08,4.15,89.0,4.09,-2.000000000000046,11.000000000000032,16.000000000000014,-6.00000000000005,4494.0,0.5338310363843145,0.06168833883848309,False,False,False,0,3002.218,3.002218,True
2025-09-30,3002218.0,4.15,4.24,4.38,22.999999999999954,5.0,49.071,6608395.0,804856.0,7821.0,4.25,4.0,4.14,4.2,4.31,3148.0,4.09,4.07,4.18,92.0,4.09,8.999999999999986,13.999999999999968,24.00000000000002,-6.00000000000005,4452.0,0.5327929284391092,0.06298702800194234,True,True,False,1,3002.218,3.002218,True
2025-10-01,2966094.0,4.15,4.2,4.29,13.999999999999968,0.0,10.179,6587119.0,805139.0,7170.0,4.25,4.0,4.13,4.16,4.25,3075.0,4.09,4.08,4.15,103.0,4.09,4.999999999999982,8.999999999999986,16.000000000000014,-6.00000000000005,4452.0,0.5327929284391092,0.06298702800194234,False,False,False,2,2966.094,2.966094,True
2025-10-02,2966094.0,4.15,4.2,4.28,12.99999999999999,0.001,8.436,6587119.0,805139.0,7170.0,4.25,4.0,4.14,4.17,4.26,3022.0,4.09,4.08,4.15,102.0,4.09,4.999999999999982,8.000000000000007,14.000000000000057,-6.00000000000005,4452.0,0.5327929284391092,0.06298702800194234,False,False,False,3,2966.094,2.966094,True
2025-10-03,2966094.0,4.15,4.18,4.27,11.999999999999922,0.105,25.392,6587119.0,805139.0,7170.0,4.25,4.0,4.12,4.16,4.25,3018.0,4.09,4.08,4.15,95.0,4.09,2.999999999999936,8.999999999999986,14.999999999999947,-6.00000000000005,4452.0,0.5327929284391092,0.06298702800194234,False,False,False,4,2966.094,2.966094,True
2025-10-04,2966094.0,4.15,,,,,,6587119.0,805139.0,7170.0,4.25,4.0,,,,,,,,,,,,,,4452.0,0.5327929284391092,0.06298702800194234,False,False,False,5,2966.094,2.966094,False
2025-10-05,2966094.0,4.15,,,,,,6587119.0,805139.0,7170.0,4.25,4.0,,,,,,,,,,,,,,4452.0,0.5327929284391092,0.06298702800194234,False,False,False,6,2966.094,2.966094,False
2025-10-06,2966094.0,4.15,4.15,4.24,8.999999999999986,0.01,21.776,6587119.0,805139.0,7170.0,4.25,4.0,4.09,4.13,4.21,2981.0,4.09,4.08,4.18,84.0,4.09,0.0,8.999999999999986,15.000000000000036,-6.00000000000005,4452.0,0.5327929284391092,0.06298702800194234,False,False,False,0,2966.094,2.966094,True
2025-10-07,2966094.0,4.15,4.14,4.23,8.000000000000007,0.001,4.622,6587119.0,805139.0,7170.0,4.25,4.0,4.09,4.12,4.2,2946.0,4.09,4.08,4.15,81.0,4.09,-1.0000000000000675,9.000000000000075,14.000000000000057,-6.00000000000005,4452.0,0.5327929284391092,0.06298702800194234,False,False,False,1,2966.094,2.966094,True
2025-10-08,2998471.0,4.15,4.12,4.2,4.999999999999982,0.046,5.231,6590815.0,807428.0,6243.0,4.25,4.0,4.08,4.09,4.18,2924.0,4.1,4.08,4.15,76.0,4.1,-3.000000000000025,8.000000000000007,12.00000000000001,-5.000000000000071,4452.0,0.5327929284391092,0.06298702800194234,False,False,False,2,2998.471,2.998471,True
2025-10-09,2998471.0,4.15,4.13,4.21,5.999999999999961,0.001,4.496,6590815.0,807428.0,6243.0,4.25,4.0,4.08,4.1,4.19,2923.0,4.1,4.08,4.15,84.0,4.1,-2.000000000000046,8.000000000000007,12.99999999999999,-5.000000000000071,4452.0,0.5327929284391092,0.06298702800194234,False,False,False,3,2998.471,2.998471,True
2025-10-10,2998471.0,4.15,4.15,4.23,8.000000000000007,0.0,4.124,6590815.0,807428.0,6243.0,4.25,4.0,4.1,4.12,4.21,2895.0,4.1,4.08,4.15,87.0,4.1,0.0,8.000000000000007,13.000000000000078,-5.000000000000071,4452.0,0.5327929284391092,0.06298702800194234,False,False,False,4,2998.471,2.998471,True
2025-10-11,2998471.0,4.15,,,,,,6590815.0,807428.0,6243.0,4.25,4.0,,,,,,,,,,,,,,4452.0,0.5327929284391092,0.06298702800194234,False,False,False,5,2998.471,2.998471,False
2025-10-12,2998471.0,4.15,,,,,,6590815.0,807428.0,6243.0,4.25,4.0,,,,,,,,,,,,,,4452.0,0.5327929284391092,0.06298702800194234,False,False,False,6,2998.471,2.998471,False
2025-10-13,2998471.0,4.15,,,,,,6590815.0,807428.0,6243.0,4.25,4.0,,,,,,,,,,,,,,4452.0,0.5327929284391092,0.06298702800194234,False,False,False,0,2998.471,2.998471,False
2025-10-14,2998471.0,4.15,4.19,4.3,14.999999999999947,0.0,3.516,6590815.0,807428.0,6243.0,4.25,4.0,4.14,4.17,4.26,2932.0,4.1,4.08,4.18,80.0,4.1,4.0000000000000036,10.999999999999943,16.000000000000014,-5.000000000000071,4452.0,0.5327929284391092,0.06298702800194234,False,False,False,1,2998.471,2.998471,True
2025-10-15,3019028.0,4.15,4.29,4.39,23.999999999999932,4.75,5.484,6596454.0,809593.0,6018.0,4.25,4.0,4.19,4.25,4.35,3059.0,4.1,4.09,4.15,81.0,4.1,13.999999999999968,9.999999999999964,19.99999999999993,-5.000000000000071,4452.0,0.5327929284391092,0.06298702800194234,False,False,False,2,3019.028,3.019028,True
2025-10-16,3019028.0,4.15,4.3,4.41,25.99999999999998,1.75,6.96,6596454.0,809593.0,6018.0,4.25,4.0,4.15,4.26,4.37,3045.0,4.11,4.09,4.15,85.0,4.11,14.999999999999947,11.000000000000032,25.99999999999998,-4.0000000000000036,4452.0,0.5327929284391092,0.06298702800194234,False,False,False,3,3019.028,3.019028,True
2025-10-17,3019028.0,4.15,4.18,4.3,14.999999999999947,0.0,4.102,6596454.0,809593.0,6018.0,4.25,4.0,4.1,4.16,4.24,3022.0,4.11,4.09,4.18,79.0,4.11,2.999999999999936,12.00000000000001,20.000000000000018,-4.0000000000000036,4452.0,0.5327929284391092,0.06298702800194234,False,False,False,4,3019.028,3.019028,True
2025-10-18,3019028.0,4.15,,,,,,6596454.0,809593.0,6018.0,4.25,4.0,,,,,,,,,,,,,,4452.0,0.5327929284391092,0.06298702800194234,False,False,False,5,3019.028,3.019028,False
2025-10-19,3019028.0,4.15,,,,,,6596454.0,809593.0,6018.0,4.25,4.0,,,,,,,,,,,,,,4452.0,0.5327929284391092,0.06298702800194234,False,False,False,6,3019.028,3.019028,False
2025-10-20,3019028.0,4.15,4.16,4.26,10.999999999999943,2.001,5.931,6596454.0,809593.0,6018.0,4.25,4.0,4.1,4.12,4.21,2945.0,4.11,4.09,4.15,82.0,4.11,0.9999999999999787,9.999999999999964,16.000000000000014,-4.0000000000000036,4452.0,0.5327929284391092,0.06298702800194234,False,False,False,0,3019.028,3.019028,True
2025-10-21,3019028.0,4.15,4.23,4.33,17.99999999999997,3.0,4.699,6596454.0,809593.0,6018.0,4.25,4.0,4.15,4.21,4.29,2957.0,4.11,4.09,4.18,85.0,4.11,8.000000000000007,9.999999999999964,17.99999999999997,-4.0000000000000036,4452.0,0.5327929284391092,0.06298702800194234,False,False,False,1,3019.028,3.019028,True
2025-10-22,2933037.0,4.15,4.21,4.29,13.999999999999968,0.001,4.005,6589533.0,908001.0,7349.0,4.25,4.0,4.14,4.18,4.27,2956.0,4.11,4.09,4.15,91.0,4.11,5.999999999999961,8.000000000000007,15.000000000000036,-4.0000000000000036,4452.0,0.5327929284391092,0.06298702800194234,False,False,False,2,2933.037,2.933037,True
2025-10-23,2933037.0,4.15,4.24,4.33,17.99999999999997,3.001,6.941,6589533.0,908001.0,7349.0,4.25,4.0,4.15,4.21,4.3,3002.0,4.11,4.09,4.15,93.0,4.11,8.999999999999986,8.999999999999986,17.99999999999997,-4.0000000000000036,4452.0,0.5327929284391092,0.06298702800194234,False,False,False,3,2933.037,2.933037,True
2025-10-24,2933037.0,4.15,4.24,4.33,17.99999999999997,0.0,2.435,6589533.0,908001.0,7349.0,4.25,4.0,4.16,4.21,4.3,3000.0,4.11,4.09,4.15,90.0,4.11,8.999999999999986,8.999999999999986,16.999999999999993,-4.0000000000000036,4452.0,0.5327929284391092,0.06298702800194234,False,False,False,4,2933.037,2.933037,True
2025-10-25,2933037.0,4.15,,,,,,6589533.0,908001.0,7349.0,4.25,4.0,,,,,,,,,,,,,,4452.0,0.5327929284391092,0.06298702800194234,False,False,False,5,2933.037,2.933037,False
2025-10-26,2933037.0,4.15,,,,,,6589533.0,908001.0,7349.0,4.25,4.0,,,,,,,,,,,,,,4452.0,0.5327929284391092,0.06298702800194234,False,False,False,6,2933.037,2.933037,False
2025-10-27,2933037.0,4.15,4.27,4.36,20.999999999999996,3.0,10.642,6589533.0,908001.0,7349.0,4.25,4.0,4.15,4.24,4.34,3019.0,4.12,4.09,4.15,88.0,4.11,11.999999999999922,9.000000000000075,20.999999999999996,-3.000000000000025,4452.0,0.5327929284391092,0.06298702800194234,False,False,False,0,2933.037,2.933037,True
2025-10-28,2933037.0,4.15,4.31,4.42,26.999999999999957,0.001,14.096,6589533.0,908001.0,7349.0,4.25,4.0,4.2,4.28,4.39,3067.0,4.12,4.09,4.15,92.0,4.12,15.999999999999925,11.000000000000032,21.999999999999975,-3.000000000000025,4452.0,0.5327929284391092,0.06298702800194234,False,False,False,1,2933.037,2.933037,True
2025-10-29,2848021.0,4.15,4.27,4.36,20.999999999999996,2.087,19.504,6587034.0,957990.0,7894.0,4.25,4.0,4.18,4.24,4.33,3061.0,4.12,4.09,4.15,98.0,4.12,11.999999999999922,9.000000000000075,18.00000000000006,-3.000000000000025,4452.0,0.5327929284391092,0.06298702800194234,False,False,False,2,2848.021,2.848021,True
2025-10-30,2848021.0,3.9,4.04,4.27,36.999999999999964,5.0,19.166,6587034.0,957990.0,7894.0,4.0,3.75,3.95,3.99,4.09,3098.0,3.87,3.84,3.9,104.0,3.87,14.000000000000012,22.999999999999954,31.99999999999994,-2.9999999999999805,4452.0,0.5327929284391092,0.06298702800194234,False,False,False,3,2848.021,2.848021,True
2025-10-31,2848021.0,3.9,4.22,4.35,44.99999999999997,29.4,51.802,6587034.0,957990.0,7894.0,4.0,3.75,4.05,4.15,4.29,3211.0,3.86,3.84,3.93,107.0,3.86,31.999999999999986,12.99999999999999,29.999999999999982,-4.0000000000000036,4452.0,0.5327929284391092,0.06298702800194234,True,False,False,4,2848.021,2.848021,True
2025-11-01,2848021.0,3.9,,,,,,6587034.0,957990.0,7894.0,4.0,3.75,,,,,,,,,,,,,,4452.0,0.5327929284391092,0.06298702800194234,False,False,False,5,2848.021,2.848021,False
2025-11-02,2848021.0,3.9,,,,,,6587034.0,957990.0,7894.0,4.0,3.75,,,,,,,,,,,,,,4452.0,0.5327929284391092,0.06298702800194234,False,False,False,6,2848.021,2.848021,False
2025-11-03,2848021.0,3.9,4.13,4.23,33.00000000000005,7.75,23.792,6587034.0,957990.0,7894.0,4.0,3.75,4.0,4.09,4.2,3237.0,3.87,3.84,3.9,98.0,3.87,23.0,10.000000000000053,23.000000000000043,-2.9999999999999805,4452.0,0.5327929284391092,0.06298702800194234,False,False,False,0,2848.021,2.848021,True
2025-11-04,2848021.0,3.9,4.0,4.14,23.99999999999998,3.401,16.983,6587034.0,957990.0,7894.0,4.0,3.75,3.94,3.98,4.08,3147.0,3.87,3.84,3.9,94.0,3.87,10.000000000000009,13.999999999999968,19.99999999999997,-2.9999999999999805,4452.0,0.5327929284391092,0.06298702800194234,False,False,False,1,2848.021,2.848021,True
2025-11-05,2862569.0,3.9,3.91,4.01,10.999999999999988,0.043,12.814,6572732.0,940979.0,7138.0,4.0,3.75,3.85,3.88,3.98,3145.0,3.87,3.84,3.9,94.0,3.87,1.000000000000023,9.999999999999964,15.99999999999997,-2.9999999999999805,4452.0,0.5327929284391092,0.06298702800194234,False,False,False,2,2862.569,2.862569,True
2025-11-06,2862569.0,3.9,3.92,4.01,10.999999999999988,0.001,10.754,6572732.0,940979.0,7138.0,4.0,3.75,3.86,3.89,3.99,3156.0,3.87,3.84,3.93,87.0,3.87,2.0000000000000018,8.999999999999986,14.999999999999991,-2.9999999999999805,4452.0,0.5327929284391092,0.06298702800194234,False,False,False,3,2862.569,2.862569,True
2025-11-07,2862569.0,3.9,3.93,4.01,10.999999999999988,0.0,4.903,6572732.0,940979.0,7138.0,4.0,3.75,3.87,3.9,3.99,3069.0,3.87,3.84,3.93,83.0,3.87,3.000000000000025,7.999999999999963,13.999999999999968,-2.9999999999999805,4452.0,0.5327929284391092,0.06298702800194234,False,False,False,4,2862.569,2.862569,True
2025-11-08,2862569.0,3.9,,,,,,6572732.0,940979.0,7138.0,4.0,3.75,,,,,,,,,,,,,,4452.0,0.5327929284391092,0.06298702800194234,False,False,False,5,2862.569,2.862569,False
2025-11-09,2862569.0,3.9,,,,,,6572732.0,940979.0,7138.0,4.0,3.75,,,,,,,,,,,,,,4452.0,0.5327929284391092,0.06298702800194234,False,False,False,6,2862.569,2.862569,False
2025-11-10,2862569.0,3.9,3.95,4.05,14.999999999999991,0.001,7.152,6572732.0,940979.0,7138.0,4.0,3.75,3.88,3.93,4.03,3135.0,3.87,3.84,3.9,77.0,3.87,5.000000000000027,9.999999999999964,16.999999999999993,-2.9999999999999805,4452.0,0.5327929284391092,0.06298702800194234,False,False,False,0,2862.569,2.862569,True
2025-11-11,2862569.0,3.9,,,,,,6572732.0,940979.0,7138.0,4.0,3.75,,,,,,,,,,,,,,4452.0,0.5327929284391092,0.06298702800194234,False,False,False,1,2862.569,2.862569,False
2025-11-12,2855030.0,3.9,3.98,4.07,17.000000000000036,4.201,5.886,6580462.0,953816.0,5818.0,4.0,3.75,3.9,3.95,4.05,3209.0,3.87,3.84,3.93,77.0,3.87,8.000000000000007,9.00000000000003,17.000000000000036,-2.9999999999999805,4452.0,0.5327929284391092,0.06298702800194234,False,False,False,2,2855.03,2.85503,True
2025-11-13,2855030.0,3.9,4.0,4.1,19.99999999999997,2.25,3.761,6580462.0,953816.0,5818.0,4.0,3.75,3.9,3.97,4.08,3197.0,3.88,3.84,3.93,78.0,3.87,10.000000000000009,9.999999999999964,19.99999999999997,-2.0000000000000018,4452.0,0.5327929284391092,0.06298702800194234,False,False,False,3,2855.03,2.85503,True
2025-11-14,2855030.0,3.9,3.95,4.05,14.999999999999991,0.006,1.559,6580462.0,953816.0,5818.0,4.0,3.75,3.85,3.92,4.02,3195.0,3.88,3.84,3.93,72.0,3.88,5.000000000000027,9.999999999999964,19.99999999999997,-2.0000000000000018,4452.0,0.5327929284391092,0.06298702800194234,False,False,False,4,2855.03,2.85503,True
2025-11-15,2855030.0,3.9,,,,,,6580462.0,953816.0,5818.0,4.0,3.75,,,,,,,,,,,,,,4452.0,0.5327929284391092,0.06298702800194234,False,False,False,5,2855.03,2.85503,False
2025-11-16,2855030.0,3.9,,,,,,6580462.0,953816.0,5818.0,4.0,3.75,,,,,,,,,,,,,,4452.0,0.5327929284391092,0.06298702800194234,False,False,False,6,2855.03,2.85503,False
2025-11-17,2855030.0,3.9,4.0,4.08,18.000000000000014,4.761,3.172,6580462.0,953816.0,5818.0,4.0,3.75,3.93,3.96,4.06,3278.0,3.88,3.84,3.93,75.0,3.88,10.000000000000009,8.000000000000007,14.999999999999991,-2.0000000000000018,4452.0,0.5327929284391092,0.06298702800194234,False,False,False,0,2855.03,2.85503,True
2025-11-18,2855030.0,3.9,3.94,4.03,13.000000000000034,0.003,0.905,6580462.0,953816.0,5818.0,4.0,3.75,3.87,3.9,4.0,3220.0,3.88,3.84,3.91,78.0,3.88,4.0000000000000036,9.00000000000003,16.000000000000014,-2.0000000000000018,4452.0,0.5327929284391092,0.06298702800194234,False,False,False,1,2855.03,2.85503,True
2025-11-19,2888643.0,3.9,3.91,3.98,8.000000000000007,0.002,1.129,6555283.0,941926.0,6101.0,4.0,3.75,3.85,3.87,3.96,3179.0,3.88,3.84,3.91,76.0,3.88,1.000000000000023,6.999999999999984,12.99999999999999,-2.0000000000000018,4452.0,0.5327929284391092,0.06298702800194234,False,False,False,2,2888.643,2.888643,True
2025-11-20,2888643.0,3.9,3.91,4.0,10.000000000000009,0.001,6.52,6555283.0,941926.0,6101.0,4.0,3.75,3.85,3.86,3.96,3170.0,3.88,3.84,3.93,75.0,3.88,1.000000000000023,8.999999999999986,14.999999999999991,-2.0000000000000018,4452.0,0.5327929284391092,0.06298702800194234,False,False,False,3,2888.643,2.888643,True
2025-11-21,2888643.0,3.9,3.93,4.01,10.999999999999988,0.0,2.503,6555283.0,941926.0,6101.0,4.0,3.75,3.88,3.9,4.0,3203.0,3.88,3.84,3.91,81.0,3.88,3.000000000000025,7.999999999999963,12.99999999999999,-2.0000000000000018,4452.0,0.5327929284391092,0.06298702800194234,False,False,False,4,2888.643,2.888643,True
2025-11-22,2888643.0,3.9,,,,,,6555283.0,941926.0,6101.0,4.0,3.75,,,,,,,,,,,,,,4452.0,0.5327929284391092,0.06298702800194234,False,False,False,5,2888.643,2.888643,False
2025-11-23,2888643.0,3.9,,,,,,6555283.0,941926.0,6101.0,4.0,3.75,,,,,,,,,,,,,,4452.0,0.5327929284391092,0.06298702800194234,False,False,False,6,2888.643,2.888643,False
2025-11-24,2888643.0,3.9,3.96,4.05,14.999999999999991,0.001,1.077,6555283.0,941926.0,6101.0,4.0,3.75,3.91,3.93,4.03,3232.0,3.88,3.84,3.93,73.0,3.88,6.000000000000005,8.999999999999986,13.999999999999968,-2.0000000000000018,4452.0,0.5327929284391092,0.06298702800194234,False,False,False,0,2888.643,2.888643,True
2025-11-25,2888643.0,3.9,4.01,4.09,18.999999999999993,2.75,2.314,6555283.0,941926.0,6101.0,4.0,3.75,3.93,3.97,4.07,3317.0,3.88,3.84,3.93,78.0,3.88,10.999999999999988,8.000000000000007,15.99999999999997,-2.0000000000000018,4452.0,0.5327929284391092,0.06298702800194234,False,False,False,1,2888.643,2.888643,True
2025-11-26,2896586.0,3.9,4.05,4.15,25.000000000000043,4.0,2.217,6552419.0,903394.0,7792.0,4.0,3.75,3.96,4.02,4.12,3297.0,3.88,3.84,3.93,89.0,3.88,14.999999999999991,10.000000000000053,19.00000000000004,-2.0000000000000018,4452.0,0.5327929284391092,0.06298702800194234,False,False,False,2,2896.586,2.896586,True
2025-11-27,2896586.0,3.9,,,,,,6552419.0,903394.0,7792.0,4.0,3.75,,,,,,,,,,,,,,4452.0,0.5327929284391092,0.06298702800194234,False,False,False,3,2896.586,2.896586,False
2025-11-28,2896586.0,3.9,4.12,4.23,33.00000000000005,11.25,7.561,6552419.0,903394.0,7792.0,4.0,3.75,3.93,4.08,4.19,3361.0,3.89,3.84,3.92,90.0,3.88,22.00000000000002,11.000000000000032,30.00000000000003,-0.9999999999999787,4452.0,0.5327929284391092,0.06298702800194234,False,False,False,4,2896.586,2.896586,True
2025-11-29,2896586.0,3.9,,,,,,6552419.0,903394.0,7792.0,4.0,3.75,,,,,,,,,,,,,,4452.0,0.5327929284391092,0.06298702800194234,False,False,False,5,2896.586,2.896586,False
2025-11-30,2896586.0,3.9,,,,,,6552419.0,903394.0,7792.0,4.0,3.75,,,,,,,,,,,,,,4452.0,0.5327929284391092,0.06298702800194234,True,False,False,6,2896.586,2.896586,False
2025-12-01,2896586.0,3.9,4.12,4.21,31.000000000000007,13.5,3.24,6552419.0,903394.0,7792.0,4.0,3.75,4.0,4.07,4.18,3454.0,3.89,3.84,3.93,85.0,3.89,22.00000000000002,8.999999999999986,20.999999999999996,-0.9999999999999787,4452.0,0.5327929284391092,0.06298702800194234,False,False,False,0,2896.586,2.896586,True
2025-12-02,2896586.0,3.9,4.01,4.12,22.00000000000002,3.003,5.62,6552419.0,903394.0,7792.0,4.0,3.75,3.94,3.96,4.06,3407.0,3.89,3.84,3.93,91.0,3.89,10.999999999999988,11.000000000000032,18.000000000000014,-0.9999999999999787,4452.0,0.5327929284391092,0.06298702800194234,False,False,False,1,2896.586,2.896586,True
2025-12-03,2858284.0,3.9,3.95,4.02,11.999999999999966,0.001,2.514,6535781.0,937167.0,7833.0,4.0,3.75,3.87,3.9,4.0,3360.0,3.89,3.84,3.93,85.0,3.89,5.000000000000027,6.99999999999994,14.999999999999947,-0.9999999999999787,4452.0,0.5327929284391092,0.06298702800194234,False,False,False,2,2858.284,2.858284,True
2025-12-04,2858284.0,3.9,3.92,4.01,10.999999999999988,0.002,2.233,6535781.0,937167.0,7833.0,4.0,3.75,3.86,3.87,3.97,3300.0,3.89,3.84,3.93,87.0,3.89,2.0000000000000018,8.999999999999986,14.999999999999991,-0.9999999999999787,4452.0,0.5327929284391092,0.06298702800194234,False,False,False,3,2858.284,2.858284,True
2025-12-05,2858284.0,3.9,3.93,4.02,11.999999999999966,0.002,1.485,6535781.0,937167.0,7833.0,4.0,3.75,3.88,3.9,3.99,3221.0,3.89,3.84,3.91,88.0,3.89,3.000000000000025,8.999999999999941,13.999999999999968,-0.9999999999999787,4452.0,0.5327929284391092,0.06298702800194234,False,False,False,4,2858.284,2.858284,True
2025-12-06,2858284.0,3.9,,,,,,6535781.0,937167.0,7833.0,4.0,3.75,,,,,,,,,,,,,,4452.0,0.5327929284391092,0.06298702800194234,False,False,False,5,2858.284,2.858284,False
2025-12-07,2858284.0,3.9,,,,,,6535781.0,937167.0,7833.0,4.0,3.75,,,,,,,,,,,,,,4452.0,0.5327929284391092,0.06298702800194234,False,False,False,6,2858.284,2.858284,False
2025-12-08,2858284.0,3.9,3.95,4.05,14.999999999999991,0.0,1.703,6535781.0,937167.0,7833.0,4.0,3.75,3.9,3.93,4.02,3209.0,3.89,3.84,3.91,84.0,3.89,5.000000000000027,9.999999999999964,14.999999999999991,-0.9999999999999787,4452.0,0.5327929284391092,0.06298702800194234,False,False,False,0,2858.284,2.858284,True
2025-12-09,2858284.0,3.9,3.93,4.02,11.999999999999966,0.104,3.211,6535781.0,937167.0,7833.0,4.0,3.75,3.88,3.9,3.99,3244.0,3.89,3.84,3.91,85.0,3.89,3.000000000000025,8.999999999999941,13.999999999999968,-0.9999999999999787,4452.0,0.5327929284391092,0.06298702800194234,False,False,False,1,2858.284,2.858284,True
2025-12-10,2932112.0,3.9,3.9,3.98,8.000000000000007,0.001,5.045,6539303.0,858946.0,8339.0,4.0,3.75,3.86,3.87,3.96,3222.0,3.89,3.84,3.91,98.0,3.89,0.0,8.000000000000007,12.00000000000001,-0.9999999999999787,4452.0,0.5327929284391092,0.06298702800194234,False,False,False,2,2932.112,2.932112,True
2025-12-11,2932112.0,3.65,3.66,3.9,25.0,0.001,2.874,6539303.0,858946.0,8339.0,3.75,3.5,3.61,3.62,3.72,3299.0,3.64,3.6,3.66,99.0,3.64,1.000000000000023,23.99999999999998,29.000000000000004,-0.9999999999999787,4452.0,0.5327929284391092,0.06298702800194234,False,False,False,3,2932.112,2.932112,True
2025-12-12,2932112.0,3.65,3.67,3.76,10.999999999999988,0.001,0.838,6539303.0,858946.0,8339.0,3.75,3.5,3.63,3.65,3.74,3261.0,3.64,3.6,3.68,102.0,3.64,2.0000000000000018,8.999999999999986,12.99999999999999,-0.9999999999999787,4452.0,0.5327929284391092,0.06298702800194234,False,False,False,4,2932.112,2.932112,True
2025-12-13,2932112.0,3.65,,,,,,6539303.0,858946.0,8339.0,3.75,3.5,,,,,,,,,,,,,,4452.0,0.5327929284391092,0.06298702800194234,False,False,False,5,2932.112,2.932112,False
2025-12-14,2932112.0,3.65,,,,,,6539303.0,858946.0,8339.0,3.75,3.5,,,,,,,,,,,,,,4452.0,0.5327929284391092,0.06298702800194234,False,False,False,6,2932.112,2.932112,False
2025-12-15,2932112.0,3.65,3.75,3.85,20.000000000000018,5.201,2.601,6539303.0,858946.0,8339.0,3.75,3.5,3.67,3.73,3.83,3270.0,3.64,3.6,3.66,97.0,3.64,10.000000000000009,10.000000000000009,18.000000000000014,-0.9999999999999787,4452.0,0.5327929284391092,0.06298702800194234,False,False,False,0,2932.112,2.932112,True
2025-12-16,2932112.0,3.65,3.69,3.77,12.00000000000001,0.0,1.554,6539303.0,858946.0,8339.0,3.75,3.5,3.63,3.64,3.74,3319.0,3.64,3.6,3.66,95.0,3.64,4.0000000000000036,8.000000000000007,14.000000000000012,-0.9999999999999787,4452.0,0.5327929284391092,0.06298702800194234,False,False,False,1,2932.112,2.932112,True
2025-12-17,2959044.0,3.65,3.69,3.78,12.99999999999999,0.001,10.361,6556861.0,833093.0,8870.0,3.75,3.5,3.63,3.66,3.75,3289.0,3.64,3.6,3.66,94.0,3.64,4.0000000000000036,8.999999999999986,14.999999999999991,-0.9999999999999787,4452.0,0.5327929284391092,0.06298702800194234,False,False,False,2,2959.044,2.959044,True
2025-12-18,2959044.0,3.65,3.66,3.74,9.00000000000003,0.0,11.708,6556861.0,833093.0,8870.0,3.75,3.5,3.6,3.63,3.72,3273.0,3.64,3.6,3.66,88.0,3.64,1.000000000000023,8.000000000000007,14.000000000000012,-0.9999999999999787,4452.0,0.5327929284391092,0.06298702800194234,False,False,False,3,2959.044,2.959044,True
2025-12-19,2959044.0,3.65,3.66,3.75,10.000000000000009,0.0,3.047,6556861.0,833093.0,8870.0,3.75,3.5,3.61,3.63,3.72,3238.0,3.64,3.6,3.65,93.0,3.64,1.000000000000023,8.999999999999986,14.000000000000012,-0.9999999999999787,4452.0,0.5327929284391092,0.06298702800194234,False,False,False,4,2959.044,2.959044,True
2025-12-20,2959044.0,3.65,,,,,,6556861.0,833093.0,8870.0,3.75,3.5,,,,,,,,,,,,,,4452.0,0.5327929284391092,0.06298702800194234,False,False,False,5,2959.044,2.959044,False
2025-12-21,2959044.0,3.65,,,,,,6556861.0,833093.0,8870.0,3.75,3.5,,,,,,,,,,,,,,4452.0,0.5327929284391092,0.06298702800194234,False,False,False,6,2959.044,2.959044,False
2025-12-22,2959044.0,3.65,3.68,3.78,12.99999999999999,0.0,1.523,6556861.0,833093.0,8870.0,3.75,3.5,3.62,3.66,3.75,3253.0,3.64,3.6,3.65,87.0,3.64,3.000000000000025,9.999999999999964,15.99999999999997,-0.9999999999999787,4452.0,0.5327929284391092,0.06298702800194234,False,False,False,0,2959.044,2.959044,True
2025-12-23,2959044.0,3.65,3.66,3.75,10.000000000000009,0.002,5.893,6556861.0,833093.0,8870.0,3.75,3.5,3.61,3.64,3.73,3255.0,3.64,3.6,3.65,85.0,3.64,1.000000000000023,8.999999999999986,14.000000000000012,-0.9999999999999787,4452.0,0.5327929284391092,0.06298702800194234,False,False,False,1,2959.044,2.959044,True
2025-12-24,2955581.0,3.65,3.66,3.75,10.000000000000009,0.001,4.803,6581231.0,837120.0,9874.0,3.75,3.5,3.62,3.64,3.73,3194.0,3.64,3.6,3.65,88.0,3.64,1.000000000000023,8.999999999999986,12.99999999999999,-0.9999999999999787,4452.0,0.5327929284391092,0.06298702800194234,False,False,False,2,2955.581,2.955581,True
2025-12-25,2955581.0,3.65,,,,,,6581231.0,837120.0,9874.0,3.75,3.5,,,,,,,,,,,,,,4452.0,0.5327929284391092,0.06298702800194234,False,False,False,3,2955.581,2.955581,False
2025-12-26,2955581.0,3.65,3.76,3.87,22.00000000000002,2.501,20.339,6581231.0,837120.0,9874.0,3.75,3.5,3.66,3.74,3.85,3227.0,3.64,3.6,3.65,101.0,3.64,10.999999999999988,11.000000000000032,20.999999999999996,-0.9999999999999787,4452.0,0.5327929284391092,0.06298702800194234,False,False,False,4,2955.581,2.955581,True
2025-12-27,2955581.0,3.65,,,,,,6581231.0,837120.0,9874.0,3.75,3.5,,,,,,,,,,,,,,4452.0,0.5327929284391092,0.06298702800194234,False,False,False,5,2955.581,2.955581,False
2025-12-28,2955581.0,3.65,,,,,,6581231.0,837120.0,9874.0,3.75,3.5,,,,,,,,,,,,,,4452.0,0.5327929284391092,0.06298702800194234,False,False,False,6,2955.581,2.955581,False
2025-12-29,2955581.0,3.65,3.77,3.89,24.00000000000002,16.0,10.551,6581231.0,837120.0,9874.0,3.75,3.5,3.67,3.76,3.86,3346.0,3.64,3.6,3.68,87.0,3.64,12.00000000000001,12.00000000000001,22.00000000000002,-0.9999999999999787,4452.0,0.5327929284391092,0.06298702800194234,False,False,False,0,2955.581,2.955581,True
2025-12-30,2955581.0,3.65,3.71,3.83,18.000000000000014,2.0,12.605,6581231.0,837120.0,9874.0,3.75,3.5,3.63,3.69,3.79,3321.0,3.64,3.6,3.68,87.0,3.64,6.000000000000005,12.00000000000001,20.000000000000018,-0.9999999999999787,4452.0,0.5327929284391092,0.06298702800194234,False,False,False,1,2955.581,2.955581,True
2025-12-31,2957410.0,3.65,3.87,4.0,35.00000000000001,31.5,105.993,6640618.0,837306.0,9664.0,3.75,3.5,3.7,3.82,3.96,3485.0,3.64,3.6,3.69,74.0,3.65,22.00000000000002,12.99999999999999,29.999999999999982,-0.9999999999999787,4411.0,0.529245937502784,0.06461712706926287,True,True,True,2,2957.41,2.95741,True
2026-01-01,2957410.0,3.65,,,,,,6640618.0,837306.0,9664.0,3.75,3.5,,,,,,,,,,,,,,4411.0,0.529245937502784,0.06461712706926287,False,False,False,3,2957.41,2.95741,False
2026-01-02,2957410.0,3.65,3.75,3.87,22.00000000000002,19.5,5.667,6640618.0,837306.0,9664.0,3.75,3.5,3.69,3.7,3.81,3508.0,3.64,3.6,3.68,92.0,3.64,10.000000000000009,12.00000000000001,18.000000000000014,-0.9999999999999787,4411.0,0.529245937502784,0.06461712706926287,False,False,False,4,2957.41,2.95741,True
2026-01-03,2957410.0,3.65,,,,,,6640618.0,837306.0,9664.0,3.75,3.5,,,,,,,,,,,,,,4411.0,0.529245937502784,0.06461712706926287,False,False,False,5,2957.41,2.95741,False
2026-01-04,2957410.0,3.65,,,,,,6640618.0,837306.0,9664.0,3.75,3.5,,,,,,,,,,,,,,4411.0,0.529245937502784,0.06461712706926287,False,False,False,6,2957.41,2.95741,False
2026-01-05,2957410.0,3.65,3.7,3.79,14.000000000000012,0.01,6.485,6640618.0,837306.0,9664.0,3.75,3.5,3.62,3.66,3.76,3441.0,3.64,3.6,3.68,88.0,3.64,5.000000000000027,8.999999999999986,16.999999999999993,-0.9999999999999787,4411.0,0.529245937502784,0.06461712706926287,False,False,False,0,2957.41,2.95741,True
2026-01-06,2957410.0,3.65,3.66,3.74,9.00000000000003,0.0,2.582,6640618.0,837306.0,9664.0,3.75,3.5,3.6,3.62,3.71,3390.0,3.64,3.6,3.67,88.0,3.64,1.000000000000023,8.000000000000007,14.000000000000012,-0.9999999999999787,4411.0,0.529245937502784,0.06461712706926287,False,False,False,1,2957.41,2.95741,True
2026-01-07,2996379.0,3.65,3.65,3.74,9.00000000000003,0.0,4.582,6573602.0,796148.0,7225.0,3.75,3.5,3.6,3.62,3.72,3267.0,3.64,3.6,3.68,83.0,3.64,0.0,9.00000000000003,14.000000000000012,-0.9999999999999787,4411.0,0.529245937502784,0.06461712706926287,False,False,False,2,2996.379,2.996379,True
2026-01-08,2996379.0,3.65,3.64,3.73,8.000000000000007,0.0,3.083,6573602.0,796148.0,7225.0,3.75,3.5,3.59,3.61,3.7,3249.0,3.64,3.6,3.66,87.0,3.64,-0.9999999999999787,8.999999999999986,14.000000000000012,-0.9999999999999787,4411.0,0.529245937502784,0.06461712706926287,False,False,False,3,2996.379,2.996379,True
2026-01-09,2996379.0,3.65,3.64,3.73,8.000000000000007,0.0,3.28,6573602.0,796148.0,7225.0,3.75,3.5,3.6,3.61,3.71,3166.0,3.64,3.6,3.65,93.0,3.63,-0.9999999999999787,8.999999999999986,12.99999999999999,-0.9999999999999787,4411.0,0.529245937502784,0.06461712706926287,False,False,False,4,2996.379,2.996379,True
2026-01-10,2996379.0,3.65,,,,,,6573602.0,796148.0,7225.0,3.75,3.5,,,,,,,,,,,,,,4411.0,0.529245937502784,0.06461712706926287,False,False,False,5,2996.379,2.996379,False
2026-01-11,2996379.0,3.65,,,,,,6573602.0,796148.0,7225.0,3.75,3.5,,,,,,,,,,,,,,4411.0,0.529245937502784,0.06461712706926287,False,False,False,6,2996.379,2.996379,False
2026-01-12,2996379.0,3.65,3.64,3.74,9.00000000000003,0.001,3.402,6573602.0,796148.0,7225.0,3.75,3.5,3.6,3.62,3.71,3128.0,3.64,3.6,3.66,93.0,3.63,-0.9999999999999787,10.000000000000009,14.000000000000012,-0.9999999999999787,4411.0,0.529245937502784,0.06461712706926287,False,False,False,0,2996.379,2.996379,True
2026-01-13,2996379.0,3.65,3.65,3.74,9.00000000000003,0.102,3.277,6573602.0,796148.0,7225.0,3.75,3.5,3.6,3.63,3.71,3177.0,3.64,3.6,3.65,92.0,3.63,0.0,9.00000000000003,14.000000000000012,-0.9999999999999787,4411.0,0.529245937502784,0.06461712706926287,False,False,False,1,2996.379,2.996379,True
2026-01-14,3049630.0,3.65,3.64,3.73,8.000000000000007,0.0,3.223,6581700.0,779175.0,5370.0,3.75,3.5,3.6,3.62,3.71,3148.0,3.64,3.6,3.65,94.0,3.63,-0.9999999999999787,8.999999999999986,12.99999999999999,-0.9999999999999787,4411.0,0.529245937502784,0.06461712706926287,False,False,False,2,3049.63,3.04963,True
2026-01-15,3049630.0,3.65,3.66,3.74,9.00000000000003,0.0,2.003,6581700.0,779175.0,5370.0,3.75,3.5,3.61,3.63,3.72,3201.0,3.64,3.6,3.68,91.0,3.63,1.000000000000023,8.000000000000007,13.000000000000034,-0.9999999999999787,4411.0,0.529245937502784,0.06461712706926287,False,False,False,3,3049.63,3.04963,True
2026-01-16,3049630.0,3.65,3.65,3.73,8.000000000000007,0.0,1.222,6581700.0,779175.0,5370.0,3.75,3.5,3.6,3.62,3.71,3163.0,3.64,3.6,3.68,84.0,3.63,0.0,8.000000000000007,12.99999999999999,-0.9999999999999787,4411.0,0.529245937502784,0.06461712706926287,False,False,False,4,3049.63,3.04963,True
2026-01-17,3049630.0,3.65,,,,,,6581700.0,779175.0,5370.0,3.75,3.5,,,,,,,,,,,,,,4411.0,0.529245937502784,0.06461712706926287,False,False,False,5,3049.63,3.04963,False
2026-01-18,3049630.0,3.65,,,,,,6581700.0,779175.0,5370.0,3.75,3.5,,,,,,,,,,,,,,4411.0,0.529245937502784,0.06461712706926287,False,False,False,6,3049.63,3.04963,False
2026-01-19,3049630.0,3.65,,,,,,6581700.0,779175.0,5370.0,3.75,3.5,,,,,,,,,,,,,,4411.0,0.529245937502784,0.06461712706926287,False,False,False,0,3049.63,3.04963,False
2026-01-20,3049630.0,3.65,3.64,3.72,7.000000000000028,0.0,3.506,6581700.0,779175.0,5370.0,3.75,3.5,3.58,3.61,3.7,3162.0,3.64,3.6,3.68,83.0,3.63,-0.9999999999999787,8.000000000000007,14.000000000000012,-0.9999999999999787,4411.0,0.529245937502784,0.06461712706926287,False,False,False,1,3049.63,3.04963,True
2026-01-21,2954903.0,3.65,3.63,3.72,7.000000000000028,0.0,3.344,6584580.0,869261.0,3498.0,3.75,3.5,3.58,3.61,3.7,3087.0,3.64,3.6,3.68,95.0,3.63,-2.0000000000000018,9.00000000000003,14.000000000000012,-0.9999999999999787,4411.0,0.529245937502784,0.06461712706926287,False,False,False,2,2954.903,2.954903,True
2026-01-22,2954903.0,3.65,3.64,3.73,8.000000000000007,0.0,2.058,6584580.0,869261.0,3498.0,3.75,3.5,3.58,3.62,3.71,3121.0,3.64,3.56,3.68,89.0,3.63,-0.9999999999999787,8.999999999999986,14.999999999999991,-0.9999999999999787,4411.0,0.529245937502784,0.06461712706926287,False,False,False,3,2954.903,2.954903,True
2026-01-23,2954903.0,3.65,3.65,3.75,10.000000000000009,0.0,0.927,6584580.0,869261.0,3498.0,3.75,3.5,3.6,3.64,3.72,3137.0,3.64,3.6,3.67,99.0,3.63,0.0,10.000000000000009,14.999999999999991,-0.9999999999999787,4411.0,0.529245937502784,0.06461712706926287,False,False,False,4,2954.903,2.954903,True
2026-01-24,2954903.0,3.65,,,,,,6584580.0,869261.0,3498.0,3.75,3.5,,,,,,,,,,,,,,4411.0,0.529245937502784,0.06461712706926287,False,False,False,5,2954.903,2.954903,False
2026-01-25,2954903.0,3.65,,,,,,6584580.0,869261.0,3498.0,3.75,3.5,,,,,,,,,,,,,,4411.0,0.529245937502784,0.06461712706926287,False,False,False,6,2954.903,2.954903,False
2026-01-26,2954903.0,3.65,3.66,3.77,12.00000000000001,0.001,1.489,6584580.0,869261.0,3498.0,3.75,3.5,3.6,3.65,3.74,3143.0,3.64,3.6,3.68,83.0,3.63,1.000000000000023,10.999999999999988,16.999999999999993,-0.9999999999999787,4411.0,0.529245937502784,0.06461712706926287,False,False,False,0,2954.903,2.954903,True
2026-01-27,2954903.0,3.65,3.66,3.76,10.999999999999988,0.001,1.253,6584580.0,869261.0,3498.0,3.75,3.5,3.61,3.64,3.73,3145.0,3.64,3.6,3.68,88.0,3.63,1.000000000000023,9.999999999999964,14.999999999999991,-0.9999999999999787,4411.0,0.529245937502784,0.06461712706926287,False,False,False,1,2954.903,2.954903,True
2026-01-28,2901600.0,3.65,3.64,3.74,9.00000000000003,0.002,1.103,6587568.0,923042.0,4516.0,3.75,3.5,3.61,3.62,3.71,3146.0,3.64,3.6,3.68,89.0,3.64,-0.9999999999999787,10.000000000000009,13.000000000000034,-0.9999999999999787,4411.0,0.529245937502784,0.06461712706926287,False,False,False,2,2901.6,2.9016,True
2026-01-29,2901600.0,3.65,3.65,3.74,9.00000000000003,0.0,2.852,6587568.0,923042.0,4516.0,3.75,3.5,3.61,3.63,3.72,3166.0,3.64,3.6,3.68,104.0,3.63,0.0,9.00000000000003,13.000000000000034,-0.9999999999999787,4411.0,0.529245937502784,0.06461712706926287,False,False,False,3,2901.6,2.9016,True
2026-01-30,2901600.0,3.65,3.68,3.78,12.99999999999999,0.0,9.629,6587568.0,923042.0,4516.0,3.75,3.5,3.64,3.66,3.76,3275.0,3.64,3.6,3.68,101.0,3.63,3.000000000000025,9.999999999999964,13.999999999999968,-0.9999999999999787,4411.0,0.529245937502784,0.06461712706926287,False,False,False,4,2901.6,2.9016,True
2026-01-31,2901600.0,3.65,,,,,,6587568.0,923042.0,4516.0,3.75,3.5,,,,,,,,,,,,,,4411.0,0.529245937502784,0.06461712706926287,True,False,False,5,2901.6,2.9016,False
2026-02-01,2901600.0,3.65,,,,,,6587568.0,923042.0,4516.0,3.75,3.5,,,,,,,,,,,,,,4411.0,0.529245937502784,0.06461712706926287,False,False,False,6,2901.6,2.9016,False
2026-02-02,2901600.0,3.65,3.69,3.78,12.99999999999999,0.025,10.415,6587568.0,923042.0,4516.0,3.75,3.5,3.63,3.66,3.76,3307.0,3.64,3.6,3.68,93.0,3.64,4.0000000000000036,8.999999999999986,14.999999999999991,-0.9999999999999787,4411.0,0.529245937502784,0.06461712706926287,False,False,False,0,2901.6,2.9016,True
2026-02-03,2901600.0,3.65,3.69,3.78,12.99999999999999,0.002,1.785,6587568.0,923042.0,4516.0,3.75,3.5,3.64,3.66,3.75,3268.0,3.64,3.6,3.68,107.0,3.64,4.0000000000000036,8.999999999999986,13.999999999999968,-0.9999999999999787,4411.0,0.529245937502784,0.06461712706926287,False,False,False,1,2901.6,2.9016,True
2026-02-04,2925170.0,3.65,3.65,3.74,9.00000000000003,0.001,2.414,6605909.0,908773.0,4515.0,3.75,3.5,3.6,3.63,3.71,3310.0,3.64,3.6,3.66,109.0,3.63,0.0,9.00000000000003,14.000000000000012,-0.9999999999999787,4411.0,0.529245937502784,0.06461712706926287,False,False,False,2,2925.17,2.92517,True
2026-02-05,2925170.0,3.65,3.65,3.74,9.00000000000003,0.002,1.748,6605909.0,908773.0,4515.0,3.75,3.5,3.6,3.63,3.71,3228.0,3.64,3.6,3.66,110.0,3.63,0.0,9.00000000000003,14.000000000000012,-0.9999999999999787,4411.0,0.529245937502784,0.06461712706926287,False,False,False,3,2925.17,2.92517,True
2026-02-06,2925170.0,3.65,3.64,3.72,7.000000000000028,0.001,3.111,6605909.0,908773.0,4515.0,3.75,3.5,3.6,3.62,3.7,3195.0,3.64,3.6,3.68,106.0,3.63,-0.9999999999999787,8.000000000000007,12.00000000000001,-0.9999999999999787,4411.0,0.529245937502784,0.06461712706926287,False,False,False,4,2925.17,2.92517,True
2026-02-07,2925170.0,3.65,,,,,,6605909.0,908773.0,4515.0,3.75,3.5,,,,,,,,,,,,,,4411.0,0.529245937502784,0.06461712706926287,False,False,False,5,2925.17,2.92517,False
2026-02-08,2925170.0,3.65,,,,,,6605909.0,908773.0,4515.0,3.75,3.5,,,,,,,,,,,,,,4411.0,0.529245937502784,0.06461712706926287,False,False,False,6,2925.17,2.92517,False
2026-02-09,2925170.0,3.65,3.63,3.72,7.000000000000028,0.011,1.306,6605909.0,908773.0,4515.0,3.75,3.5,3.6,3.61,3.69,3132.0,3.64,3.6,3.68,92.0,3.63,-2.0000000000000018,9.00000000000003,12.00000000000001,-0.9999999999999787,4411.0,0.529245937502784,0.06461712706926287,False,False,False,0,2925.17,2.92517,True
2026-02-10,2925170.0,3.65,3.65,3.73,8.000000000000007,0.1,1.447,6605909.0,908773.0,4515.0,3.75,3.5,3.6,3.63,3.71,3194.0,3.64,3.6,3.66,104.0,3.63,0.0,8.000000000000007,12.99999999999999,-0.9999999999999787,4411.0,0.529245937502784,0.06461712706926287,False,False,False,1,2925.17,2.92517,True
2026-02-11,2939557.0,3.65,3.65,3.73,8.000000000000007,0.004,1.048,6622382.0,915306.0,4418.0,3.75,3.5,3.61,3.62,3.71,3167.0,3.64,3.6,3.68,101.0,3.63,0.0,8.000000000000007,12.00000000000001,-0.9999999999999787,4411.0,0.529245937502784,0.06461712706926287,False,False,False,2,2939.557,2.939557,True
2026-02-12,2939557.0,3.65,3.65,3.75,10.000000000000009,0.0,2.844,6622382.0,915306.0,4418.0,3.75,3.5,3.61,3.63,3.72,3205.0,3.64,3.6,3.68,97.0,3.63,0.0,10.000000000000009,14.000000000000012,-0.9999999999999787,4411.0,0.529245937502784,0.06461712706926287,False,False,False,3,2939.557,2.939557,True
2026-02-13,2939557.0,3.65,3.66,3.75,10.000000000000009,0.0,0.377,6622382.0,915306.0,4418.0,3.75,3.5,3.61,3.64,3.72,3169.0,3.64,3.6,3.68,90.0,3.63,1.000000000000023,8.999999999999986,14.000000000000012,-0.9999999999999787,4411.0,0.529245937502784,0.06461712706926287,False,False,False,4,2939.557,2.939557,True
2026-02-14,2939557.0,3.65,,,,,,6622382.0,915306.0,4418.0,3.75,3.5,,,,,,,,,,,,,,4411.0,0.529245937502784,0.06461712706926287,False,False,False,5,2939.557,2.939557,False
2026-02-15,2939557.0,3.65,,,,,,6622382.0,915306.0,4418.0,3.75,3.5,,,,,,,,,,,,,,4411.0,0.529245937502784,0.06461712706926287,False,False,False,6,2939.557,2.939557,False
2026-02-16,2939557.0,3.65,,,,,,6622382.0,915306.0,4418.0,3.75,3.5,,,,,,,,,,,,,,4411.0,0.529245937502784,0.06461712706926287,False,False,False,0,2939.557,2.939557,False
2026-02-17,2939557.0,3.65,3.71,3.89,24.00000000000002,18.5,0.441,6622382.0,915306.0,4418.0,3.75,3.5,3.65,3.68,3.78,3254.0,3.64,3.6,3.68,97.0,3.64,6.000000000000005,18.000000000000014,24.00000000000002,-0.9999999999999787,4411.0,0.529245937502784,0.06461712706926287,False,False,False,1,2939.557,2.939557,True
2026-02-18,2949804.0,3.65,3.73,3.85,20.000000000000018,0.002,0.856,6613395.0,912727.0,4775.0,3.75,3.5,3.66,3.72,3.81,3258.0,3.64,3.6,3.68,104.0,3.64,8.000000000000007,12.00000000000001,18.999999999999993,-0.9999999999999787,4411.0,0.529245937502784,0.06461712706926287,False,False,False,2,2949.804,2.949804,True
2026-02-19,2949804.0,3.65,3.67,3.76,10.999999999999988,0.024,0.632,6613395.0,912727.0,4775.0,3.75,3.5,3.6,3.64,3.73,3238.0,3.64,3.6,3.68,100.0,3.64,2.0000000000000018,8.999999999999986,15.99999999999997,-0.9999999999999787,4411.0,0.529245937502784,0.06461712706926287,False,False,False,3,2949.804,2.949804,True
2026-02-20,2949804.0,3.65,3.66,3.75,10.000000000000009,0.0,0.496,6613395.0,912727.0,4775.0,3.75,3.5,3.61,3.64,3.73,3224.0,3.64,3.6,3.66,101.0,3.63,1.000000000000023,8.999999999999986,14.000000000000012,-0.9999999999999787,4411.0,0.529245937502784,0.06461712706926287,False,False,False,4,2949.804,2.949804,True
2026-02-21,2949804.0,3.65,,,,,,6613395.0,912727.0,4775.0,3.75,3.5,,,,,,,,,,,,,,4411.0,0.529245937502784,0.06461712706926287,False,False,False,5,2949.804,2.949804,False
2026-02-22,2949804.0,3.65,,,,,,6613395.0,912727.0,4775.0,3.75,3.5,,,,,,,,,,,,,,4411.0,0.529245937502784,0.06461712706926287,False,False,False,6,2949.804,2.949804,False
2026-02-23,2949804.0,3.65,3.66,3.75,10.000000000000009,0.001,0.877,6613395.0,912727.0,4775.0,3.75,3.5,3.61,3.64,3.73,3197.0,3.64,3.6,3.68,97.0,3.63,1.000000000000023,8.999999999999986,14.000000000000012,-0.9999999999999787,4411.0,0.529245937502784,0.06461712706926287,False,False,False,0,2949.804,2.949804,True
2026-02-24,2949804.0,3.65,3.67,3.76,10.999999999999988,0.0,0.917,6613395.0,912727.0,4775.0,3.75,3.5,3.62,3.65,3.73,3239.0,3.64,3.6,3.68,106.0,3.63,2.0000000000000018,8.999999999999986,13.999999999999968,-0.9999999999999787,4411.0,0.529245937502784,0.06461712706926287,False,False,False,1,2949.804,2.949804,True
2026-02-25,2965765.0,3.65,3.67,3.76,10.999999999999988,0.002,1.159,6613797.0,887612.0,4483.0,3.75,3.5,3.63,3.65,3.73,3232.0,3.64,3.6,3.68,108.0,3.64,2.0000000000000018,8.999999999999986,12.99999999999999,-0.9999999999999787,4411.0,0.529245937502784,0.06461712706926287,False,False,False,2,2965.765,2.965765,True
2026-02-26,2965765.0,3.65,3.67,3.76,10.999999999999988,0.0,3.796,6613797.0,887612.0,4483.0,3.75,3.5,3.63,3.65,3.73,3262.0,3.64,3.6,3.68,108.0,3.63,2.0000000000000018,8.999999999999986,12.99999999999999,-0.9999999999999787,4411.0,0.529245937502784,0.06461712706926287,False,False,False,3,2965.765,2.965765,True
2026-02-27,2965765.0,3.65,3.68,3.78,12.99999999999999,0.0,16.318,6613797.0,887612.0,4483.0,3.75,3.5,3.62,3.66,3.75,3252.0,3.64,3.6,3.65,107.0,3.63,3.000000000000025,9.999999999999964,15.99999999999997,-0.9999999999999787,4411.0,0.529245937502784,0.06461712706926287,False,False,False,4,2965.765,2.965765,True
2026-02-28,2965765.0,3.65,,,,,,6613797.0,887612.0,4483.0,3.75,3.5,,,,,,,,,,,,,,4411.0,0.529245937502784,0.06461712706926287,True,False,False,5,2965.765,2.965765,False
2026-03-01,2965765.0,3.65,,,,,,6613797.0,887612.0,4483.0,3.75,3.5,,,,,,,,,,,,,,4411.0,0.529245937502784,0.06461712706926287,False,False,False,6,2965.765,2.965765,False
2026-03-02,2965765.0,3.65,3.71,3.82,16.999999999999993,3.0,0.627,6613797.0,887612.0,4483.0,3.75,3.5,3.67,3.69,3.78,3404.0,3.64,3.6,3.68,97.0,3.64,6.000000000000005,10.999999999999988,14.999999999999991,-0.9999999999999787,4411.0,0.529245937502784,0.06461712706926287,False,False,False,0,2965.765,2.965765,True
2026-03-03,2965765.0,3.65,3.7,3.78,12.99999999999999,0.002,1.203,6613797.0,887612.0,4483.0,3.75,3.5,3.65,3.67,3.76,3310.0,3.64,3.6,3.68,101.0,3.64,5.000000000000027,7.999999999999963,12.99999999999999,-0.9999999999999787,4411.0,0.529245937502784,0.06461712706926287,False,False,False,1,2965.765,2.965765,True
2026-03-04,3015531.0,3.65,3.67,3.76,10.999999999999988,0.003,0.877,6628894.0,832053.0,4713.0,3.75,3.5,3.64,3.65,3.74,3292.0,3.64,3.6,3.66,106.0,3.63,2.0000000000000018,8.999999999999986,11.999999999999966,-0.9999999999999787,4411.0,0.529245937502784,0.06461712706926287,False,False,False,2,3015.531,3.015531,True
2026-03-05,3015531.0,3.65,3.66,3.74,9.00000000000003,0.001,2.793,6628894.0,832053.0,4713.0,3.75,3.5,3.6,3.63,3.72,3294.0,3.64,3.6,3.68,106.0,3.63,1.000000000000023,8.000000000000007,14.000000000000012,-0.9999999999999787,4411.0,0.529245937502784,0.06461712706926287,False,False,False,3,3015.531,3.015531,True
2026-03-06,3015531.0,3.65,3.65,3.73,8.000000000000007,0.001,1.512,6628894.0,832053.0,4713.0,3.75,3.5,3.6,3.62,3.71,3198.0,3.64,3.6,3.66,102.0,3.63,0.0,8.000000000000007,12.99999999999999,-0.9999999999999787,4411.0,0.529245937502784,0.06461712706926287,False,False,False,4,3015.531,3.015531,True
2026-03-07,3015531.0,3.65,,,,,,6628894.0,832053.0,4713.0,3.75,3.5,,,,,,,,,,,,,,4411.0,0.529245937502784,0.06461712706926287,False,False,False,5,3015.531,3.015531,False
2026-03-08,3015531.0,3.65,,,,,,6628894.0,832053.0,4713.0,3.75,3.5,,,,,,,,,,,,,,4411.0,0.529245937502784,0.06461712706926287,False,False,False,6,3015.531,3.015531,False
2026-03-09,3015531.0,3.65,3.65,3.74,9.00000000000003,0.0,0.332,6628894.0,832053.0,4713.0,3.75,3.5,3.61,3.63,3.71,3173.0,3.64,3.6,3.66,99.0,3.63,0.0,9.00000000000003,13.000000000000034,-0.9999999999999787,4411.0,0.529245937502784,0.06461712706926287,False,False,False,0,3015.531,3.015531,True
2026-03-10,3015531.0,3.65,3.64,3.72,7.000000000000028,0.102,0.278,6628894.0,832053.0,4713.0,3.75,3.5,3.6,3.62,3.7,3200.0,3.64,3.6,3.68,104.0,3.64,-0.9999999999999787,8.000000000000007,12.00000000000001,-0.9999999999999787,4411.0,0.529245937502784,0.06461712706926287,False,False,False,1,3015.531,3.015531,True
2026-03-11,3037665.0,3.65,3.64,3.73,8.000000000000007,0.001,0.552,6646344.0,838186.0,4664.0,3.75,3.5,3.6,3.62,3.7,3175.0,3.64,3.6,3.66,97.0,3.64,-0.9999999999999787,8.999999999999986,12.99999999999999,-0.9999999999999787,4411.0,0.529245937502784,0.06461712706926287,False,False,False,2,3037.665,3.037665,True
2026-03-12,3037665.0,3.65,3.65,3.74,9.00000000000003,0.003,0.137,6646344.0,838186.0,4664.0,3.75,3.5,3.6,3.63,3.71,3112.0,3.64,3.6,3.66,99.0,3.64,0.0,9.00000000000003,14.000000000000012,-0.9999999999999787,4411.0,0.529245937502784,0.06461712706926287,False,False,False,3,3037.665,3.037665,True
2026-03-13,3037665.0,3.65,3.65,3.74,9.00000000000003,0.0,0.427,6646344.0,838186.0,4664.0,3.75,3.5,3.6,3.63,3.71,3164.0,3.64,3.6,3.66,92.0,3.64,0.0,9.00000000000003,14.000000000000012,-0.9999999999999787,4411.0,0.529245937502784,0.06461712706926287,False,False,False,4,3037.665,3.037665,True
2026-03-14,3037665.0,3.65,,,,,,6646344.0,838186.0,4664.0,3.75,3.5,,,,,,,,,,,,,,4411.0,0.529245937502784,0.06461712706926287,False,False,False,5,3037.665,3.037665,False
2026-03-15,3037665.0,3.65,,,,,,6646344.0,838186.0,4664.0,3.75,3.5,,,,,,,,,,,,,,4411.0,0.529245937502784,0.06461712706926287,False,False,False,6,3037.665,3.037665,False
2026-03-16,3037665.0,3.65,3.7,3.79,14.000000000000012,0.0,0.582,6646344.0,838186.0,4664.0,3.75,3.5,3.63,3.67,3.76,3178.0,3.64,3.6,3.68,88.0,3.64,5.000000000000027,8.999999999999986,16.000000000000014,-0.9999999999999787,4411.0,0.529245937502784,0.06461712706926287,False,False,False,0,3037.665,3.037665,True
2026-03-17,3037665.0,3.65,3.65,3.73,8.000000000000007,0.0,0.797,6646344.0,838186.0,4664.0,3.75,3.5,3.6,3.62,3.71,3146.0,3.64,3.6,3.68,93.0,3.64,0.0,8.000000000000007,12.99999999999999,-0.9999999999999787,4411.0,0.529245937502784,0.06461712706926287,False,False,False,1,3037.665,3.037665,True
2026-03-18,3019995.0,3.65,3.62,3.71,6.000000000000005,0.005,0.698,6655939.0,853052.0,4884.0,3.75,3.5,3.58,3.6,3.69,3092.0,3.64,3.6,3.69,93.0,3.64,-2.9999999999999805,8.999999999999986,12.99999999999999,-0.9999999999999787,4411.0,0.529245937502784,0.06461712706926287,False,False,False,2,3019.995,3.019995,True
2026-03-19,3019995.0,3.65,3.62,3.71,6.000000000000005,0.01,0.637,6655939.0,853052.0,4884.0,3.75,3.5,3.59,3.6,3.68,3121.0,3.64,3.6,3.68,103.0,3.64,-2.9999999999999805,8.999999999999986,12.00000000000001,-0.9999999999999787,4411.0,0.529245937502784,0.06461712706926287,False,False,False,3,3019.995,3.019995,True
2026-03-20,3019995.0,3.65,3.62,3.7,5.000000000000027,0.0,0.822,6655939.0,853052.0,4884.0,3.75,3.5,3.59,3.6,3.68,3102.0,3.64,3.6,3.68,103.0,3.64,-2.9999999999999805,8.000000000000007,11.000000000000032,-0.9999999999999787,4411.0,0.529245937502784,0.06461712706926287,False,False,False,4,3019.995,3.019995,True
2026-03-21,3019995.0,3.65,,,,,,6655939.0,853052.0,4884.0,3.75,3.5,,,,,,,,,,,,,,4411.0,0.529245937502784,0.06461712706926287,False,False,False,5,3019.995,3.019995,False
2026-03-22,3019995.0,3.65,,,,,,6655939.0,853052.0,4884.0,3.75,3.5,,,,,,,,,,,,,,4411.0,0.529245937502784,0.06461712706926287,False,False,False,6,3019.995,3.019995,False
2026-03-23,3019995.0,3.65,3.62,3.71,6.000000000000005,0.01,0.857,6655939.0,853052.0,4884.0,3.75,3.5,3.59,3.6,3.68,3013.0,3.64,3.6,3.68,97.0,3.64,-2.9999999999999805,8.999999999999986,12.00000000000001,-0.9999999999999787,4411.0,0.529245937502784,0.06461712706926287,False,False,False,0,3019.995,3.019995,True
2026-03-24,3019995.0,3.65,3.63,3.72,7.000000000000028,0.002,1.123,6655939.0,853052.0,4884.0,3.75,3.5,3.59,3.6,3.69,3014.0,3.64,3.6,3.68,96.0,3.64,-2.0000000000000018,9.00000000000003,13.000000000000034,-0.9999999999999787,4411.0,0.529245937502784,0.06461712706926287,False,False,False,1,3019.995,3.019995,True
2026-03-25,2993955.0,3.65,3.64,3.74,9.00000000000003,0.001,0.777,6657161.0,874077.0,5216.0,3.75,3.5,3.6,3.63,3.71,3063.0,3.64,3.6,3.68,93.0,3.64,-0.9999999999999787,10.000000000000009,14.000000000000012,-0.9999999999999787,4411.0,0.529245937502784,0.06461712706926287,False,False,False,2,2993.955,2.993955,True
2026-03-26,2993955.0,3.65,3.65,3.75,10.000000000000009,0.0,0.885,6657161.0,874077.0,5216.0,3.75,3.5,3.61,3.63,3.72,3113.0,3.64,3.6,3.65,101.0,3.64,0.0,10.000000000000009,14.000000000000012,-0.9999999999999787,4411.0,0.529245937502784,0.06461712706926287,False,False,False,3,2993.955,2.993955,True
2026-03-27,2993955.0,3.65,3.63,3.73,8.000000000000007,0.0,0.992,6657161.0,874077.0,5216.0,3.75,3.5,3.6,3.62,3.69,3037.0,3.64,3.6,3.66,105.0,3.64,-2.0000000000000018,10.000000000000009,12.99999999999999,-0.9999999999999787,4411.0,0.529245937502784,0.06461712706926287,False,False,False,4,2993.955,2.993955,True
2026-03-28,2993955.0,3.65,,,,,,6657161.0,874077.0,5216.0,3.75,3.5,,,,,,,,,,,,,,4411.0,0.529245937502784,0.06461712706926287,False,False,False,5,2993.955,2.993955,False
2026-03-29,2993955.0,3.65,,,,,,6657161.0,874077.0,5216.0,3.75,3.5,,,,,,,,,,,,,,4411.0,0.529245937502784,0.06461712706926287,False,False,False,6,2993.955,2.993955,False
2026-03-30,2993955.0,3.65,3.63,3.73,8.000000000000007,0.0,0.752,6657161.0,874077.0,5216.0,3.75,3.5,3.6,3.62,3.69,3082.0,3.64,3.6,3.66,105.0,3.64,-2.0000000000000018,10.000000000000009,12.99999999999999,-0.9999999999999787,4411.0,0.529245937502784,0.06461712706926287,False,False,False,0,2993.955,2.993955,True
2026-03-31,2993955.0,3.65,3.68,3.78,12.99999999999999,0.001,15.782,6657161.0,874077.0,5216.0,3.75,3.5,3.62,3.66,3.75,3280.0,3.64,3.6,3.69,86.0,3.64,3.000000000000025,9.999999999999964,15.99999999999997,-0.9999999999999787,4352.0,0.536453685067027,0.06941278628025616,True,True,False,1,2993.955,2.993955,True
2026-04-01,3026708.0,3.65,3.65,3.75,10.000000000000009,0.75,2.107,6675344.0,847718.0,6012.0,3.75,3.5,3.61,3.62,3.71,3265.0,3.64,3.6,3.68,110.0,3.64,0.0,10.000000000000009,14.000000000000012,-0.9999999999999787,4352.0,0.536453685067027,0.06941278628025616,False,False,False,2,3026.708,3.026708,True
2026-04-02,3026708.0,3.65,3.66,3.75,10.000000000000009,0.0,0.327,6675344.0,847718.0,6012.0,3.75,3.5,3.62,3.63,3.73,3251.0,3.64,3.6,3.68,105.0,3.64,1.000000000000023,8.999999999999986,12.99999999999999,-0.9999999999999787,4352.0,0.536453685067027,0.06941278628025616,False,False,False,3,3026.708,3.026708,True
2026-04-03,3026708.0,3.65,,,,,,6675344.0,847718.0,6012.0,3.75,3.5,,,,,3.64,3.6,3.66,106.0,3.64,,,,-0.9999999999999787,4352.0,0.536453685067027,0.06941278628025616,False,False,False,4,3026.708,3.026708,False
2026-04-04,3026708.0,3.65,,,,,,6675344.0,847718.0,6012.0,3.75,3.5,,,,,,,,,,,,,,4352.0,0.536453685067027,0.06941278628025616,False,False,False,5,3026.708,3.026708,False
2026-04-05,3026708.0,3.65,,,,,,6675344.0,847718.0,6012.0,3.75,3.5,,,,,,,,,,,,,,4352.0,0.536453685067027,0.06941278628025616,False,False,False,6,3026.708,3.026708,False
2026-04-06,3026708.0,3.65,3.65,3.74,9.00000000000003,0.0,0.227,6675344.0,847718.0,6012.0,3.75,3.5,3.6,3.63,3.71,3217.0,3.64,3.6,3.66,103.0,3.64,0.0,9.00000000000003,14.000000000000012,-0.9999999999999787,4352.0,0.536453685067027,0.06941278628025616,False,False,False,0,3026.708,3.026708,True
2026-04-07,3026708.0,3.65,3.62,3.71,6.000000000000005,0.0,15.345,6675344.0,847718.0,6012.0,3.75,3.5,3.55,3.61,3.68,3260.0,3.64,3.6,3.66,106.0,3.63,-2.9999999999999805,8.999999999999986,16.000000000000014,-0.9999999999999787,4352.0,0.536453685067027,0.06941278628025616,False,False,False,1,3026.708,3.026708,True
2026-04-08,3116247.0,3.65,3.59,3.69,4.0000000000000036,0.101,0.177,6693871.0,748376.0,5873.0,3.75,3.5,3.55,3.58,3.66,3169.0,3.64,3.6,3.66,106.0,3.63,-6.000000000000005,10.000000000000009,14.000000000000012,-0.9999999999999787,4352.0,0.536453685067027,0.06941278628025616,False,False,False,2,3116.247,3.116247,True
2026-04-09,3116247.0,3.65,3.57,3.7,5.000000000000027,0.0,0.402,6693871.0,748376.0,5873.0,3.75,3.5,3.53,3.54,3.63,3147.0,3.64,3.6,3.65,105.0,3.63,-8.000000000000007,13.000000000000034,17.000000000000036,-0.9999999999999787,4352.0,0.536453685067027,0.06941278628025616,False,False,False,3,3116.247,3.116247,True
2026-04-10,3116247.0,3.65,3.61,3.72,7.000000000000028,0.0,0.507,6693871.0,748376.0,5873.0,3.75,3.5,3.57,3.59,3.68,3063.0,3.64,3.6,3.66,106.0,3.63,-4.0000000000000036,11.000000000000032,15.000000000000036,-0.9999999999999787,4352.0,0.536453685067027,0.06941278628025616,False,False,False,4,3116.247,3.116247,True
2026-04-11,3116247.0,3.65,,,,,,6693871.0,748376.0,5873.0,3.75,3.5,,,,,,,,,,,,,,4352.0,0.536453685067027,0.06941278628025616,False,False,False,5,3116.247,3.116247,False
2026-04-12,3116247.0,3.65,,,,,,6693871.0,748376.0,5873.0,3.75,3.5,,,,,,,,,,,,,,4352.0,0.536453685067027,0.06941278628025616,False,False,False,6,3116.247,3.116247,False
2026-04-13,3116247.0,3.65,3.63,3.72,7.000000000000028,0.0,0.227,6693871.0,748376.0,5873.0,3.75,3.5,3.6,3.61,3.69,3135.0,3.64,3.6,3.68,97.0,3.63,-2.0000000000000018,9.00000000000003,12.00000000000001,-0.9999999999999787,4352.0,0.536453685067027,0.06941278628025616,False,False,False,0,3116.247,3.116247,True
2026-04-14,3116247.0,3.65,3.66,3.75,10.000000000000009,0.002,0.306,6693871.0,748376.0,5873.0,3.75,3.5,3.6,3.64,3.71,3116.0,3.64,3.6,3.68,94.0,3.63,1.000000000000023,8.999999999999986,14.999999999999991,-0.9999999999999787,4352.0,0.536453685067027,0.06941278628025616,False,False,False,1,3116.247,3.116247,True
2026-04-15,3129588.0,3.65,3.72,3.82,16.999999999999993,3.462,0.223,6705696.0,751354.0,5306.0,3.75,3.5,3.65,3.7,3.78,3117.0,3.64,3.6,3.68,83.0,3.64,7.000000000000028,9.999999999999964,16.999999999999993,-0.9999999999999787,4352.0,0.536453685067027,0.06941278628025616,False,False,False,2,3129.588,3.129588,True
2026-04-16,3129588.0,3.65,3.67,3.75,10.000000000000009,0.001,0.158,6705696.0,751354.0,5306.0,3.75,3.5,3.63,3.64,3.73,3107.0,3.64,3.6,3.68,85.0,3.64,2.0000000000000018,8.000000000000007,12.00000000000001,-0.9999999999999787,4352.0,0.536453685067027,0.06941278628025616,False,False,False,3,3129.588,3.129588,True
2026-04-17,3129588.0,3.65,3.65,3.73,8.000000000000007,0.0,0.137,6705696.0,751354.0,5306.0,3.75,3.5,3.6,3.62,3.71,3042.0,3.64,3.6,3.7,85.0,3.64,0.0,8.000000000000007,12.99999999999999,-0.9999999999999787,4352.0,0.536453685067027,0.06941278628025616,False,False,False,4,3129.588,3.129588,True
2026-04-18,3129588.0,3.65,,,,,,6705696.0,751354.0,5306.0,3.75,3.5,,,,,,,,,,,,,,4352.0,0.536453685067027,0.06941278628025616,False,False,False,5,3129.588,3.129588,False
2026-04-19,3129588.0,3.65,,,,,,6705696.0,751354.0,5306.0,3.75,3.5,,,,,,,,,,,,,,4352.0,0.536453685067027,0.06941278628025616,False,False,False,6,3129.588,3.129588,False
2026-04-20,3129588.0,3.65,3.63,3.71,6.000000000000005,0.0,0.503,6705696.0,751354.0,5306.0,3.75,3.5,3.59,3.6,3.69,3010.0,3.64,3.6,3.7,69.0,3.63,-2.0000000000000018,8.000000000000007,12.00000000000001,-0.9999999999999787,4352.0,0.536453685067027,0.06941278628025616,False,False,False,0,3129.588,3.129588,True
2026-04-21,3129588.0,3.65,3.63,3.72,7.000000000000028,0.002,0.807,6705696.0,751354.0,5306.0,3.75,3.5,3.59,3.61,3.69,3021.0,3.64,3.6,3.7,85.0,3.64,-2.0000000000000018,9.00000000000003,13.000000000000034,-0.9999999999999787,4352.0,0.536453685067027,0.06941278628025616,False,False,False,1,3129.588,3.129588,True
2026-04-22,2901825.0,3.65,3.64,3.73,8.000000000000007,0.001,0.538,6707419.0,1005968.0,6032.0,3.75,3.5,3.59,3.62,3.7,2960.0,3.64,3.6,3.7,89.0,3.64,-0.9999999999999787,8.999999999999986,14.000000000000012,-0.9999999999999787,4352.0,0.536453685067027,0.06941278628025616,False,False,False,2,2901.825,2.901825,True
2026-04-23,2901825.0,3.65,3.65,3.74,9.00000000000003,0.0,0.114,6707419.0,1005968.0,6032.0,3.75,3.5,3.59,3.63,3.7,3011.0,3.64,3.6,3.7,93.0,3.64,0.0,9.00000000000003,15.000000000000036,-0.9999999999999787,4352.0,0.536453685067027,0.06941278628025616,False,False,False,3,2901.825,2.901825,True
2026-04-24,2901825.0,3.65,3.66,3.76,10.999999999999988,0.0,0.082,6707419.0,1005968.0,6032.0,3.75,3.5,3.6,3.65,3.73,3047.0,3.64,3.6,3.69,97.0,3.64,1.000000000000023,9.999999999999964,15.99999999999997,-0.9999999999999787,4352.0,0.536453685067027,0.06941278628025616,False,False,False,4,2901.825,2.901825,True
2026-04-25,2901825.0,3.65,,,,,,6707419.0,1005968.0,6032.0,3.75,3.5,,,,,,,,,,,,,,4352.0,0.536453685067027,0.06941278628025616,False,False,False,5,2901.825,2.901825,False
2026-04-26,2901825.0,3.65,,,,,,6707419.0,1005968.0,6032.0,3.75,3.5,,,,,,,,,,,,,,4352.0,0.536453685067027,0.06941278628025616,False,False,False,6,2901.825,2.901825,False
2026-04-27,2901825.0,3.65,3.66,3.76,10.999999999999988,0.001,0.363,6707419.0,1005968.0,6032.0,3.75,3.5,3.6,3.65,3.72,3058.0,3.64,3.6,3.7,85.0,3.64,1.000000000000023,9.999999999999964,15.99999999999997,-0.9999999999999787,4352.0,0.536453685067027,0.06941278628025616,False,False,False,0,2901.825,2.901825,True
2026-04-28,2901825.0,3.65,3.64,3.73,8.000000000000007,0.002,0.643,6707419.0,1005968.0,6032.0,3.75,3.5,3.6,3.62,3.69,3021.0,3.64,3.6,3.7,82.0,3.64,-0.9999999999999787,8.999999999999986,12.99999999999999,-0.9999999999999787,4352.0,0.536453685067027,0.06941278628025616,False,False,False,1,2901.825,2.901825,True
2026-04-29,2918599.0,3.65,3.63,3.72,7.000000000000028,0.001,0.747,6699950.0,981929.0,6105.0,3.75,3.5,3.59,3.61,3.69,2964.0,3.64,3.6,3.7,87.0,3.64,-2.0000000000000018,9.00000000000003,13.000000000000034,-0.9999999999999787,4352.0,0.536453685067027,0.06941278628025616,False,False,False,2,2918.599,2.918599,True
2026-04-30,2918599.0,3.65,3.66,3.75,10.000000000000009,0.0,8.261,6699950.0,981929.0,6105.0,3.75,3.5,3.59,3.64,3.72,3275.0,3.64,3.6,3.7,90.0,3.64,1.000000000000023,8.999999999999986,16.000000000000014,-0.9999999999999787,4352.0,0.536453685067027,0.06941278628025616,True,False,False,3,2918.599,2.918599,True
2026-05-01,2918599.0,3.65,3.64,3.73,8.000000000000007,0.001,0.607,6699950.0,981929.0,6105.0,3.75,3.5,3.61,3.63,3.69,3150.0,3.64,3.6,3.7,115.0,3.63,-0.9999999999999787,8.999999999999986,12.00000000000001,-0.9999999999999787,4352.0,0.536453685067027,0.06941278628025616,False,False,False,4,2918.599,2.918599,True
2026-05-02,2918599.0,3.65,,,,,,6699950.0,981929.0,6105.0,3.75,3.5,,,,,,,,,,,,,,4352.0,0.536453685067027,0.06941278628025616,False,False,False,5,2918.599,2.918599,False
2026-05-03,2918599.0,3.65,,,,,,6699950.0,981929.0,6105.0,3.75,3.5,,,,,,,,,,,,,,4352.0,0.536453685067027,0.06941278628025616,False,False,False,6,2918.599,2.918599,False
2026-05-04,2918599.0,3.65,3.63,3.71,6.000000000000005,0.01,0.618,6699950.0,981929.0,6105.0,3.75,3.5,3.59,3.61,3.67,3113.0,3.64,3.6,3.7,111.0,3.63,-2.0000000000000018,8.000000000000007,12.00000000000001,-0.9999999999999787,4352.0,0.536453685067027,0.06941278628025616,False,False,False,0,2918.599,2.918599,True
2026-05-05,2918599.0,3.65,3.62,3.71,6.000000000000005,0.001,1.122,6699950.0,981929.0,6105.0,3.75,3.5,3.58,3.6,3.66,3148.0,3.64,3.6,3.7,113.0,3.63,-2.9999999999999805,8.999999999999986,12.99999999999999,-0.9999999999999787,4352.0,0.536453685067027,0.06941278628025616,False,False,False,1,2918.599,2.918599,True
2026-05-06,3032588.0,3.65,3.61,3.71,6.000000000000005,0.0,1.633,6709505.0,877761.0,5735.0,3.75,3.5,3.57,3.6,3.66,3129.0,3.64,3.6,3.69,118.0,3.63,-4.0000000000000036,10.000000000000009,14.000000000000012,-0.9999999999999787,4352.0,0.536453685067027,0.06941278628025616,False,False,False,2,3032.588,3.032588,True
2026-05-07,3032588.0,3.65,3.6,3.69,4.0000000000000036,0.001,0.773,6709505.0,877761.0,5735.0,3.75,3.5,3.57,3.58,3.65,3106.0,3.63,3.6,3.69,119.0,3.63,-4.999999999999982,8.999999999999986,12.00000000000001,-2.0000000000000018,4352.0,0.536453685067027,0.06941278628025616,False,False,False,3,3032.588,3.032588,True
2026-05-08,3032588.0,3.65,3.6,3.68,3.000000000000025,0.0,0.787,6709505.0,877761.0,5735.0,3.75,3.5,3.56,3.58,3.65,3087.0,3.63,3.6,3.7,123.0,3.63,-4.999999999999982,8.000000000000007,12.00000000000001,-2.0000000000000018,4352.0,0.536453685067027,0.06941278628025616,False,False,False,4,3032.588,3.032588,True
2026-05-09,3032588.0,3.65,,,,,,6709505.0,877761.0,5735.0,3.75,3.5,,,,,,,,,,,,,,4352.0,0.536453685067027,0.06941278628025616,False,False,False,5,3032.588,3.032588,False
2026-05-10,3032588.0,3.65,,,,,,6709505.0,877761.0,5735.0,3.75,3.5,,,,,,,,,,,,,,4352.0,0.536453685067027,0.06941278628025616,False,False,False,6,3032.588,3.032588,False
2026-05-11,3032588.0,3.65,3.6,3.68,3.000000000000025,0.0,1.133,6709505.0,877761.0,5735.0,3.75,3.5,3.55,3.58,3.64,3090.0,3.63,3.6,3.7,114.0,3.63,-4.999999999999982,8.000000000000007,13.000000000000034,-2.0000000000000018,4352.0,0.536453685067027,0.06941278628025616,False,False,False,0,3032.588,3.032588,True
2026-05-12,3032588.0,3.65,3.6,3.69,4.0000000000000036,0.101,1.199,6709505.0,877761.0,5735.0,3.75,3.5,3.56,3.58,3.65,3097.0,3.63,3.6,3.7,118.0,3.63,-4.999999999999982,8.999999999999986,12.99999999999999,-2.0000000000000018,4352.0,0.536453685067027,0.06941278628025616,False,False,False,1,3032.588,3.032588,True
2026-05-13,3102810.0,3.65,3.59,3.68,3.000000000000025,0.002,3.719,6728502.0,838584.0,6002.0,3.75,3.5,3.55,3.58,3.64,3119.0,3.63,3.6,3.69,123.0,3.63,-6.000000000000005,9.00000000000003,13.000000000000034,-2.0000000000000018,4352.0,0.536453685067027,0.06941278628025616,False,False,False,2,3102.81,3.10281,True
2026-05-14,3102810.0,3.65,3.56,3.67,2.0000000000000018,0.0,2.034,6728502.0,838584.0,6002.0,3.75,3.5,3.53,3.55,3.62,3115.0,3.63,3.6,3.68,120.0,3.63,-8.999999999999986,10.999999999999988,14.000000000000012,-2.0000000000000018,4352.0,0.536453685067027,0.06941278628025616,False,False,False,3,3102.81,3.10281,True
2026-05-15,3102810.0,3.65,3.55,3.65,0.0,0.0,0.647,6728502.0,838584.0,6002.0,3.75,3.5,3.51,3.53,3.61,3157.0,3.63,3.6,3.68,123.0,3.62,-10.000000000000009,10.000000000000009,14.000000000000012,-2.0000000000000018,4352.0,0.536453685067027,0.06941278628025616,False,False,False,4,3102.81,3.10281,True
2026-05-16,3102810.0,3.65,,,,,,6728502.0,838584.0,6002.0,3.75,3.5,,,,,,,,,,,,,,4352.0,0.536453685067027,0.06941278628025616,False,False,False,5,3102.81,3.10281,False
2026-05-17,3102810.0,3.65,,,,,,6728502.0,838584.0,6002.0,3.75,3.5,,,,,,,,,,,,,,4352.0,0.536453685067027,0.06941278628025616,False,False,False,6,3102.81,3.10281,False
2026-05-18,3102810.0,3.65,3.53,3.62,-2.9999999999999805,0.001,7.193,6728502.0,838584.0,6002.0,3.75,3.5,3.5,3.52,3.58,3159.0,3.63,3.6,3.69,118.0,3.62,-12.00000000000001,9.00000000000003,12.00000000000001,-2.0000000000000018,4352.0,0.536453685067027,0.06941278628025616,False,False,False,0,3102.81,3.10281,True
2026-05-19,3102810.0,3.65,3.51,3.59,-6.000000000000005,0.001,12.911,6728502.0,838584.0,6002.0,3.75,3.5,3.48,3.51,3.54,3111.0,3.62,3.6,3.68,119.0,3.62,-14.000000000000012,8.000000000000007,10.999999999999988,-2.9999999999999805,4352.0,0.536453685067027,0.06941278628025616,False,False,False,1,3102.81,3.10281,True
2026-05-20,3129562.0,3.65,3.5,3.56,-8.999999999999986,0.003,24.867,6713643.0,781293.0,5599.0,3.75,3.5,3.46,3.5,3.52,3082.0,3.62,3.6,3.68,119.0,3.62,-14.999999999999991,6.000000000000005,10.000000000000009,-2.9999999999999805,4352.0,0.536453685067027,0.06941278628025616,False,False,False,2,3129.562,3.129562,True
2026-05-21,3129562.0,3.65,3.51,3.62,-2.9999999999999805,0.002,3.281,6713643.0,781293.0,5599.0,3.75,3.5,3.48,3.51,3.55,3077.0,3.62,3.59,3.68,120.0,3.61,-14.000000000000012,11.000000000000032,14.000000000000012,-2.9999999999999805,4352.0,0.536453685067027,0.06941278628025616,False,False,False,3,3129.562,3.129562,True
2026-05-22,3129562.0,3.65,3.55,3.65,0.0,0.0,0.965,6713643.0,781293.0,5599.0,3.75,3.5,3.51,3.53,3.61,3078.0,3.62,3.59,3.69,121.0,3.61,-10.000000000000009,10.000000000000009,14.000000000000012,-2.9999999999999805,4352.0,0.536453685067027,0.06941278628025616,False,False,False,4,3129.562,3.129562,True
2026-05-23,3129562.0,3.65,,,,,,6713643.0,781293.0,5599.0,3.75,3.5,,,,,,,,,,,,,,4352.0,0.536453685067027,0.06941278628025616,False,False,False,5,3129.562,3.129562,False
2026-05-24,3129562.0,3.65,,,,,,6713643.0,781293.0,5599.0,3.75,3.5,,,,,,,,,,,,,,4352.0,0.536453685067027,0.06941278628025616,False,False,False,6,3129.562,3.129562,False
2026-05-25,3129562.0,3.65,,,,,,6713643.0,781293.0,5599.0,3.75,3.5,,,,,,,,,,,,,,4352.0,0.536453685067027,0.06941278628025616,False,False,False,0,3129.562,3.129562,False
2026-05-26,3129562.0,3.65,3.63,3.72,7.000000000000028,0.016,1.787,6713643.0,781293.0,5599.0,3.75,3.5,3.56,3.61,3.69,3127.0,3.62,3.6,3.68,113.0,3.62,-2.0000000000000018,9.00000000000003,16.000000000000014,-2.9999999999999805,4352.0,0.536453685067027,0.06941278628025616,False,False,False,1,3129.562,3.129562,True
2026-05-27,3066560.0,3.65,3.63,3.73,8.000000000000007,0.051,1.853,6704383.0,830296.0,6362.0,3.75,3.5,3.6,3.62,3.69,3176.0,3.62,3.6,3.7,106.0,3.62,-2.0000000000000018,10.000000000000009,12.99999999999999,-2.9999999999999805,4352.0,0.536453685067027,0.06941278628025616,False,False,False,2,3066.56,3.06656,True
2026-05-28,3066560.0,3.65,3.62,3.72,7.000000000000028,0.0,1.163,6704383.0,830296.0,6362.0,3.75,3.5,3.58,3.6,3.68,3139.0,3.62,3.6,3.7,106.0,3.62,-2.9999999999999805,10.000000000000009,14.000000000000012,-2.9999999999999805,4352.0,0.536453685067027,0.06941278628025616,False,False,False,3,3066.56,3.06656,True
2026-05-29,3066560.0,3.65,3.63,3.72,7.000000000000028,0.003,11.677,6704383.0,830296.0,6362.0,3.75,3.5,3.58,3.61,3.69,3201.0,3.62,3.6,3.7,109.0,3.62,-2.0000000000000018,9.00000000000003,14.000000000000012,-2.9999999999999805,4352.0,0.536453685067027,0.06941278628025616,False,False,False,4,3066.56,3.06656,True
2026-05-30,3066560.0,3.65,,,,,,6704383.0,830296.0,6362.0,3.75,3.5,,,,,,,,,,,,,,4352.0,0.536453685067027,0.06941278628025616,False,False,False,5,3066.56,3.06656,False
2026-05-31,3066560.0,3.65,,,,,,6704383.0,830296.0,6362.0,3.75,3.5,,,,,,,,,,,,,,4352.0,0.536453685067027,0.06941278628025616,True,False,False,6,3066.56,3.06656,False
2026-06-01,3066560.0,3.65,3.65,3.74,9.00000000000003,0.0,1.302,6704383.0,830296.0,6362.0,3.75,3.5,3.6,3.63,3.71,3224.0,3.62,3.6,3.7,123.0,3.62,0.0,9.00000000000003,14.000000000000012,-2.9999999999999805,4352.0,0.536453685067027,0.06941278628025616,False,False,False,0,3066.56,3.06656,True
2026-06-02,3066560.0,3.65,3.63,3.71,6.000000000000005,0.004,2.502,6704383.0,830296.0,6362.0,3.75,3.5,3.59,3.61,3.68,3148.0,3.62,3.6,3.69,133.0,3.62,-2.0000000000000018,8.000000000000007,12.00000000000001,-2.9999999999999805,4352.0,0.536453685067027,0.06941278628025616,False,False,False,1,3066.56,3.06656,True
2026-06-03,3013902.0,3.65,3.61,3.7,5.000000000000027,0.002,2.062,6711495.0,875713.0,6072.0,3.75,3.5,3.58,3.59,3.67,3098.0,3.62,3.6,3.69,119.0,3.62,-4.0000000000000036,9.00000000000003,12.00000000000001,-2.9999999999999805,4352.0,0.536453685067027,0.06941278628025616,False,False,False,2,3013.902,3.013902,True
2026-06-04,3013902.0,3.65,3.62,3.7,5.000000000000027,0.001,1.122,6711495.0,875713.0,6072.0,3.75,3.5,3.58,3.59,3.67,3147.0,3.62,3.6,3.68,121.0,3.62,-2.9999999999999805,8.000000000000007,12.00000000000001,-2.9999999999999805,4352.0,0.536453685067027,0.06941278628025616,False,False,False,3,3013.902,3.013902,True
2026-06-05,3013902.0,3.65,3.63,3.71,6.000000000000005,0.002,0.761,6711495.0,875713.0,6072.0,3.75,3.5,3.58,3.61,3.68,3131.0,3.62,3.6,3.69,117.0,3.62,-2.0000000000000018,8.000000000000007,12.99999999999999,-2.9999999999999805,4352.0,0.536453685067027,0.06941278628025616,False,False,False,4,3013.902,3.013902,True
2026-06-06,3013902.0,3.65,,,,,,6711495.0,875713.0,6072.0,3.75,3.5,,,,,,,,,,,,,,4352.0,0.536453685067027,0.06941278628025616,False,False,False,5,3013.902,3.013902,False
2026-06-07,3013902.0,3.65,,,,,,6711495.0,875713.0,6072.0,3.75,3.5,,,,,,,,,,,,,,4352.0,0.536453685067027,0.06941278628025616,False,False,False,6,3013.902,3.013902,False
2026-06-08,3013902.0,3.65,3.63,3.71,6.000000000000005,0.0,1.832,6711495.0,875713.0,6072.0,3.75,3.5,3.57,3.61,3.68,3115.0,3.62,3.6,3.69,108.0,3.62,-2.0000000000000018,8.000000000000007,14.000000000000012,-2.9999999999999805,4352.0,0.536453685067027,0.06941278628025616,False,False,False,0,3013.902,3.013902,True
2026-06-09,3013902.0,3.65,3.6,3.69,4.0000000000000036,0.103,0.577,6711495.0,875713.0,6072.0,3.75,3.5,3.56,3.59,3.65,3063.0,3.62,3.6,3.7,106.0,3.62,-4.999999999999982,8.999999999999986,12.99999999999999,-2.9999999999999805,4352.0,0.536453685067027,0.06941278628025616,False,False,False,1,3013.902,3.013902,True
2026-06-10,3080723.0,3.65,3.59,3.67,2.0000000000000018,0.004,0.387,6725397.0,828122.0,6606.0,3.75,3.5,3.55,3.57,3.64,3023.0,3.62,3.6,3.69,106.0,3.62,-6.000000000000005,8.000000000000007,12.00000000000001,-2.9999999999999805,4352.0,0.536453685067027,0.06941278628025616,False,False,False,2,3080.723,3.080723,True
2026-06-11,3080723.0,3.65,3.6,3.7,5.000000000000027,0.001,0.46,6725397.0,828122.0,6606.0,3.75,3.5,3.57,3.58,3.66,3061.0,3.62,3.6,3.69,106.0,3.62,-4.999999999999982,10.000000000000009,13.000000000000034,-2.9999999999999805,4352.0,0.536453685067027,0.06941278628025616,False,False,False,3,3080.723,3.080723,True
2026-06-12,3080723.0,3.65,3.65,3.74,9.00000000000003,0.0,0.454,6725397.0,828122.0,6606.0,3.75,3.5,3.59,3.63,3.7,3059.0,3.62,3.6,3.7,110.0,3.62,0.0,9.00000000000003,15.000000000000036,-2.9999999999999805,4352.0,0.536453685067027,0.06941278628025616,False,False,False,4,3080.723,3.080723,True
2026-06-13,3080723.0,3.65,,,,,,6725397.0,828122.0,6606.0,3.75,3.5,,,,,,,,,,,,,,4352.0,0.536453685067027,0.06941278628025616,False,False,False,5,3080.723,3.080723,False
2026-06-14,3080723.0,3.65,,,,,,6725397.0,828122.0,6606.0,3.75,3.5,,,,,,,,,,,,,,4352.0,0.536453685067027,0.06941278628025616,False,False,False,6,3080.723,3.080723,False
2026-06-15,3080723.0,3.65,3.69,3.78,12.99999999999999,0.001,0.581,6725397.0,828122.0,6606.0,3.75,3.5,3.62,3.67,3.74,3147.0,3.63,3.6,3.7,102.0,3.63,4.0000000000000036,8.999999999999986,15.99999999999997,-2.0000000000000018,4352.0,0.536453685067027,0.06941278628025616,False,False,False,0,3080.723,3.080723,True
2026-06-16,3080723.0,3.65,3.63,3.72,7.000000000000028,0.011,10.721,6725397.0,828122.0,6606.0,3.75,3.5,3.6,3.61,3.69,3137.0,3.63,3.6,3.7,106.0,3.63,-2.0000000000000018,9.00000000000003,12.00000000000001,-2.0000000000000018,4352.0,0.536453685067027,0.06941278628025616,False,False,False,1,3080.723,3.080723,True
2026-06-17,3033444.0,3.65,3.63,3.71,6.000000000000005,0.002,6.828,6736424.0,880713.0,7572.0,3.75,3.5,3.59,3.61,3.68,3114.0,3.63,3.6,3.7,107.0,3.63,-2.0000000000000018,8.000000000000007,12.00000000000001,-2.0000000000000018,4352.0,0.536453685067027,0.06941278628025616,False,False,False,2,3033.444,3.033444,True
2026-06-18,3033444.0,3.65,3.62,3.7,5.000000000000027,0.001,0.251,6736424.0,880713.0,7572.0,3.75,3.5,3.58,3.6,3.67,3148.0,3.63,3.6,3.68,115.0,3.62,-2.9999999999999805,8.000000000000007,12.00000000000001,-2.0000000000000018,4352.0,0.536453685067027,0.06941278628025616,False,False,False,3,3033.444,3.033444,True
2026-06-19,3033444.0,3.65,,,,,,6736424.0,880713.0,7572.0,3.75,3.5,,,,,,,,,,,,,,4352.0,0.536453685067027,0.06941278628025616,False,False,False,4,3033.444,3.033444,False
2026-06-20,3033444.0,3.65,,,,,,6736424.0,880713.0,7572.0,3.75,3.5,,,,,,,,,,,,,,4352.0,0.536453685067027,0.06941278628025616,False,False,False,5,3033.444,3.033444,False
2026-06-21,3033444.0,3.65,,,,,,6736424.0,880713.0,7572.0,3.75,3.5,,,,,,,,,,,,,,4352.0,0.536453685067027,0.06941278628025616,False,False,False,6,3033.444,3.033444,False
2026-06-22,3033444.0,3.65,3.61,3.69,4.0000000000000036,0.0,3.925,6736424.0,880713.0,7572.0,3.75,3.5,3.57,3.59,3.67,3073.0,3.63,3.6,3.69,115.0,3.62,-4.0000000000000036,8.000000000000007,12.00000000000001,-2.0000000000000018,4352.0,0.536453685067027,0.06941278628025616,False,False,False,0,3033.444,3.033444,True
2026-06-23,3033444.0,3.65,3.62,3.7,5.000000000000027,0.0,6.484,6736424.0,880713.0,7572.0,3.75,3.5,3.55,3.6,3.67,3105.0,3.63,3.6,3.69,109.0,3.62,-2.9999999999999805,8.000000000000007,15.000000000000036,-2.0000000000000018,4352.0,0.536453685067027,0.06941278628025616,False,False,False,1,3033.444,3.033444,True
2026-06-24,2951416.0,3.65,3.62,3.71,6.000000000000005,0.004,4.534,6735645.0,918696.0,7894.0,3.75,3.5,3.57,3.61,3.68,3116.0,3.63,3.6,3.68,113.0,3.63,-2.9999999999999805,8.999999999999986,14.000000000000012,-2.0000000000000018,4352.0,0.536453685067027,0.06941278628025616,False,False,False,2,2951.416,2.951416,True
2026-06-25,2951416.0,3.65,3.64,3.74,9.00000000000003,0.001,5.718,6735645.0,918696.0,7894.0,3.75,3.5,3.58,3.62,3.69,3145.0,3.63,3.6,3.68,120.0,3.62,-0.9999999999999787,10.000000000000009,16.000000000000014,-2.0000000000000018,4352.0,0.536453685067027,0.06941278628025616,False,False,False,3,2951.416,2.951416,True
2026-06-26,2951416.0,3.65,3.62,3.7,5.000000000000027,0.0,6.426,6735645.0,918696.0,7894.0,3.75,3.5,3.58,3.6,3.67,3171.0,3.63,3.6,3.66,120.0,3.62,-2.9999999999999805,8.000000000000007,12.00000000000001,-2.0000000000000018,4352.0,0.536453685067027,0.06941278628025616,False,False,False,4,2951.416,2.951416,True
2026-06-27,2951416.0,3.65,,,,,,6735645.0,918696.0,7894.0,3.75,3.5,,,,,,,,,,,,,,4352.0,0.536453685067027,0.06941278628025616,False,False,False,5,2951.416,2.951416,False
2026-06-28,2951416.0,3.65,,,,,,6735645.0,918696.0,7894.0,3.75,3.5,,,,,,,,,,,,,,4352.0,0.536453685067027,0.06941278628025616,False,False,False,6,2951.416,2.951416,False
2026-06-29,2951416.0,3.65,3.62,3.71,6.000000000000005,0.0,3.546,6735645.0,918696.0,7894.0,3.75,3.5,3.58,3.6,3.68,3126.0,3.63,3.6,3.68,123.0,3.62,-2.9999999999999805,8.999999999999986,12.99999999999999,-2.0000000000000018,4352.0,0.536453685067027,0.06941278628025616,False,False,False,0,2951.416,2.951416,True
2026-06-30,2951416.0,3.65,3.68,3.8,14.999999999999991,0.0,26.9,6735645.0,918696.0,7894.0,3.75,3.5,3.61,3.64,3.73,3418.0,3.63,3.6,3.7,98.0,3.63,3.000000000000025,11.999999999999966,18.999999999999993,-2.0000000000000018,4352.0,0.536453685067027,0.06941278628025616,True,True,False,1,2951.416,2.951416,True
2026-07-01,2966897.0,3.65,3.66,3.73,8.000000000000007,0.001,1.001,6724564.0,880237.0,7778.0,3.75,3.5,3.61,3.63,3.71,3321.0,3.63,3.6,3.65,119.0,3.63,1.000000000000023,6.999999999999984,12.00000000000001,-2.0000000000000018,4352.0,0.536453685067027,0.06941278628025616,False,False,False,2,2966.897,2.966897,True
2026-07-02,2966897.0,3.65,3.64,3.72,7.000000000000028,0.0,2.175,6724564.0,880237.0,7778.0,3.75,3.5,3.6,3.62,3.7,3208.0,3.63,3.6,3.65,121.0,3.63,-0.9999999999999787,8.000000000000007,12.00000000000001,-2.0000000000000018,4352.0,0.536453685067027,0.06941278628025616,False,False,False,3,2966.897,2.966897,True
2026-07-03,2966897.0,3.65,,,,,,6724564.0,880237.0,7778.0,3.75,3.5,,,,,3.63,3.6,3.65,121.0,3.63,,,,-2.0000000000000018,4352.0,0.536453685067027,0.06941278628025616,False,False,False,4,2966.897,2.966897,False
2026-07-04,2966897.0,3.65,,,,,,6724564.0,880237.0,7778.0,3.75,3.5,,,,,,,,,,,,,,4352.0,0.536453685067027,0.06941278628025616,False,False,False,5,2966.897,2.966897,False
2026-07-05,2966897.0,3.65,,,,,,6724564.0,880237.0,7778.0,3.75,3.5,,,,,,,,,,,,,,4352.0,0.536453685067027,0.06941278628025616,False,False,False,6,2966.897,2.966897,False
2026-07-06,2966897.0,3.65,3.63,3.71,6.000000000000005,0.001,2.719,6724564.0,880237.0,7778.0,3.75,3.5,3.58,3.61,3.68,3212.0,3.63,3.6,3.65,117.0,3.62,-2.0000000000000018,8.000000000000007,12.99999999999999,-2.0000000000000018,4352.0,0.536453685067027,0.06941278628025616,False,False,False,0,2966.897,2.966897,True
2026-07-07,2966897.0,3.65,3.62,3.71,6.000000000000005,0.001,4.484,6724564.0,880237.0,7778.0,3.75,3.5,3.58,3.6,3.67,3154.0,3.63,3.6,3.64,117.0,3.62,-2.9999999999999805,8.999999999999986,12.99999999999999,-2.0000000000000018,4352.0,0.536453685067027,0.06941278628025616,False,False,False,1,2966.897,2.966897,True
2026-07-08,3098911.0,3.65,3.58,3.67,2.0000000000000018,0.0,3.347,6735609.0,774062.0,5771.0,3.75,3.5,3.55,3.57,3.64,3158.0,3.62,3.6,3.65,131.0,3.62,-6.999999999999984,8.999999999999986,12.00000000000001,-2.9999999999999805,4352.0,0.536453685067027,0.06941278628025616,False,False,False,2,3098.911,3.098911,True
2026-07-09,3098911.0,3.65,3.53,3.65,0.0,0.0,5.772,6735609.0,774062.0,5771.0,3.75,3.5,3.5,3.51,3.57,3126.0,3.62,3.6,3.64,126.0,3.62,-12.00000000000001,12.00000000000001,14.999999999999991,-2.9999999999999805,4352.0,0.536453685067027,0.06941278628025616,False,False,False,3,3098.911,3.098911,True
2026-07-10,3098911.0,3.65,3.55,3.67,2.0000000000000018,0.0,0.545,6735609.0,774062.0,5771.0,3.75,3.5,3.51,3.52,3.6,3056.0,3.62,3.6,3.64,126.0,3.62,-10.000000000000009,12.00000000000001,16.000000000000014,-2.9999999999999805,4352.0,0.536453685067027,0.06941278628025616,False,False,False,4,3098.911,3.098911,True
2026-07-11,3098911.0,3.65,,,,,,6735609.0,774062.0,5771.0,3.75,3.5,,,,,,,,,,,,,,4352.0,0.536453685067027,0.06941278628025616,False,False,False,5,3098.911,3.098911,False
2026-07-12,3098911.0,3.65,,,,,,6735609.0,774062.0,5771.0,3.75,3.5,,,,,,,,,,,,,,4352.0,0.536453685067027,0.06941278628025616,False,False,False,6,3098.911,3.098911,False
2026-07-13,3098911.0,3.65,3.6,3.69,4.0000000000000036,0.0,0.795,6735609.0,774062.0,5771.0,3.75,3.5,3.55,3.58,3.65,3096.0,3.62,3.6,3.64,112.0,3.62,-4.999999999999982,8.999999999999986,14.000000000000012,-2.9999999999999805,4352.0,0.536453685067027,0.06941278628025616,False,False,False,0,3098.911,3.098911,True
2026-07-14,3098911.0,3.65,3.63,3.72,7.000000000000028,0.101,0.278,6735609.0,774062.0,5771.0,3.75,3.5,3.55,3.62,3.69,3092.0,3.63,3.6,3.65,111.0,3.63,-2.0000000000000018,9.00000000000003,17.000000000000036,-2.0000000000000018,4352.0,0.536453685067027,0.06941278628025616,False,False,False,1,3098.911,3.098911,True
2026-07-15,3142721.0,3.65,3.64,3.73,8.000000000000007,0.102,0.151,6743028.0,756218.0,4755.0,3.75,3.5,3.58,3.62,3.7,3104.0,3.63,3.6,3.65,109.0,3.63,-0.9999999999999787,8.999999999999986,14.999999999999991,-2.0000000000000018,4352.0,0.536453685067027,0.06941278628025616,False,False,False,2,3142.721,3.142721,True
2026-07-16,3142721.0,3.65,3.62,3.7,5.000000000000027,0.0,0.125,6743028.0,756218.0,4755.0,3.75,3.5,3.58,3.59,3.67,3038.0,3.63,3.6,3.65,113.0,3.62,-2.9999999999999805,8.000000000000007,12.00000000000001,-2.0000000000000018,4352.0,0.536453685067027,0.06941278628025616,False,False,False,3,3142.721,3.142721,True
2026-07-17,3142721.0,3.65,3.59,3.67,2.0000000000000018,0.0,0.1,6743028.0,756218.0,4755.0,3.75,3.5,3.55,3.56,3.64,3030.0,3.63,3.6,3.68,111.0,3.62,-6.000000000000005,8.000000000000007,12.00000000000001,-2.0000000000000018,4352.0,0.536453685067027,0.06941278628025616,False,False,False,4,3142.721,3.142721,True
2026-07-18,3142721.0,3.65,,,,,,6743028.0,756218.0,4755.0,3.75,3.5,,,,,,,,,,,,,,4352.0,0.536453685067027,0.06941278628025616,False,False,False,5,3142.721,3.142721,False
2026-07-19,3142721.0,3.65,,,,,,6743028.0,756218.0,4755.0,3.75,3.5,,,,,,,,,,,,,,4352.0,0.536453685067027,0.06941278628025616,False,False,False,6,3142.721,3.142721,False
2026-07-20,3142721.0,3.65,3.57,3.66,1.000000000000023,0.0,0.03,6743028.0,756218.0,4755.0,3.75,3.5,3.54,3.54,3.62,3012.0,3.63,3.6,3.68,106.0,3.62,-8.000000000000007,9.00000000000003,12.00000000000001,-2.0000000000000018,4352.0,0.536453685067027,0.06941278628025616,False,False,False,0,3142.721,3.142721,True
2026-07-21,3142721.0,3.65,3.61,3.69,4.0000000000000036,0.0,0.275,6743028.0,756218.0,4755.0,3.75,3.5,3.56,3.58,3.66,2975.0,3.63,3.6,3.66,106.0,3.63,-4.0000000000000036,8.000000000000007,12.99999999999999,-2.0000000000000018,4352.0,0.536453685067027,0.06941278628025616,False,False,False,1,3142.721,3.142721,True
2026-07-22,3062149.0,3.65,3.62,3.7,5.000000000000027,0.0,0.376,6747378.0,829623.0,4885.0,3.75,3.5,3.56,3.6,3.67,3026.0,3.63,3.6,3.66,102.0,3.63,-2.9999999999999805,8.000000000000007,14.000000000000012,-2.0000000000000018,4352.0,0.536453685067027,0.06941278628025616,False,False,False,2,3062.149,3.062149,True
2026-07-23,3062149.0,3.65,3.64,3.72,7.000000000000028,0.003,0.904,6747378.0,829623.0,4885.0,3.75,3.5,3.58,3.62,3.7,2971.0,3.63,3.6,3.67,104.0,3.63,-0.9999999999999787,8.000000000000007,14.000000000000012,-2.0000000000000018,4352.0,0.536453685067027,0.06941278628025616,False,False,False,3,3062.149,3.062149,True
2026-07-24,3062149.0,3.65,3.64,3.72,7.000000000000028,0.001,0.675,6747378.0,829623.0,4885.0,3.75,3.5,3.59,3.62,3.69,2979.0,3.63,3.6,3.68,106.0,3.63,-0.9999999999999787,8.000000000000007,13.000000000000034,-2.0000000000000018,4352.0,0.536453685067027,0.06941278628025616,False,False,False,4,3062.149,3.062149,True
2026-07-25,3062149.0,3.65,,,,,,6747378.0,829623.0,4885.0,3.75,3.5,,,,,,,,,,,,,,4352.0,0.536453685067027,0.06941278628025616,False,False,False,5,3062.149,3.062149,False
2026-07-26,3062149.0,3.65,,,,,,6747378.0,829623.0,4885.0,3.75,3.5,,,,,,,,,,,,,,4352.0,0.536453685067027,0.06941278628025616,False,False,False,6,3062.149,3.062149,False
2026-07-27,3062149.0,3.65,3.64,3.72,7.000000000000028,0.01,1.38,6747378.0,829623.0,4885.0,3.75,3.5,3.59,3.62,3.68,2953.0,3.63,3.6,3.69,104.0,3.63,-0.9999999999999787,8.000000000000007,13.000000000000034,-2.0000000000000018,4352.0,0.536453685067027,0.06941278628025616,False,False,False,0,3062.149,3.062149,True
2026-07-28,3062149.0,3.65,3.65,3.74,9.00000000000003,0.004,1.126,6747378.0,829623.0,4885.0,3.75,3.5,3.6,3.64,3.71,2977.0,3.63,3.6,3.68,106.0,3.63,0.0,9.00000000000003,14.000000000000012,-2.0000000000000018,4352.0,0.536453685067027,0.06941278628025616,False,False,False,1,3062.149,3.062149,True
2026-07-29,2984570.0,3.65,3.65,3.74,9.00000000000003,0.001,2.576,6738190.0,910776.0,6506.0,3.75,3.5,3.6,3.64,3.7,3032.0,3.63,3.6,3.69,101.0,3.63,0.0,9.00000000000003,14.000000000000012,-2.0000000000000018,4352.0,0.536453685067027,0.06941278628025616,False,False,False,2,2984.57,2.98457,True
2026-07-30,2984570.0,3.65,3.65,3.73,8.000000000000007,0.003,1.076,6738190.0,910776.0,6506.0,3.75,3.5,3.6,3.63,3.7,3011.0,3.63,3.6,3.68,121.0,3.63,0.0,8.000000000000007,12.99999999999999,-2.0000000000000018,4352.0,0.536453685067027,0.06941278628025616,False,False,False,3,2984.57,2.98457,True
2026-07-31,2984570.0,3.65,3.66,3.75,10.000000000000009,0.0,2.151,6738190.0,910776.0,6506.0,3.75,3.5,3.6,3.64,3.72,3205.0,3.63,3.6,3.69,108.0,3.63,1.000000000000023,8.999999999999986,14.999999999999991,-2.0000000000000018,4352.0,0.536453685067027,0.06941278628025616,True,False,False,4,2984.57,2.98457,True
2026-08-01,2984570.0,3.65,,,,,,6738190.0,910776.0,6506.0,3.75,3.5,,,,,,,,,,,,,,4352.0,0.536453685067027,0.06941278628025616,False,False,False,5,2984.57,2.98457,False
2026-08-02,2984570.0,3.65,,,,,,6738190.0,910776.0,6506.0,3.75,3.5,,,,,,,,,,,,,,4352.0,0.536453685067027,0.06941278628025616,False,False,False,6,2984.57,2.98457,False
2026-08-03,2984570.0,3.65,3.65,3.73,8.000000000000007,0.0,2.127,6738190.0,910776.0,6506.0,3.75,3.5,3.61,3.63,3.7,3055.0,3.63,3.6,3.68,111.0,3.63,0.0,8.000000000000007,12.00000000000001,-2.0000000000000018,4352.0,0.536453685067027,0.06941278628025616,False,False,False,0,2984.57,2.98457,True
2026-08-04,2984570.0,3.65,3.66,3.74,9.00000000000003,0.001,2.251,6738190.0,910776.0,6506.0,3.75,3.5,3.6,3.64,3.71,3036.0,3.63,3.6,3.68,117.0,3.63,1.000000000000023,8.000000000000007,14.000000000000012,-2.0000000000000018,4352.0,0.536453685067027,0.06941278628025616,False,False,False,1,2984.57,2.98457,True
